timestamp,predictions_seconds
45595,108.89418029785156
45595,130.3620147705078
45595,126.0730972290039
45595,157.2696990966797
45595,225.02500915527344
45595,152.891357421875
45595,164.57252502441406
45595,150.2006378173828
45595,161.2548065185547
45595,171.01107788085938
46595,396.2544250488281
46595,416.37945556640625
46595,425.1528625488281
46595,427.04022216796875
46595,428.61749267578125
46595,417.9411315917969
46595,424.6564025878906
46595,415.28326416015625
46595,412.1608581542969
46595,408.42340087890625
47595,377.19183349609375
47595,385.8425598144531
47595,403.7087707519531
47595,409.3575744628906
47595,415.3387451171875
47595,420.4645080566406
47595,425.3457336425781
47595,430.66729736328125
47595,427.0527648925781
47595,426.4279479980469
48595,440.4578857421875
48595,440.8080749511719
48595,438.2918701171875
48595,436.9383850097656
48595,435.2207336425781
48595,435.7921142578125
48595,437.5063171386719
48595,436.1589050292969
48595,438.8524169921875
48595,438.5429382324219
49595,437.5465087890625
49595,438.89801025390625
49595,438.3740539550781
49595,438.61248779296875
49595,437.640380859375
49595,435.8729553222656
49595,437.3564758300781
49595,437.2021789550781
49595,437.5553894042969
49595,438.3101806640625
50595,440.3990783691406
50595,441.230224609375
50595,440.19049072265625
50595,440.84429931640625
50595,440.7005615234375
50595,439.5462951660156
50595,439.3527526855469
50595,439.3569030761719
50595,439.3703918457031
50595,440.2206115722656
51595,435.779296875
51595,436.67388916015625
51595,435.82049560546875
51595,436.4389343261719
51595,433.6860046386719
51595,432.4712829589844
51595,433.6702575683594
51595,433.86907958984375
51595,435.728515625
51595,435.7569580078125
52595,433.09820556640625
52595,431.81610107421875
52595,431.7255859375
52595,432.1629943847656
52595,430.7058410644531
52595,429.2642517089844
52595,428.77447509765625
52595,429.7740173339844
52595,430.9009094238281
52595,432.74884033203125
53595,423.30511474609375
53595,424.21875
53595,424.47564697265625
53595,425.025390625
53595,423.4002380371094
53595,422.2102966308594
53595,422.35882568359375
53595,422.8883972167969
53595,423.47467041015625
53595,423.3804931640625
54595,429.8574523925781
54595,430.5574951171875
54595,429.7589111328125
54595,429.6549072265625
54595,428.1580505371094
54595,427.43731689453125
54595,427.175048828125
54595,427.1986083984375
54595,428.8613586425781
54595,429.2545166015625
55595,424.8775634765625
55595,427.672607421875
55595,432.2347717285156
55595,434.6058044433594
55595,433.87872314453125
55595,432.2908020019531
55595,433.935546875
55595,428.95452880859375
55595,427.4593200683594
55595,423.02490234375
56595,386.166015625
56595,386.4738464355469
56595,390.14447021484375
56595,392.11737060546875
56595,391.0246887207031
56595,389.7445068359375
56595,390.1269836425781
56595,392.3274230957031
56595,388.1836853027344
56595,384.99774169921875
57595,408.6023864746094
57595,408.0115966796875
57595,408.6265563964844
57595,407.99609375
57595,406.445556640625
57595,405.781494140625
57595,406.42803955078125
57595,406.594970703125
57595,406.7514343261719
57595,407.3380126953125
58595,410.0710754394531
58595,413.3824157714844
58595,415.950927734375
58595,415.7689208984375
58595,413.7604675292969
58595,412.7652587890625
58595,415.1996154785156
58595,411.54290771484375
58595,412.48016357421875
58595,410.6797790527344
59595,412.78680419921875
59595,412.0899658203125
59595,414.28289794921875
59595,413.8398742675781
59595,410.101318359375
59595,408.5703125
59595,409.60101318359375
59595,410.6710205078125
59595,412.3480529785156
59595,410.9476013183594
60595,400.0226135253906
60595,399.75048828125
60595,402.1636657714844
60595,402.41595458984375
60595,400.7565612792969
60595,400.5323486328125
60595,400.402099609375
60595,401.89031982421875
60595,399.15826416015625
60595,398.56109619140625
61595,394.71185302734375
61595,394.6883544921875
61595,395.8184509277344
61595,397.6181335449219
61595,399.8993225097656
61595,399.4793701171875
61595,400.903076171875
61595,397.2781677246094
61595,395.3726806640625
61595,392.5472412109375
62595,372.8446350097656
62595,375.27093505859375
62595,377.4140319824219
62595,377.4281005859375
62595,376.3741760253906
62595,376.4052734375
62595,376.42828369140625
62595,376.218017578125
62595,374.4844055175781
62595,373.316650390625
63595,388.5982971191406
63595,387.1473083496094
63595,386.18133544921875
63595,385.55206298828125
63595,385.33282470703125
63595,386.1340026855469
63595,385.7151794433594
63595,387.56884765625
63595,385.5955810546875
63595,385.57421875
64595,385.93524169921875
64595,384.8811950683594
64595,384.3730773925781
64595,382.7114562988281
64595,380.3130187988281
64595,380.7870788574219
64595,381.30462646484375
64595,384.2332458496094
64595,383.49566650390625
64595,383.6597900390625
65595,380.67889404296875
65595,378.6740417480469
65595,379.0718078613281
65595,378.8261413574219
65595,378.3306884765625
65595,379.51556396484375
65595,378.0141296386719
65595,381.0162048339844
65595,378.32373046875
65595,377.6474914550781
66595,384.73040771484375
66595,385.67303466796875
66595,386.1073303222656
66595,386.768310546875
66595,385.2369689941406
66595,384.16949462890625
66595,384.1895751953125
66595,384.1060485839844
66595,385.266845703125
66595,385.8410949707031
67595,381.8739013671875
67595,382.86273193359375
67595,382.8737487792969
67595,381.76318359375
67595,381.2796325683594
67595,382.9953918457031
67595,383.8327331542969
67595,381.9892883300781
67595,381.61468505859375
67595,379.86383056640625
68595,379.6206359863281
68595,379.2629089355469
68595,380.532958984375
68595,381.7904357910156
68595,379.6806335449219
68595,379.24029541015625
68595,378.69573974609375
68595,379.3969421386719
68595,379.14385986328125
68595,378.5474853515625
69595,369.176025390625
69595,368.2913513183594
69595,369.7098693847656
69595,369.1906433105469
69595,369.5403747558594
69595,369.8739013671875
69595,368.7936096191406
69595,369.7782897949219
69595,367.5826416015625
69595,367.4214172363281
70595,379.05279541015625
70595,378.3520202636719
70595,377.6656494140625
70595,377.2725524902344
70595,375.98907470703125
70595,376.18890380859375
70595,376.3249206542969
70595,376.9495849609375
70595,377.19207763671875
70595,378.2174987792969
71595,377.3293762207031
71595,375.865478515625
71595,375.82861328125
71595,376.51849365234375
71595,375.882080078125
71595,375.96868896484375
71595,375.9651184082031
71595,375.3536376953125
71595,375.9988098144531
71595,375.0949401855469
72595,379.37933349609375
72595,380.61993408203125
72595,381.0257568359375
72595,381.6329345703125
72595,380.3551025390625
72595,380.0089416503906
72595,380.4153137207031
72595,378.9332275390625
72595,379.88702392578125
72595,379.6309814453125
73595,371.76800537109375
73595,371.34503173828125
73595,371.9145812988281
73595,371.9805908203125
73595,372.0500793457031
73595,370.279541015625
73595,370.5002136230469
73595,372.36846923828125
73595,370.8150939941406
73595,371.9259033203125
74595,368.6893615722656
74595,368.4812316894531
74595,366.5894775390625
74595,365.5374450683594
74595,365.6182861328125
74595,367.38262939453125
74595,367.40509033203125
74595,368.0929870605469
74595,366.94940185546875
74595,367.1667175292969
75595,369.57098388671875
75595,370.06951904296875
75595,370.00372314453125
75595,369.1625061035156
75595,368.59539794921875
75595,369.8699645996094
75595,370.2517395019531
75595,369.20159912109375
75595,369.254638671875
75595,369.0666809082031
76595,372.2989501953125
76595,373.27679443359375
76595,373.2030944824219
76595,373.1403503417969
76595,371.41534423828125
76595,370.7993469238281
76595,371.4000244140625
76595,371.88665771484375
76595,372.5822448730469
76595,372.576171875
77595,370.241455078125
77595,368.75848388671875
77595,368.40679931640625
77595,368.37750244140625
77595,367.039306640625
77595,365.0693359375
77595,366.0827331542969
77595,368.31396484375
77595,369.2637634277344
77595,370.1481018066406
78595,370.30328369140625
78595,370.0489196777344
78595,370.5477600097656
78595,371.260009765625
78595,370.9990234375
78595,370.6540832519531
78595,371.0818176269531
78595,369.9662780761719
78595,369.83087158203125
78595,369.4209899902344
79595,366.1869812011719
79595,366.3900451660156
79595,367.29290771484375
79595,368.48236083984375
79595,366.77093505859375
79595,365.3742980957031
79595,364.9543762207031
79595,366.1015930175781
79595,365.72943115234375
79595,367.540771484375
80595,362.4013366699219
80595,361.6514892578125
80595,363.1068420410156
80595,362.97637939453125
80595,363.8792724609375
80595,363.6456604003906
80595,363.33453369140625
80595,363.1197814941406
80595,360.7418212890625
80595,360.8656311035156
81595,364.44073486328125
81595,363.50830078125
81595,363.9398193359375
81595,362.84881591796875
81595,361.6379699707031
81595,361.7563171386719
81595,362.32879638671875
81595,362.6380615234375
81595,363.063720703125
81595,364.3133544921875
82595,357.29669189453125
82595,356.6099853515625
82595,358.4673156738281
82595,359.4814758300781
82595,359.91680908203125
82595,358.6722106933594
82595,359.0256042480469
82595,358.3502502441406
82595,356.9879150390625
82595,356.92108154296875
83595,363.59844970703125
83595,363.1908264160156
83595,364.7928161621094
83595,365.31591796875
83595,364.156494140625
83595,363.0489501953125
83595,362.89013671875
83595,362.9867858886719
83595,362.99664306640625
83595,363.3236389160156
84595,354.30194091796875
84595,355.19903564453125
84595,355.71142578125
84595,357.37249755859375
84595,357.642333984375
84595,355.8326721191406
84595,356.0
84595,354.7001647949219
84595,355.0741271972656
84595,355.2151184082031
85595,362.0247497558594
85595,361.49737548828125
85595,362.3614196777344
85595,363.1347351074219
85595,364.18115234375
85595,364.31854248046875
85595,364.1468811035156
85595,363.3839111328125
85595,360.94036865234375
85595,359.5496826171875
86595,344.8649597167969
86595,345.0954284667969
86595,346.30078125
86595,346.5614013671875
86595,347.770751953125
86595,347.4527282714844
86595,348.7106018066406
86595,347.3288269042969
86595,345.6193542480469
86595,342.85723876953125
87595,331.3934020996094
87595,331.55731201171875
87595,333.7024230957031
87595,334.6826171875
87595,335.2625732421875
87595,334.70928955078125
87595,334.5489501953125
87595,335.1268615722656
87595,331.9978332519531
87595,329.32244873046875
88595,351.6665954589844
88595,351.9342346191406
88595,351.7022399902344
88595,352.8155517578125
88595,351.1257019042969
88595,351.0901184082031
88595,350.74346923828125
88595,351.1435546875
88595,350.933837890625
88595,349.442138671875
89595,343.13763427734375
89595,342.57794189453125
89595,342.4162292480469
89595,341.388916015625
89595,342.30322265625
89595,344.052734375
89595,343.26300048828125
89595,342.49920654296875
89595,341.1248474121094
89595,340.95794677734375
90595,345.6129455566406
90595,346.2666320800781
90595,346.70220947265625
90595,347.04022216796875
90595,345.35968017578125
90595,344.1639709472656
90595,345.0255432128906
90595,343.1748352050781
90595,346.4494934082031
90595,345.96282958984375
91595,352.0138244628906
91595,354.1573181152344
91595,354.1916809082031
91595,354.4309997558594
91595,353.41241455078125
91595,353.9237365722656
91595,354.25653076171875
91595,351.3293151855469
91595,352.6015319824219
91595,351.04632568359375
92595,352.40374755859375
92595,350.6475830078125
92595,349.74224853515625
92595,351.6542053222656
92595,352.6634826660156
92595,353.1732482910156
92595,351.6756591796875
92595,350.7095031738281
92595,349.82391357421875
92595,349.2655944824219
93595,346.97607421875
93595,346.0051574707031
93595,346.92999267578125
93595,347.1195068359375
93595,347.496826171875
93595,347.1471252441406
93595,347.478515625
93595,347.3260803222656
93595,346.330810546875
93595,345.637451171875
94595,345.99334716796875
94595,344.8996887207031
94595,343.03729248046875
94595,340.0571594238281
94595,341.2654724121094
94595,343.5490417480469
94595,343.85546875
94595,346.0089416503906
94595,342.3132019042969
94595,346.8026428222656
95595,316.8208923339844
95595,317.4817810058594
95595,316.0234069824219
95595,316.244873046875
95595,317.98394775390625
95595,319.7073059082031
95595,320.6288146972656
95595,319.09765625
95595,317.2997131347656
95595,316.3713684082031
96595,329.01007080078125
96595,330.64703369140625
96595,330.9023742675781
96595,330.14239501953125
96595,330.200927734375
96595,330.6692199707031
96595,330.873779296875
96595,330.42303466796875
96595,329.502685546875
96595,329.1366882324219
97595,325.9201354980469
97595,327.9760437011719
97595,330.3401184082031
97595,331.65692138671875
97595,331.5244445800781
97595,328.41326904296875
97595,329.5269470214844
97595,329.1033935546875
97595,328.41021728515625
97595,327.003662109375
98595,335.10693359375
98595,333.9139404296875
98595,335.8998107910156
98595,336.2759704589844
98595,335.9402770996094
98595,333.3490905761719
98595,333.34271240234375
98595,334.29296875
98595,334.2440490722656
98595,333.98712158203125
99595,330.71295166015625
99595,329.6358642578125
99595,331.12274169921875
99595,329.9060974121094
99595,329.01239013671875
99595,330.103759765625
99595,329.97174072265625
99595,330.5978088378906
99595,328.8689880371094
99595,327.830078125
100595,335.6404113769531
100595,336.57403564453125
100595,336.9239196777344
100595,335.5588073730469
100595,335.8953857421875
100595,336.0770263671875
100595,336.8971252441406
100595,335.6003112792969
100595,335.13262939453125
100595,335.30474853515625
101595,328.1773376464844
101595,327.5362854003906
101595,327.8300476074219
101595,328.3948974609375
101595,329.32952880859375
101595,328.3225402832031
101595,328.25390625
101595,327.128662109375
101595,328.2159423828125
101595,328.68414306640625
102595,318.7223815917969
102595,321.096923828125
102595,320.7064514160156
102595,318.8392333984375
102595,319.0655517578125
102595,320.1505432128906
102595,321.02081298828125
102595,318.8515625
102595,319.9501953125
102595,317.8398132324219
103595,317.9124755859375
103595,316.3961181640625
103595,316.23291015625
103595,315.2157897949219
103595,316.5445556640625
103595,317.88525390625
103595,316.7681579589844
103595,317.691162109375
103595,316.2818298339844
103595,315.8860778808594
104595,304.5806579589844
104595,306.3638916015625
104595,307.6033630371094
104595,308.3332824707031
104595,309.22900390625
104595,309.07366943359375
104595,309.43701171875
104595,307.15325927734375
104595,305.8533630371094
104595,303.34515380859375
105595,327.7919921875
105595,328.186767578125
105595,327.1802673339844
105595,328.3450012207031
105595,329.3073425292969
105595,330.5879821777344
105595,330.6684875488281
105595,328.57476806640625
105595,327.0765380859375
105595,325.4567565917969
106595,318.3870544433594
106595,319.5154113769531
106595,317.6634826660156
106595,317.54425048828125
106595,317.99896240234375
106595,319.3485107421875
106595,320.67828369140625
106595,316.8682556152344
106595,319.2179870605469
106595,317.3218078613281
107595,296.53375244140625
107595,294.3557434082031
107595,292.9197998046875
107595,291.7241516113281
107595,294.82891845703125
107595,299.519775390625
107595,297.9588928222656
107595,298.9852600097656
107595,294.5228576660156
107595,294.3671569824219
108595,268.5125732421875
108595,270.4960021972656
108595,277.51885986328125
108595,281.5188903808594
108595,286.8024597167969
108595,290.0169677734375
108595,289.0785217285156
108595,289.6552734375
108595,283.63360595703125
108595,280.6851806640625
109595,286.90435791015625
109595,287.34930419921875
109595,285.6744689941406
109595,287.40496826171875
109595,285.8613586425781
109595,286.6702880859375
109595,290.12689208984375
109595,286.80792236328125
109595,288.7922668457031
109595,283.8920593261719
110595,292.3319396972656
110595,297.056640625
110595,299.1400146484375
110595,294.503173828125
110595,290.9081726074219
110595,291.869140625
110595,296.3851623535156
110595,294.90826416015625
110595,294.723388671875
110595,292.6646423339844
111595,296.8224792480469
111595,301.4883117675781
111595,303.04400634765625
111595,299.800048828125
111595,298.84552001953125
111595,300.4523620605469
111595,302.5091857910156
111595,299.72216796875
111595,298.19805908203125
111595,296.2106018066406
112595,313.8685302734375
112595,314.4428405761719
112595,317.4067687988281
112595,320.6692810058594
112595,322.6365051269531
112595,323.77801513671875
112595,321.07757568359375
112595,316.3301086425781
112595,312.485595703125
112595,309.1838684082031
113595,307.2725524902344
113595,304.9422607421875
113595,298.79595947265625
113595,300.87841796875
113595,303.8411865234375
113595,302.3475036621094
113595,301.89910888671875
113595,305.457763671875
113595,306.29925537109375
113595,309.0189514160156
114595,299.1232604980469
114595,297.5712585449219
114595,297.7181091308594
114595,298.7032470703125
114595,299.2966003417969
114595,298.1551513671875
114595,300.7294921875
114595,300.5902404785156
114595,300.2333984375
114595,297.8875427246094
115595,306.21197509765625
115595,304.502685546875
115595,301.531494140625
115595,301.6531677246094
115595,304.8665466308594
115595,308.2292785644531
115595,305.22259521484375
115595,301.0892333984375
115595,302.14178466796875
115595,304.1189880371094
116595,290.20343017578125
116595,292.8953552246094
116595,293.7528076171875
116595,286.2669677734375
116595,282.3885803222656
116595,284.4223327636719
116595,289.9088134765625
116595,288.2144775390625
116595,290.5878601074219
116595,288.1151123046875
117595,311.3708801269531
117595,306.8446350097656
117595,305.6861877441406
117595,302.5257263183594
117595,300.2300109863281
117595,301.8751220703125
117595,301.38409423828125
117595,304.61846923828125
117595,305.9176330566406
117595,308.05352783203125
118595,294.45257568359375
118595,302.0586242675781
118595,299.24114990234375
118595,306.0230712890625
118595,309.12548828125
118595,309.9313049316406
118595,311.32421875
118595,301.24273681640625
118595,300.4482421875
118595,294.62432861328125
119595,305.5326232910156
119595,302.61712646484375
119595,304.1596374511719
119595,302.62506103515625
119595,307.7079772949219
119595,308.0402526855469
119595,305.0959167480469
119595,308.3216247558594
119595,301.4198913574219
119595,303.8366394042969
120595,275.9732666015625
120595,279.98089599609375
120595,288.51165771484375
120595,291.75506591796875
120595,289.38153076171875
120595,282.6699523925781
120595,285.7149658203125
120595,283.3131103515625
120595,282.4347839355469
120595,277.2449645996094
121595,288.1537170410156
121595,288.6478576660156
121595,290.000244140625
121595,287.4554138183594
121595,285.974609375
121595,285.8073425292969
121595,289.2331848144531
121595,287.6241149902344
121595,290.6181945800781
121595,288.75384521484375
122595,289.5426025390625
122595,293.0071105957031
122595,293.8486328125
122595,297.6558837890625
122595,300.2995300292969
122595,295.10906982421875
122595,295.63446044921875
122595,298.8824462890625
122595,291.48382568359375
122595,291.0858154296875
123595,292.3766174316406
123595,290.9779357910156
123595,287.20538330078125
123595,286.5970153808594
123595,290.7082824707031
123595,292.7466735839844
123595,290.570556640625
123595,288.32373046875
123595,288.23724365234375
123595,289.2161865234375
124595,283.9939270019531
124595,286.1606140136719
124595,285.80145263671875
124595,282.9713439941406
124595,282.906982421875
124595,284.2259826660156
124595,284.3684997558594
124595,280.8670959472656
124595,283.8409729003906
124595,284.3595886230469
125595,269.9411926269531
125595,270.51171875
125595,268.85870361328125
125595,274.15545654296875
125595,279.18670654296875
125595,278.2221374511719
125595,278.9541015625
125595,276.00360107421875
125595,271.0774841308594
125595,267.8885498046875
126595,286.1694641113281
126595,283.45135498046875
126595,285.7733459472656
126595,287.0971984863281
126595,291.0123291015625
126595,290.8534240722656
126595,287.961181640625
126595,287.728759765625
126595,283.68658447265625
126595,282.9394226074219
127595,301.78546142578125
127595,299.4815673828125
127595,297.199462890625
127595,296.2406311035156
127595,300.35430908203125
127595,301.9660339355469
127595,301.3974304199219
127595,298.47967529296875
127595,297.7589416503906
127595,299.2268371582031
128595,292.9190368652344
128595,289.5414123535156
128595,289.6719665527344
128595,289.6980895996094
128595,289.3316345214844
128595,289.2840881347656
128595,288.9314880371094
128595,290.122314453125
128595,290.7388000488281
128595,288.9921875
129595,278.4153137207031
129595,283.8105163574219
129595,290.703857421875
129595,292.45550537109375
129595,291.3056640625
129595,287.72772216796875
129595,289.7121276855469
129595,284.436767578125
129595,284.0089111328125
129595,280.8002014160156
130595,291.896728515625
130595,287.1153869628906
130595,285.47027587890625
130595,281.7848205566406
130595,283.7757263183594
130595,285.7521057128906
130595,285.489990234375
130595,286.6961975097656
130595,286.8343811035156
130595,287.70892333984375
131595,289.0150451660156
131595,288.2489929199219
131595,291.3363037109375
131595,291.01751708984375
131595,288.1322021484375
131595,283.66455078125
131595,284.88226318359375
131595,289.06512451171875
131595,289.9586486816406
131595,291.2559509277344
132595,256.58050537109375
132595,257.4321594238281
132595,263.05865478515625
132595,266.15667724609375
132595,268.3351745605469
132595,270.7697448730469
132595,272.6607666015625
132595,272.6561279296875
132595,273.9642028808594
132595,272.0096130371094
133595,258.427734375
133595,255.56442260742188
133595,255.06715393066406
133595,253.24256896972656
133595,254.8274383544922
133595,257.7589416503906
133595,257.7463073730469
133595,256.26568603515625
133595,255.2712860107422
133595,254.2125701904297
134595,272.9588928222656
134595,272.9585876464844
134595,271.4309997558594
134595,269.486572265625
134595,270.2319641113281
134595,272.2225036621094
134595,273.71917724609375
134595,273.33917236328125
134595,272.6573486328125
134595,271.45086669921875
135595,269.2810974121094
135595,272.1994323730469
135595,270.8436584472656
135595,270.0067443847656
135595,269.5343933105469
135595,269.30657958984375
135595,270.3739318847656
135595,268.5053405761719
135595,270.274658203125
135595,268.4024353027344
136595,278.1772155761719
136595,280.5987854003906
136595,281.39837646484375
136595,279.8343505859375
136595,280.052001953125
136595,279.5744323730469
136595,281.8197326660156
136595,278.87615966796875
136595,279.0245056152344
136595,278.48968505859375
137595,267.9201965332031
137595,269.8286437988281
137595,270.2521667480469
137595,270.64971923828125
137595,272.4134826660156
137595,275.01776123046875
137595,274.55230712890625
137595,270.2120666503906
137595,268.5261535644531
137595,266.16790771484375
138595,271.69073486328125
138595,272.06561279296875
138595,272.73870849609375
138595,273.87091064453125
138595,275.06866455078125
138595,272.5491638183594
138595,272.4583740234375
138595,272.2248840332031
138595,271.7627258300781
138595,271.8166198730469
139595,275.81024169921875
139595,277.7373352050781
139595,278.1556396484375
139595,279.42059326171875
139595,281.56988525390625
139595,281.6297302246094
139595,282.3712463378906
139595,277.9164123535156
139595,276.8307189941406
139595,275.6847229003906
140595,265.83203125
140595,264.46441650390625
140595,263.7398986816406
140595,262.9269714355469
140595,264.5791320800781
140595,266.23626708984375
140595,267.0968322753906
140595,266.30084228515625
140595,265.28594970703125
140595,263.68231201171875
141595,257.6686096191406
141595,261.0918884277344
141595,261.4290466308594
141595,261.2342834472656
141595,262.6025085449219
141595,262.6766662597656
141595,263.6499938964844
141595,259.9029235839844
141595,259.9898376464844
141595,258.7715759277344
142595,274.89312744140625
142595,275.90887451171875
142595,276.7069396972656
142595,274.9377746582031
142595,274.2862854003906
142595,272.6117248535156
142595,274.7967834472656
142595,274.0030212402344
142595,275.5541076660156
142595,274.7252502441406
143595,267.03076171875
143595,267.9536437988281
143595,269.1546325683594
143595,269.8804016113281
143595,271.444580078125
143595,270.5066223144531
143595,270.75201416015625
143595,268.06072998046875
143595,267.2937927246094
143595,266.10504150390625
144595,260.30462646484375
144595,261.65411376953125
144595,262.8793640136719
144595,262.0462341308594
144595,263.3527526855469
144595,263.75640869140625
144595,262.787109375
144595,260.69244384765625
144595,260.20556640625
144595,260.2687072753906
145595,270.5754699707031
145595,270.19329833984375
145595,269.81097412109375
145595,270.6791687011719
145595,272.8766784667969
145595,273.38409423828125
145595,272.8859558105469
145595,270.8344421386719
145595,269.61480712890625
145595,268.0794677734375
146595,255.92935180664062
146595,255.59786987304688
146595,255.2808837890625
146595,255.87123107910156
146595,255.81216430664062
146595,255.00469970703125
146595,254.3507537841797
146595,255.196044921875
146595,253.50909423828125
146595,254.19276428222656
147595,234.1824493408203
147595,234.1563720703125
147595,230.1510772705078
147595,227.26490783691406
147595,229.83450317382812
147595,234.4730224609375
147595,236.59715270996094
147595,234.3639678955078
147595,233.44070434570312
147595,234.60842895507812
148595,245.4136199951172
148595,240.96951293945312
148595,238.59124755859375
148595,237.5374755859375
148595,241.3162841796875
148595,243.12335205078125
148595,243.40670776367188
148595,245.34033203125
148595,242.1164093017578
148595,241.69317626953125
149595,242.7172393798828
149595,242.75582885742188
149595,241.49623107910156
149595,239.9530487060547
149595,239.5521697998047
149595,242.22998046875
149595,241.67767333984375
149595,242.27542114257812
149595,241.41795349121094
149595,239.30661010742188
150595,249.19168090820312
150595,251.70742797851562
150595,251.52366638183594
150595,250.1911163330078
150595,250.98289489746094
150595,251.87351989746094
150595,252.15623474121094
150595,248.9158172607422
150595,250.48651123046875
150595,249.68280029296875
151595,259.82403564453125
151595,258.8154602050781
151595,259.24237060546875
151595,259.3714904785156
151595,259.9149169921875
151595,258.06707763671875
151595,257.9181823730469
151595,256.95233154296875
151595,259.17376708984375
151595,259.50872802734375
152595,253.00527954101562
152595,255.15676879882812
152595,255.76527404785156
152595,256.02178955078125
152595,258.6441955566406
152595,259.092041015625
152595,259.4219970703125
152595,255.42776489257812
152595,253.2408447265625
152595,251.45724487304688
153595,247.5726318359375
153595,249.91253662109375
153595,251.88717651367188
153595,253.13925170898438
153595,254.5580596923828
153595,253.19325256347656
153595,253.71246337890625
153595,250.09561157226562
153595,249.10479736328125
153595,247.31887817382812
154595,251.4546661376953
154595,252.86146545410156
154595,252.61395263671875
154595,251.7884979248047
154595,252.74072265625
154595,252.578857421875
154595,253.4462127685547
154595,251.70213317871094
154595,251.58663940429688
154595,252.1460418701172
155595,264.34039306640625
155595,263.4988098144531
155595,261.955078125
155595,261.399658203125
155595,264.2626037597656
155595,265.2051696777344
155595,264.69256591796875
155595,263.58282470703125
155595,262.32745361328125
155595,262.6961975097656
156595,253.66549682617188
156595,254.73114013671875
156595,254.50979614257812
156595,254.3988037109375
156595,256.04962158203125
156595,255.85244750976562
156595,256.33538818359375
156595,254.34983825683594
156595,254.0448760986328
156595,252.86817932128906
157595,241.3812713623047
157595,242.14476013183594
157595,245.46469116210938
157595,245.2385711669922
157595,245.12599182128906
157595,243.1621856689453
157595,243.1356201171875
157595,241.10287475585938
157595,241.4110870361328
157595,241.07424926757812
158595,226.86239624023438
158595,225.1414794921875
158595,221.44863891601562
158595,219.94432067871094
158595,219.25331115722656
158595,221.3721923828125
158595,220.4691925048828
158595,222.8927459716797
158595,224.15518188476562
158595,225.15151977539062
159595,248.27508544921875
159595,248.03427124023438
159595,248.63148498535156
159595,247.09532165527344
159595,248.09812927246094
159595,248.0200653076172
159595,248.1075897216797
159595,248.07745361328125
159595,247.2152862548828
159595,247.43441772460938
160595,246.32913208007812
160595,246.7110595703125
160595,246.14724731445312
160595,246.3585662841797
160595,248.03387451171875
160595,248.6949005126953
160595,249.26797485351562
160595,247.13436889648438
160595,245.73031616210938
160595,245.2625732421875
161595,247.9925994873047
161595,247.69769287109375
161595,248.58859252929688
161595,246.81846618652344
161595,246.23480224609375
161595,244.7451934814453
161595,245.7833709716797
161595,245.92828369140625
161595,247.0623016357422
161595,248.00376892089844
162595,236.97149658203125
162595,238.17535400390625
162595,237.78729248046875
162595,238.57156372070312
162595,239.21360778808594
162595,239.3865966796875
162595,239.6310577392578
162595,237.2337188720703
162595,237.73043823242188
162595,234.81248474121094
163595,247.220458984375
163595,246.64047241210938
163595,244.37791442871094
163595,241.8863983154297
163595,244.1409149169922
163595,246.38998413085938
163595,246.69680786132812
163595,245.94956970214844
163595,244.82192993164062
163595,245.28909301757812
164595,242.44053649902344
164595,240.6051483154297
164595,239.9916534423828
164595,239.92034912109375
164595,241.44976806640625
164595,243.0555877685547
164595,242.46426391601562
164595,241.22036743164062
164595,239.99571228027344
164595,239.9072723388672
165595,236.3538818359375
165595,238.26568603515625
165595,241.12379455566406
165595,241.09774780273438
165595,239.701904296875
165595,237.31809997558594
165595,238.76556396484375
165595,236.72640991210938
165595,237.80014038085938
165595,236.1716766357422
166595,245.23512268066406
166595,245.02818298339844
166595,246.1142578125
166595,247.50103759765625
166595,250.2992706298828
166595,248.78858947753906
166595,248.33035278320312
166595,246.6400146484375
166595,244.68408203125
166595,244.0921173095703
167595,230.169921875
167595,230.2710723876953
167595,229.68421936035156
167595,230.42196655273438
167595,231.05638122558594
167595,234.1615753173828
167595,233.26788330078125
167595,233.00401306152344
167595,230.53448486328125
167595,227.93267822265625
168595,228.92066955566406
168595,231.14669799804688
168595,233.11465454101562
168595,231.73252868652344
168595,231.48989868164062
168595,228.63885498046875
168595,230.39056396484375
168595,229.91241455078125
168595,229.70291137695312
168595,230.3193359375
169595,233.8583984375
169595,234.5829315185547
169595,235.14352416992188
169595,234.36627197265625
169595,235.81939697265625
169595,237.46983337402344
169595,236.3289337158203
169595,234.37062072753906
169595,233.35923767089844
169595,232.6555938720703
170595,237.47900390625
170595,239.40037536621094
170595,240.37094116210938
170595,240.228271484375
170595,239.29751586914062
170595,238.64048767089844
170595,240.3100128173828
170595,237.67080688476562
170595,238.67254638671875
170595,236.47927856445312
171595,221.43597412109375
171595,222.82838439941406
171595,225.99545288085938
171595,225.47410583496094
171595,226.71583557128906
171595,224.8022003173828
171595,225.470947265625
171595,223.2707061767578
171595,222.086181640625
171595,220.91746520996094
172595,225.35882568359375
172595,228.71234130859375
172595,225.64173889160156
172595,227.55950927734375
172595,229.7465057373047
172595,232.246826171875
172595,231.994873046875
172595,226.53411865234375
172595,227.17913818359375
172595,223.42263793945312
173595,226.45571899414062
173595,228.3761444091797
173595,226.6223602294922
173595,226.00970458984375
173595,226.17959594726562
173595,229.63446044921875
173595,229.3518524169922
173595,226.86167907714844
173595,227.31930541992188
173595,225.94374084472656
174595,227.13548278808594
174595,225.71253967285156
174595,224.6275177001953
174595,223.6378173828125
174595,225.48199462890625
174595,227.61886596679688
174595,227.0512237548828
174595,227.4678955078125
174595,224.6715545654297
174595,224.47422790527344
175595,218.24539184570312
175595,219.72427368164062
175595,222.4926300048828
175595,222.41616821289062
175595,222.59170532226562
175595,219.146484375
175595,219.90780639648438
175595,219.91641235351562
175595,218.90171813964844
175595,218.87557983398438
176595,219.27867126464844
176595,221.38058471679688
176595,222.0381622314453
176595,222.0522003173828
176595,221.88507080078125
176595,224.11309814453125
176595,223.574462890625
176595,220.4799041748047
176595,220.44027709960938
176595,218.03118896484375
177595,209.6105499267578
177595,210.48854064941406
177595,211.7340545654297
177595,212.5331573486328
177595,213.831298828125
177595,212.1578826904297
177595,211.99490356445312
177595,211.2847137451172
177595,210.3334197998047
177595,209.60684204101562
178595,180.78213500976562
178595,185.854736328125
178595,187.4891357421875
178595,189.8632049560547
178595,194.92916870117188
178595,203.90249633789062
178595,204.24444580078125
178595,204.83843994140625
178595,201.53761291503906
178595,200.98944091796875
179595,231.4796905517578
179595,229.16928100585938
179595,228.26377868652344
179595,228.2705841064453
179595,230.04493713378906
179595,232.26202392578125
179595,231.11618041992188
179595,229.38746643066406
179595,228.61427307128906
179595,228.00213623046875
180595,225.7223358154297
180595,223.49356079101562
180595,222.59690856933594
180595,222.0690460205078
180595,222.89309692382812
180595,226.7021484375
180595,224.19241333007812
180595,225.53367614746094
180595,222.74644470214844
180595,223.0673065185547
181595,217.20314025878906
181595,217.72247314453125
181595,219.74879455566406
181595,219.33383178710938
181595,218.95870971679688
181595,216.33682250976562
181595,216.72146606445312
181595,216.9341278076172
181595,216.75965881347656
181595,216.5592498779297
182595,216.7685089111328
182595,216.9069061279297
182595,218.6561737060547
182595,219.00437927246094
182595,219.27996826171875
182595,218.11233520507812
182595,217.3900146484375
182595,217.82086181640625
182595,216.54791259765625
182595,216.91293334960938
183595,225.25357055664062
183595,226.0172119140625
183595,224.7847137451172
183595,223.4954071044922
183595,223.9125213623047
183595,226.63055419921875
183595,227.20547485351562
183595,226.28997802734375
183595,224.75787353515625
183595,223.7607421875
184595,213.5393829345703
184595,211.93704223632812
184595,209.5052032470703
184595,213.67449951171875
184595,219.6667938232422
184595,220.9150390625
184595,214.17657470703125
184595,219.41409301757812
184595,213.1103515625
184595,214.65182495117188
359329,-15.925589561462402
359329,0.8571526408195496
359329,1.058112382888794
359329,25.568872451782227
359329,79.83357238769531
359329,20.623762130737305
359329,32.01778030395508
359329,18.22872543334961
359329,26.220399856567383
359329,34.23301315307617
360329,253.87179565429688
360329,269.79345703125
360329,272.0643310546875
360329,276.01544189453125
360329,278.0540771484375
360329,277.140625
360329,279.29296875
360329,268.6668701171875
360329,265.1754455566406
360329,261.4391784667969
361329,222.41824340820312
361329,232.71609497070312
361329,244.88136291503906
361329,246.92092895507812
361329,249.71095275878906
361329,247.6978759765625
361329,251.1886444091797
361329,245.69996643066406
361329,242.92909240722656
361329,238.9888458251953
362329,294.76568603515625
362329,292.7998352050781
362329,291.06744384765625
362329,291.50494384765625
362329,292.9646911621094
362329,294.13580322265625
362329,293.56121826171875
362329,292.41192626953125
362329,292.0968322753906
362329,292.1216125488281
363329,275.4239807128906
363329,276.4827880859375
363329,274.59307861328125
363329,274.6445007324219
363329,275.9482727050781
363329,277.67755126953125
363329,278.562255859375
363329,275.81640625
363329,275.33746337890625
363329,272.82952880859375
364329,273.8741149902344
364329,272.88079833984375
364329,271.08990478515625
364329,270.5517578125
364329,273.3167419433594
364329,273.93389892578125
364329,273.5666809082031
364329,273.9781188964844
364329,271.9280700683594
364329,272.1085510253906
365329,260.9502258300781
365329,262.35833740234375
365329,263.077392578125
365329,262.8984375
365329,263.1149597167969
365329,262.81591796875
365329,263.4708251953125
365329,261.1756286621094
365329,260.7834167480469
365329,259.8330993652344
366329,247.25184631347656
366329,249.78152465820312
366329,250.02862548828125
366329,251.90147399902344
366329,252.9029541015625
366329,251.47402954101562
366329,252.617919921875
366329,249.32078552246094
366329,249.70697021484375
366329,247.51504516601562
367329,242.48960876464844
367329,245.56777954101562
367329,245.57977294921875
367329,245.6490020751953
367329,246.84292602539062
367329,247.3145294189453
367329,248.35687255859375
367329,245.57363891601562
367329,243.49945068359375
367329,241.34251403808594
368329,239.52093505859375
368329,240.44715881347656
368329,240.18557739257812
368329,240.51553344726562
368329,241.95294189453125
368329,242.3323211669922
368329,242.40768432617188
368329,239.79287719726562
368329,239.72154235839844
368329,238.40260314941406
369329,229.59388732910156
369329,232.7050018310547
369329,232.83067321777344
369329,231.42440795898438
369329,231.6114044189453
369329,231.46121215820312
369329,233.04627990722656
369329,231.49501037597656
369329,230.01779174804688
369329,229.0926513671875
370329,216.7102508544922
370329,217.5609130859375
370329,218.13955688476562
370329,218.5061492919922
370329,219.32704162597656
370329,221.05064392089844
370329,220.23008728027344
370329,217.8355255126953
370329,216.64471435546875
370329,214.6870574951172
371329,228.30889892578125
371329,227.5999298095703
371329,226.81820678710938
371329,226.8035888671875
371329,228.53656005859375
371329,227.6209259033203
371329,227.07437133789062
371329,227.99954223632812
371329,226.26280212402344
371329,227.46017456054688
372329,224.9047393798828
372329,223.85543823242188
372329,222.26515197753906
372329,223.00677490234375
372329,225.967041015625
372329,227.37301635742188
372329,226.6439666748047
372329,224.7087860107422
372329,222.43896484375
372329,221.1704864501953
373329,216.18409729003906
373329,212.79429626464844
373329,212.04534912109375
373329,210.09307861328125
373329,210.57443237304688
373329,216.31748962402344
373329,213.857177734375
373329,213.76805114746094
373329,211.0343475341797
373329,213.93858337402344
374329,211.17474365234375
374329,209.9068145751953
374329,209.41917419433594
374329,208.51898193359375
374329,208.49411010742188
374329,210.70228576660156
374329,209.69288635253906
374329,209.32394409179688
374329,208.4882354736328
374329,208.3333282470703
375329,208.7733154296875
375329,209.64266967773438
375329,210.44960021972656
375329,210.33816528320312
375329,212.28794860839844
375329,212.19859313964844
375329,211.7301788330078
375329,208.06907653808594
375329,207.306884765625
375329,207.26510620117188
376329,197.895751953125
376329,197.37550354003906
376329,198.0492706298828
376329,198.57315063476562
376329,200.10459899902344
376329,202.0699462890625
376329,199.1153564453125
376329,198.6437530517578
376329,196.35914611816406
376329,196.84153747558594
377329,191.94964599609375
377329,192.0164031982422
377329,192.49964904785156
377329,191.34788513183594
377329,191.8917694091797
377329,191.4772186279297
377329,192.22410583496094
377329,191.66860961914062
377329,191.48960876464844
377329,191.0932159423828
378329,198.4755401611328
378329,198.57484436035156
378329,200.1697998046875
378329,201.11334228515625
378329,202.18463134765625
378329,199.8690185546875
378329,199.85264587402344
378329,199.39100646972656
378329,197.98751831054688
378329,198.97769165039062
379329,189.56854248046875
379329,188.92807006835938
379329,188.26861572265625
379329,187.6073455810547
379329,188.7837371826172
379329,191.750732421875
379329,189.6558837890625
379329,189.62994384765625
379329,187.48745727539062
379329,186.47364807128906
380329,182.00762939453125
380329,183.49549865722656
380329,184.54867553710938
380329,183.08665466308594
380329,182.36627197265625
380329,183.61370849609375
380329,182.2725830078125
380329,181.73533630371094
380329,180.86805725097656
380329,181.40309143066406
381329,187.4127960205078
381329,187.2428741455078
381329,189.1448516845703
381329,188.20480346679688
381329,189.71218872070312
381329,187.4956512451172
381329,187.55067443847656
381329,189.7919921875
381329,186.57037353515625
381329,188.1007537841797
382329,188.07699584960938
382329,185.71609497070312
382329,184.8064422607422
382329,183.1374053955078
382329,182.07435607910156
382329,184.75137329101562
382329,183.83584594726562
382329,186.07257080078125
382329,185.31658935546875
382329,184.95159912109375
383329,170.0657501220703
383329,170.68777465820312
383329,171.60157775878906
383329,173.13409423828125
383329,170.7159423828125
383329,169.03652954101562
383329,167.1622772216797
383329,167.9661407470703
383329,167.2671661376953
383329,168.1999053955078
384329,170.97903442382812
384329,173.9340362548828
384329,173.26290893554688
384329,177.0030517578125
384329,184.13970947265625
384329,177.3454132080078
384329,182.54153442382812
384329,173.9908905029297
384329,176.55389404296875
384329,173.7264404296875
385329,139.94915771484375
385329,139.5503387451172
385329,136.51808166503906
385329,135.7833251953125
385329,133.5597381591797
385329,136.4362030029297
385329,135.89300537109375
385329,138.6007537841797
385329,140.32769775390625
385329,138.28907775878906
386329,154.9239959716797
386329,160.3795928955078
386329,164.17626953125
386329,160.96986389160156
386329,155.52191162109375
386329,155.54766845703125
386329,157.14471435546875
386329,155.5252685546875
386329,157.7761688232422
386329,157.35675048828125
387329,131.64065551757812
387329,133.6006317138672
387329,130.5308074951172
387329,126.84110260009766
387329,121.53375244140625
387329,126.501953125
387329,127.93692779541016
387329,131.31863403320312
387329,133.15211486816406
387329,129.6439208984375
388329,155.42034912109375
388329,156.01699829101562
388329,158.8894805908203
388329,159.97132873535156
388329,161.40185546875
388329,159.276123046875
388329,156.96340942382812
388329,157.9601593017578
388329,155.72805786132812
388329,155.81723022460938
389329,165.2718048095703
389329,164.51136779785156
389329,165.02757263183594
389329,164.187744140625
389329,163.6608123779297
389329,165.40646362304688
389329,163.87228393554688
389329,163.4244842529297
389329,163.52462768554688
389329,162.16534423828125
390329,161.8109130859375
390329,164.518310546875
390329,163.11900329589844
390329,161.55703735351562
390329,159.67750549316406
390329,163.6448516845703
390329,162.92306518554688
390329,163.13485717773438
390329,162.17005920410156
390329,161.5261688232422
391329,162.8523406982422
391329,163.68563842773438
391329,164.7313995361328
391329,163.42120361328125
391329,161.99122619628906
391329,164.33348083496094
391329,162.6177520751953
391329,163.2130584716797
391329,162.29368591308594
391329,161.5268096923828
392329,164.44277954101562
392329,164.3615264892578
392329,164.52194213867188
392329,163.555908203125
392329,162.601318359375
392329,164.87564086914062
392329,163.49891662597656
392329,163.41067504882812
392329,163.0593719482422
392329,163.0488739013672
393329,166.81271362304688
393329,168.8850555419922
393329,167.90562438964844
393329,167.19700622558594
393329,166.51724243164062
393329,169.2584228515625
393329,168.8413848876953
393329,167.3150634765625
393329,167.00469970703125
393329,165.8074951171875
394329,171.573486328125
394329,171.0032958984375
394329,172.13978576660156
394329,171.38192749023438
394329,171.05661010742188
394329,170.82672119140625
394329,169.93666076660156
394329,169.88673400878906
394329,169.13656616210938
394329,169.82565307617188
395329,157.52993774414062
395329,156.79490661621094
395329,156.2273712158203
395329,152.6049346923828
395329,150.81150817871094
395329,153.60606384277344
395329,155.60964965820312
395329,155.56558227539062
395329,156.21536254882812
395329,154.699462890625
396329,170.5628662109375
396329,168.38612365722656
396329,167.66287231445312
396329,167.34939575195312
396329,169.043701171875
396329,171.1056365966797
396329,168.01473999023438
396329,168.05020141601562
396329,167.42593383789062
396329,167.95001220703125
397329,149.13125610351562
397329,150.22216796875
397329,149.83546447753906
397329,150.3750762939453
397329,148.46347045898438
397329,148.963134765625
397329,147.10598754882812
397329,147.68426513671875
397329,148.13401794433594
397329,148.3812255859375
398329,144.27745056152344
398329,141.97549438476562
398329,140.8374786376953
398329,140.48887634277344
398329,141.00953674316406
398329,142.45916748046875
398329,143.7839813232422
398329,143.59300231933594
398329,143.82339477539062
398329,143.67935180664062
399329,159.36009216308594
399329,159.1414031982422
399329,159.30282592773438
399329,158.6002655029297
399329,158.3950653076172
399329,159.90504455566406
399329,158.22430419921875
399329,159.4091033935547
399329,158.02081298828125
399329,158.23504638671875
400329,160.36094665527344
400329,159.3975372314453
400329,159.0400848388672
400329,157.6306610107422
400329,157.50390625
400329,159.5046844482422
400329,158.49058532714844
400329,156.74050903320312
400329,157.96279907226562
400329,158.6593475341797
401329,152.3511199951172
401329,149.0850067138672
401329,148.11065673828125
401329,146.79747009277344
401329,149.53538513183594
401329,149.80682373046875
401329,148.83316040039062
401329,148.9282989501953
401329,148.96871948242188
401329,150.09165954589844
402329,142.0899658203125
402329,142.05661010742188
402329,141.91233825683594
402329,142.6084442138672
402329,142.4855499267578
402329,144.1277313232422
402329,141.9814910888672
402329,140.32217407226562
402329,141.0141143798828
402329,139.5031280517578
403329,155.79119873046875
403329,155.89024353027344
403329,152.54861450195312
403329,152.55735778808594
403329,153.23280334472656
403329,152.42152404785156
403329,152.45968627929688
403329,156.41346740722656
403329,155.38162231445312
403329,155.6518096923828
404329,150.9930877685547
404329,149.70938110351562
404329,150.11753845214844
404329,150.1879119873047
404329,149.05966186523438
404329,152.975341796875
404329,149.6305694580078
404329,150.9469451904297
404329,149.40980529785156
404329,148.7219696044922
405329,147.52398681640625
405329,146.69776916503906
405329,147.50634765625
405329,147.37548828125
405329,145.75540161132812
405329,146.85641479492188
405329,144.61672973632812
405329,143.78746032714844
405329,145.20370483398438
405329,145.9775390625
406329,152.03602600097656
406329,151.91122436523438
406329,149.73275756835938
406329,150.12979125976562
406329,151.4575958251953
406329,151.90919494628906
406329,151.9190673828125
406329,152.10745239257812
406329,151.56056213378906
406329,151.20091247558594
407329,145.26046752929688
407329,143.80360412597656
407329,143.97946166992188
407329,143.9250030517578
407329,143.60362243652344
407329,146.65867614746094
407329,144.45303344726562
407329,145.05751037597656
407329,143.16427612304688
407329,142.777587890625
408329,137.5518035888672
408329,136.94651794433594
408329,136.86480712890625
408329,136.82406616210938
408329,135.45687866210938
408329,138.85781860351562
408329,136.92904663085938
408329,138.97105407714844
408329,136.4498748779297
408329,134.70547485351562
409329,125.88262939453125
409329,128.45169067382812
409329,126.98612213134766
409329,128.1935272216797
409329,126.5963363647461
409329,127.29348754882812
409329,128.5274200439453
409329,127.26421356201172
409329,128.76361083984375
409329,126.80525207519531
410329,145.9363250732422
410329,145.98753356933594
410329,145.85580444335938
410329,146.17642211914062
410329,145.1421661376953
410329,145.80335998535156
410329,143.76768493652344
410329,146.04833984375
410329,144.93128967285156
410329,145.24746704101562
411329,140.67210388183594
411329,141.98854064941406
411329,140.4877471923828
411329,142.06866455078125
411329,141.80812072753906
411329,143.8343505859375
411329,142.20440673828125
411329,139.76768493652344
411329,139.85157775878906
411329,136.97805786132812
412329,130.5438690185547
412329,133.23907470703125
412329,128.8991241455078
412329,129.00860595703125
412329,128.7863311767578
412329,126.88350677490234
412329,131.08230590820312
412329,130.3085479736328
412329,132.6109161376953
412329,131.52418518066406
413329,100.69335174560547
413329,105.81305694580078
413329,104.36013793945312
413329,101.27375030517578
413329,101.14387512207031
413329,100.09573364257812
413329,107.8849868774414
413329,118.02349090576172
413329,125.59288787841797
413329,130.53402709960938
414329,116.22148895263672
414329,114.46116638183594
414329,113.89151000976562
414329,112.4823226928711
414329,110.68036651611328
414329,112.70037841796875
414329,112.49021911621094
414329,114.32561492919922
414329,113.13143920898438
414329,112.6237564086914
415329,131.3802032470703
415329,132.9014892578125
415329,132.5291748046875
415329,129.6298828125
415329,126.00674438476562
415329,129.84393310546875
415329,129.62802124023438
415329,130.58328247070312
415329,129.93016052246094
415329,129.62857055664062
416329,132.9349365234375
416329,132.68722534179688
416329,129.5721893310547
416329,132.56402587890625
416329,137.31253051757812
416329,140.6582489013672
416329,139.5253143310547
416329,137.05494689941406
416329,132.92396545410156
416329,129.83152770996094
417329,101.98745727539062
417329,108.29267883300781
417329,108.55162048339844
417329,113.35541534423828
417329,106.81541442871094
417329,113.29774475097656
417329,109.55828094482422
417329,108.61739349365234
417329,106.94963073730469
417329,105.3549575805664
418329,135.3892364501953
418329,131.7026824951172
418329,131.159912109375
418329,131.03562927246094
418329,131.6060791015625
418329,131.98512268066406
418329,128.94415283203125
418329,131.55552673339844
418329,130.45733642578125
418329,131.2797088623047
419329,150.61354064941406
419329,148.5025634765625
419329,149.44358825683594
419329,148.81141662597656
419329,147.55276489257812
419329,149.77880859375
419329,148.2213897705078
419329,150.71551513671875
419329,147.42417907714844
419329,145.5828857421875
420329,139.20237731933594
420329,139.05746459960938
420329,139.8462677001953
420329,140.5101776123047
420329,138.74404907226562
420329,136.97901916503906
420329,135.76341247558594
420329,137.90264892578125
420329,137.9884033203125
420329,139.52255249023438
421329,128.2215576171875
421329,127.49986267089844
421329,129.0236053466797
421329,128.774658203125
421329,128.2701416015625
421329,127.16374969482422
421329,126.48074340820312
421329,127.85433959960938
421329,127.93130493164062
421329,128.98106384277344
422329,134.18667602539062
422329,133.05006408691406
422329,133.66751098632812
422329,131.25657653808594
422329,128.9036102294922
422329,130.87277221679688
422329,129.4207000732422
422329,133.16688537597656
422329,132.1298370361328
422329,132.87353515625
423329,126.55474090576172
423329,130.5841522216797
423329,129.0526123046875
423329,130.4844970703125
423329,129.0331573486328
423329,128.45809936523438
423329,129.20510864257812
423329,125.56271362304688
423329,128.2744140625
423329,126.72921752929688
424329,135.6344757080078
424329,136.13002014160156
424329,134.42626953125
424329,134.4613800048828
424329,133.91798400878906
424329,133.84353637695312
424329,132.81866455078125
424329,136.5902099609375
424329,135.02638244628906
424329,135.94647216796875
425329,129.98895263671875
425329,128.5431671142578
425329,123.78744506835938
425329,124.77766418457031
425329,126.40203094482422
425329,123.97467041015625
425329,126.8279800415039
425329,127.56564331054688
425329,128.5758819580078
425329,126.10958099365234
426329,119.94824981689453
426329,116.93358612060547
426329,117.112548828125
426329,119.42324829101562
426329,118.43624877929688
426329,118.28038787841797
426329,116.15782928466797
426329,118.11288452148438
426329,118.0874252319336
426329,118.76365661621094
427329,122.36083221435547
427329,122.05723571777344
427329,123.56842041015625
427329,122.34919738769531
427329,120.470947265625
427329,122.32493591308594
427329,118.28642272949219
427329,120.96464538574219
427329,120.18307495117188
427329,122.36753845214844
428329,135.6769256591797
428329,134.7727813720703
428329,132.32330322265625
428329,133.14015197753906
428329,133.69952392578125
428329,133.74697875976562
428329,134.31008911132812
428329,133.74295043945312
428329,133.33090209960938
428329,132.2954559326172
429329,128.2957305908203
429329,129.0866241455078
429329,129.99215698242188
429329,127.94281768798828
429329,126.43235778808594
429329,128.0355682373047
429329,129.2411346435547
429329,129.03378295898438
429329,128.3487091064453
429329,126.59093475341797
430329,114.34822845458984
430329,111.91315460205078
430329,114.75526428222656
430329,115.31012725830078
430329,114.12105560302734
430329,112.62174224853516
430329,115.44258117675781
430329,115.2229232788086
430329,115.62591552734375
430329,113.70701599121094
431329,116.51432800292969
431329,111.53864288330078
431329,115.59487915039062
431329,117.67537689208984
431329,117.25357818603516
431329,116.453125
431329,112.90702819824219
431329,114.06208801269531
431329,113.05216217041016
431329,114.89553833007812
432329,123.04374694824219
432329,123.61592864990234
432329,122.31029510498047
432329,121.11339569091797
432329,118.82371520996094
432329,121.72898864746094
432329,120.80767822265625
432329,122.44603729248047
432329,120.9678955078125
432329,121.20333862304688
433329,123.12236785888672
433329,126.23187255859375
433329,128.5823974609375
433329,125.9515380859375
433329,122.96022033691406
433329,125.46243286132812
433329,125.84066772460938
433329,126.04290008544922
433329,125.26786804199219
433329,124.12218475341797
434329,116.08554077148438
434329,112.76766967773438
434329,117.23873138427734
434329,115.08407592773438
434329,113.57960510253906
434329,114.69942474365234
434329,113.89524841308594
434329,116.56036376953125
434329,115.00089263916016
434329,115.54137420654297
435329,122.3936996459961
435329,124.77375793457031
435329,126.90446472167969
435329,128.24264526367188
435329,125.98514556884766
435329,127.33173370361328
435329,125.14020538330078
435329,122.40348815917969
435329,122.83441162109375
435329,121.24856567382812
436329,115.05841827392578
436329,116.75614166259766
436329,115.0118179321289
436329,116.50311279296875
436329,114.72359466552734
436329,116.47232055664062
436329,115.84622192382812
436329,116.48019409179688
436329,115.9871826171875
436329,114.56694793701172
437329,123.39193725585938
437329,125.29981994628906
437329,125.1434326171875
437329,125.96414947509766
437329,124.90193176269531
437329,127.713134765625
437329,127.83699798583984
437329,125.73368072509766
437329,125.05995178222656
437329,123.22447967529297
438329,121.71846008300781
438329,121.26272583007812
438329,120.42739868164062
438329,119.7163314819336
438329,118.40919494628906
438329,122.091796875
438329,120.43267822265625
438329,121.08671569824219
438329,120.11686706542969
438329,119.17240905761719
439329,115.88038635253906
439329,118.80047607421875
439329,118.26399993896484
439329,118.42227172851562
439329,118.164306640625
439329,119.9676513671875
439329,119.47219848632812
439329,115.80242919921875
439329,116.1868896484375
439329,114.61437225341797
440329,124.72224426269531
440329,124.93924713134766
440329,123.58404541015625
440329,123.81224822998047
440329,123.58016204833984
440329,125.36322021484375
440329,124.4444351196289
440329,124.06474304199219
440329,123.7199935913086
440329,122.25809478759766
441329,119.7179946899414
441329,117.19605255126953
441329,117.263671875
441329,115.9872817993164
441329,116.40697479248047
441329,119.08328247070312
441329,116.48075103759766
441329,118.20832061767578
441329,117.0637435913086
441329,117.37470245361328
442329,110.54732513427734
442329,111.38604736328125
442329,109.84998321533203
442329,110.47403717041016
442329,109.9519271850586
442329,110.75883483886719
442329,111.20421600341797
442329,107.45806121826172
442329,109.87494659423828
442329,107.55421447753906
443329,104.23345184326172
443329,101.47566986083984
443329,102.71861267089844
443329,101.70193481445312
443329,104.42533874511719
443329,105.62760925292969
443329,104.65691375732422
443329,106.3486557006836
443329,103.8280029296875
443329,105.85006713867188
444329,92.26477813720703
444329,92.7575912475586
444329,92.38432312011719
444329,91.56529235839844
444329,90.3198471069336
444329,90.03076171875
444329,91.63561248779297
444329,93.86727142333984
444329,94.14045715332031
444329,94.17118072509766
445329,95.43455505371094
445329,93.90111541748047
445329,92.37965393066406
445329,93.17870330810547
445329,93.97785949707031
445329,93.37245178222656
445329,97.56729888916016
445329,97.86347198486328
445329,96.84710693359375
445329,94.18567657470703
446329,84.66357421875
446329,88.27237701416016
446329,86.42774963378906
446329,90.1184310913086
446329,85.81581115722656
446329,87.19261932373047
446329,90.93647003173828
446329,90.78520202636719
446329,90.51212310791016
446329,83.76093292236328
447329,96.32286071777344
447329,98.98853302001953
447329,100.2480239868164
447329,104.50591278076172
447329,102.64706420898438
447329,102.9740982055664
447329,102.80796813964844
447329,101.1856460571289
447329,99.20684814453125
447329,98.70953369140625
448329,104.93057250976562
448329,107.16189575195312
448329,106.83687591552734
448329,106.34246826171875
448329,105.18406677246094
448329,106.96436309814453
448329,106.49874877929688
448329,104.79644012451172
448329,104.87699890136719
448329,102.75157928466797
449329,100.33799743652344
449329,99.87068176269531
449329,96.8080062866211
449329,98.13075256347656
449329,98.75284576416016
449329,99.89698791503906
449329,100.7807388305664
449329,100.61151123046875
449329,100.39994812011719
449329,99.22334289550781
450329,99.85877227783203
450329,100.71288299560547
450329,99.86278533935547
450329,100.27539825439453
450329,98.5396728515625
450329,101.18304443359375
450329,101.39727020263672
450329,100.29247283935547
450329,99.18447875976562
450329,97.28730773925781
451329,91.08642578125
451329,92.67388916015625
451329,92.89741516113281
451329,92.22699737548828
451329,88.01073455810547
451329,86.46118927001953
451329,90.15155029296875
451329,89.77510833740234
451329,94.085693359375
451329,92.26225280761719
452329,100.14643859863281
452329,98.37128448486328
452329,98.0703125
452329,99.00345611572266
452329,100.99018096923828
452329,100.29777526855469
452329,101.9300537109375
452329,100.80022430419922
452329,100.56194305419922
452329,97.29016876220703
453329,85.463623046875
453329,88.42448425292969
453329,87.58900451660156
453329,89.15457916259766
453329,85.3239974975586
453329,91.99552917480469
453329,89.21434783935547
453329,88.60466766357422
453329,87.3429183959961
453329,88.5159683227539
454329,105.16024017333984
454329,106.00254821777344
454329,106.40834045410156
454329,108.01528930664062
454329,108.29083251953125
454329,109.20867156982422
454329,109.28943634033203
454329,105.68919372558594
454329,104.3068618774414
454329,102.30638885498047
455329,94.23731994628906
455329,91.47955322265625
455329,90.77445220947266
455329,91.01835632324219
455329,91.6087417602539
455329,93.84960174560547
455329,92.80467224121094
455329,94.05072021484375
455329,92.25572204589844
455329,92.59164428710938
456329,86.4408187866211
456329,87.42501068115234
456329,87.83602142333984
456329,86.61920166015625
456329,83.84638214111328
456329,85.31010437011719
456329,85.48198699951172
456329,85.37982177734375
456329,87.70135498046875
456329,88.73485565185547
457329,101.69634246826172
457329,99.8400650024414
457329,98.77018737792969
457329,97.34699249267578
457329,98.68518829345703
457329,98.17156219482422
457329,99.93618774414062
457329,99.495849609375
457329,100.69329071044922
457329,99.14039611816406
458329,96.11402893066406
458329,97.03439331054688
458329,97.9564208984375
458329,96.80465698242188
458329,94.02893829345703
458329,96.93384552001953
458329,95.65945434570312
458329,94.90320587158203
458329,94.31983184814453
458329,93.93773651123047
459329,101.18232727050781
459329,101.41749572753906
459329,98.92155456542969
459329,99.9297866821289
459329,100.25995635986328
459329,102.54259490966797
459329,100.39247131347656
459329,101.00235748291016
459329,100.04713439941406
459329,98.65545654296875
460329,97.27613830566406
460329,98.0773696899414
460329,96.71503448486328
460329,96.39224243164062
460329,95.18879699707031
460329,95.0068588256836
460329,96.48176574707031
460329,97.63021087646484
460329,98.38824462890625
460329,99.22470092773438
461329,95.08477783203125
461329,93.95150756835938
461329,93.78102111816406
461329,94.2861099243164
461329,93.55866241455078
461329,95.50222778320312
461329,95.97899627685547
461329,95.44315338134766
461329,95.26927947998047
461329,93.36167907714844
462329,96.14685821533203
462329,95.69668579101562
462329,95.1454849243164
462329,95.08464050292969
462329,94.46843719482422
462329,94.66616821289062
462329,94.22895050048828
462329,92.80176544189453
462329,93.46515655517578
462329,92.70298767089844
463329,88.84703826904297
463329,92.66498565673828
463329,91.25865936279297
463329,92.46284484863281
463329,90.3212890625
463329,94.57839965820312
463329,95.26828002929688
463329,91.84254455566406
463329,91.22377014160156
463329,88.27713012695312
464329,94.42838287353516
464329,96.60267639160156
464329,95.76619720458984
464329,96.62940979003906
464329,94.30168914794922
464329,93.05902099609375
464329,94.0270767211914
464329,93.3895034790039
464329,95.67135620117188
464329,96.78802490234375
465329,93.80498504638672
465329,92.58329010009766
465329,92.29834747314453
465329,90.16453552246094
465329,91.63227081298828
465329,91.26780700683594
465329,93.55443572998047
465329,91.97571563720703
465329,93.1967544555664
465329,91.87531280517578
466329,94.81642150878906
466329,93.35801696777344
466329,92.50537109375
466329,91.65972900390625
466329,91.85652923583984
466329,94.18031311035156
466329,93.33504486083984
466329,92.44229888916016
466329,92.70063781738281
466329,92.9608383178711
467329,101.56123352050781
467329,98.69853210449219
467329,98.85914611816406
467329,98.58740997314453
467329,99.20944213867188
467329,100.79944610595703
467329,99.00725555419922
467329,98.82157897949219
467329,98.42019653320312
467329,97.59526824951172
468329,92.73106384277344
468329,94.10234832763672
468329,93.5064697265625
468329,95.4576644897461
468329,94.88066101074219
468329,94.73356628417969
468329,94.68912506103516
468329,92.55074310302734
468329,93.27542877197266
468329,91.45562744140625
469329,89.33641815185547
469329,87.93359375
469329,86.81346893310547
469329,86.32865905761719
469329,88.1764144897461
469329,89.42628479003906
469329,89.41770935058594
469329,89.51667022705078
469329,88.57603454589844
469329,88.97682189941406
470329,96.24171447753906
470329,94.20841217041016
470329,94.31019592285156
470329,93.77638244628906
470329,94.33258819580078
470329,95.50164031982422
470329,93.92870330810547
470329,94.37030029296875
470329,93.41561889648438
470329,94.805419921875
471329,101.32303619384766
471329,100.40010833740234
471329,99.47676086425781
471329,99.52677917480469
471329,99.71932983398438
471329,100.29934692382812
471329,101.05121612548828
471329,98.82427215576172
471329,99.72329711914062
471329,98.91923522949219
472329,94.42655181884766
472329,93.40260314941406
472329,93.4384994506836
472329,94.1109390258789
472329,94.49837493896484
472329,96.29098510742188
472329,93.22744750976562
472329,93.0064468383789
472329,91.30682373046875
472329,91.49964141845703
473329,92.44933319091797
473329,92.76043701171875
473329,91.35684967041016
473329,91.7455825805664
473329,90.61795806884766
473329,93.161376953125
473329,92.5486068725586
473329,91.87098693847656
473329,91.70323944091797
473329,92.67489624023438
474329,88.1446304321289
474329,88.52224731445312
474329,87.46355438232422
474329,87.80858612060547
474329,87.61759185791016
474329,89.2823257446289
474329,89.9791488647461
474329,88.70791625976562
474329,87.91275024414062
474329,86.61408233642578
475329,91.83209228515625
475329,92.26224517822266
475329,92.6295394897461
475329,92.03080749511719
475329,92.34814453125
475329,92.90204620361328
475329,93.44564056396484
475329,90.7423095703125
475329,91.27694702148438
475329,89.50059509277344
476329,93.20770263671875
476329,94.03162384033203
476329,94.10289001464844
476329,95.01549530029297
476329,94.11112976074219
476329,97.74552917480469
476329,96.7504653930664
476329,92.40106964111328
476329,93.58767700195312
476329,91.74138641357422
477329,89.52713012695312
477329,90.28227233886719
477329,91.46155548095703
477329,91.73949432373047
477329,91.01240539550781
477329,88.82843017578125
477329,91.68621826171875
477329,88.97293853759766
477329,90.25435638427734
477329,88.6322250366211
478329,74.49938201904297
478329,75.14525604248047
478329,75.10517883300781
478329,74.78356170654297
478329,74.02261352539062
478329,76.1893310546875
478329,77.36439514160156
478329,78.71072387695312
478329,75.77336883544922
478329,74.88468933105469
479329,83.7258529663086
479329,83.51568603515625
479329,82.28890228271484
479329,82.99723815917969
479329,81.56659698486328
479329,80.9071273803711
479329,80.41008758544922
479329,81.4075698852539
479329,83.2778091430664
479329,84.50534057617188
480329,84.50741577148438
480329,85.56975555419922
480329,84.97562408447266
480329,86.39217376708984
480329,85.23836517333984
480329,87.0284652709961
480329,86.89545440673828
480329,85.25005340576172
480329,84.9367904663086
480329,84.52262878417969
481329,82.95521545410156
481329,82.02378845214844
481329,82.50872802734375
481329,82.58349609375
481329,83.42886352539062
481329,84.73078155517578
481329,85.02977752685547
481329,85.09925842285156
481329,82.83735656738281
481329,81.98228454589844
482329,87.87348937988281
482329,86.4153823852539
482329,86.20954895019531
482329,86.79119873046875
482329,86.43736267089844
482329,88.67886352539062
482329,86.53543090820312
482329,88.92008972167969
482329,85.97126007080078
482329,84.76300811767578
483329,86.50582885742188
483329,85.58036804199219
483329,82.65819549560547
483329,84.07843017578125
483329,82.10772705078125
483329,84.67403411865234
483329,82.80039978027344
483329,84.52667999267578
483329,85.68498992919922
483329,86.95944213867188
484329,82.17701721191406
484329,83.69898223876953
484329,82.62259674072266
484329,84.08795166015625
484329,83.50679016113281
484329,86.8673095703125
484329,86.44590759277344
484329,84.58633422851562
484329,83.19837188720703
484329,82.52761840820312
485329,76.56644439697266
485329,76.79389953613281
485329,76.16381072998047
485329,76.71272277832031
485329,75.79570770263672
485329,77.59703826904297
485329,78.6089859008789
485329,78.17094421386719
485329,77.48096466064453
485329,75.76498413085938
486329,81.70079803466797
486329,78.80428314208984
486329,79.52937316894531
486329,78.59161376953125
486329,79.56207275390625
486329,77.87427520751953
486329,77.98103332519531
486329,78.64763641357422
486329,79.37166595458984
486329,80.00116729736328
487329,84.2123794555664
487329,83.99177551269531
487329,83.96489715576172
487329,84.60802459716797
487329,85.54864501953125
487329,86.87162017822266
487329,86.39429473876953
487329,84.67804718017578
487329,83.26170349121094
487329,82.03878784179688
488329,81.62487030029297
488329,81.3680419921875
488329,82.07994079589844
488329,82.45901489257812
488329,81.23009490966797
488329,83.16517639160156
488329,81.71672821044922
488329,81.74716186523438
488329,79.91747283935547
488329,80.0938720703125
489329,85.68683624267578
489329,83.19276428222656
489329,82.6554946899414
489329,83.39452362060547
489329,83.72554779052734
489329,85.60333251953125
489329,84.31336975097656
489329,85.70252990722656
489329,83.01243591308594
489329,81.4308853149414
490329,77.21543884277344
490329,77.867431640625
490329,77.23472595214844
490329,78.78804016113281
490329,77.81604766845703
490329,77.58209228515625
490329,77.82747650146484
490329,77.3760757446289
490329,78.46580505371094
490329,79.29097747802734
491329,72.60016632080078
491329,73.33694458007812
491329,73.70673370361328
491329,74.23135375976562
491329,73.09675598144531
491329,77.06689453125
491329,75.22355651855469
491329,74.36116790771484
491329,73.0038833618164
491329,72.60844421386719
492329,62.75020217895508
492329,61.669456481933594
492329,62.6507453918457
492329,62.28621292114258
492329,64.15827941894531
492329,64.44596099853516
492329,64.57518005371094
492329,66.85797882080078
492329,65.14472961425781
492329,63.5998649597168
493329,69.71308898925781
493329,71.27592468261719
493329,71.1325912475586
493329,72.76530456542969
493329,69.3412857055664
493329,72.58770751953125
493329,71.23822784423828
493329,70.99989318847656
493329,71.6251449584961
493329,72.72130584716797
494329,71.86829376220703
494329,73.1170654296875
494329,72.4936294555664
494329,73.53202056884766
494329,71.84587097167969
494329,72.84183502197266
494329,72.96918487548828
494329,71.55684661865234
494329,71.60674285888672
494329,70.29292297363281
495329,68.30518341064453
495329,68.29090881347656
495329,68.05377197265625
495329,66.81653594970703
495329,69.09371185302734
495329,69.05184936523438
495329,71.23603057861328
495329,70.21383666992188
495329,68.8714599609375
495329,68.3385009765625
496329,73.16995239257812
496329,71.39798736572266
496329,70.38928985595703
496329,69.85089111328125
496329,71.51263427734375
496329,72.06890106201172
496329,72.3714599609375
496329,74.34603118896484
496329,72.71214294433594
496329,71.45101165771484
497329,81.00769805908203
497329,80.67508697509766
497329,79.64762878417969
497329,80.02958679199219
497329,78.94013214111328
497329,79.04232025146484
497329,80.85736083984375
497329,80.18356323242188
497329,80.38600158691406
497329,78.48660278320312
498329,72.9552001953125
498329,73.28820037841797
498329,72.92182922363281
498329,73.914306640625
498329,71.18321990966797
498329,73.2246322631836
498329,74.27421569824219
498329,73.56554412841797
498329,74.07054901123047
498329,71.67628479003906
499329,68.6476821899414
499329,68.68202209472656
499329,66.29405975341797
499329,66.90667724609375
499329,65.1608657836914
499329,67.48865509033203
499329,69.22797393798828
499329,69.87738037109375
499329,69.15249633789062
499329,66.3662338256836
500329,72.08695220947266
500329,73.18498229980469
500329,71.60969543457031
500329,74.67939758300781
500329,70.84429168701172
500329,70.97676849365234
500329,71.98463439941406
500329,71.3674087524414
500329,73.0311050415039
500329,73.87532043457031
501329,71.96517181396484
501329,70.9350357055664
501329,71.29953002929688
501329,71.92496490478516
501329,71.57740783691406
501329,72.86497497558594
501329,71.85516357421875
501329,72.32295227050781
501329,70.92971801757812
501329,71.87062072753906
502329,58.60256576538086
502329,59.52824783325195
502329,57.71595001220703
502329,58.240299224853516
502329,54.57375717163086
502329,53.39912414550781
502329,59.26673889160156
502329,60.808860778808594
502329,60.351524353027344
502329,55.739768981933594
503329,67.48634338378906
503329,68.89912414550781
503329,68.35936737060547
503329,73.42267608642578
503329,66.56507110595703
503329,70.7137451171875
503329,66.4801025390625
503329,68.89492797851562
503329,68.61461639404297
503329,69.48861694335938
504329,69.40174865722656
504329,69.76792907714844
504329,68.9135971069336
504329,68.84062957763672
504329,67.333251953125
504329,68.9056625366211
504329,68.89762115478516
504329,68.55915069580078
504329,69.74906921386719
504329,68.72748565673828
505329,64.38265228271484
505329,65.48570251464844
505329,65.74139404296875
505329,67.99374389648438
505329,64.3798599243164
505329,69.72760009765625
505329,67.00150299072266
505329,66.87571716308594
505329,64.28583526611328
505329,63.79111099243164
506329,72.2517318725586
506329,71.51426696777344
506329,70.01461029052734
506329,70.64344787597656
506329,68.89250946044922
506329,68.9173583984375
506329,71.13378143310547
506329,70.38111877441406
506329,71.5124282836914
506329,70.24662017822266
507329,69.79638671875
507329,70.16434478759766
507329,69.10652923583984
507329,70.16328430175781
507329,69.38728332519531
507329,73.20992279052734
507329,71.481201171875
507329,69.5188980102539
507329,69.55155181884766
507329,68.92769622802734
508329,68.64078521728516
508329,68.90665435791016
508329,68.57112121582031
508329,69.29354095458984
508329,67.04864501953125
508329,69.2880630493164
508329,68.95796203613281
508329,69.11239624023438
508329,68.38298034667969
508329,67.98748779296875
509329,68.46329498291016
509329,67.46845245361328
509329,65.80470275878906
509329,65.70426940917969
509329,65.44222259521484
509329,67.0737533569336
509329,66.46528625488281
509329,67.03176879882812
509329,67.49172973632812
509329,66.55322265625
510329,65.92644500732422
510329,66.14505767822266
510329,65.46366882324219
510329,66.29155731201172
510329,64.494873046875
510329,66.05754852294922
510329,65.92284393310547
510329,65.58268737792969
510329,65.17198944091797
510329,64.87887573242188
511329,65.20858001708984
511329,65.75318908691406
511329,63.6116943359375
511329,63.8054313659668
511329,63.05782699584961
511329,66.14476013183594
511329,66.47187805175781
511329,66.20954132080078
511329,65.16149139404297
511329,63.2379150390625
512329,68.42947387695312
512329,68.18241119384766
512329,68.04664611816406
512329,67.92352294921875
512329,67.44017028808594
512329,68.93524169921875
512329,68.48474884033203
512329,67.66434478759766
512329,67.9702377319336
512329,68.63512420654297
513329,66.50889587402344
513329,66.64631652832031
513329,64.82795715332031
513329,65.07709503173828
513329,64.96578216552734
513329,67.69265747070312
513329,68.16946411132812
513329,67.3426513671875
513329,65.97874450683594
513329,63.400482177734375
514329,68.8121566772461
514329,69.28646087646484
514329,68.820068359375
514329,69.57032012939453
514329,68.20629119873047
514329,70.72332763671875
514329,70.81539916992188
514329,68.517578125
514329,68.47820281982422
514329,67.78141021728516
515329,60.11110305786133
515329,61.065521240234375
515329,61.2711181640625
515329,61.58655548095703
515329,59.960994720458984
515329,62.25558090209961
515329,61.57033920288086
515329,60.45490264892578
515329,59.380924224853516
515329,57.73725128173828
516329,63.20088577270508
516329,63.926422119140625
516329,63.56740188598633
516329,62.6547737121582
516329,62.129638671875
516329,64.05606842041016
516329,64.80931091308594
516329,63.920162200927734
516329,62.333683013916016
516329,60.62151336669922
517329,68.42017364501953
517329,66.0469741821289
517329,66.82383728027344
517329,66.89156341552734
517329,67.65885925292969
517329,68.12312316894531
517329,66.26631164550781
517329,67.00944519042969
517329,66.49028015136719
517329,67.87641906738281
518329,59.89201736450195
518329,60.1081428527832
518329,60.18247985839844
518329,60.07249450683594
518329,59.47515106201172
518329,60.963130950927734
518329,60.177635192871094
518329,59.22303771972656
518329,59.47287368774414
518329,60.15436553955078
519329,60.88876724243164
519329,60.381710052490234
519329,59.26728057861328
519329,59.46675109863281
519329,58.428829193115234
519329,60.35055160522461
519329,59.94108581542969
519329,60.086402893066406
519329,59.90732955932617
519329,59.393436431884766
520329,59.235958099365234
520329,58.9316520690918
520329,60.10795211791992
520329,58.963035583496094
520329,60.21965789794922
520329,60.080326080322266
520329,59.928192138671875
520329,58.983131408691406
520329,58.45147705078125
520329,57.36186599731445
521329,62.296661376953125
521329,61.07920455932617
521329,62.61888122558594
521329,62.28614044189453
521329,63.379638671875
521329,63.261627197265625
521329,61.28056716918945
521329,61.58659744262695
521329,61.718238830566406
521329,62.56540298461914
522329,61.85548400878906
522329,61.63932418823242
522329,62.98963928222656
522329,64.0650634765625
522329,63.27384567260742
522329,66.39288330078125
522329,62.78954315185547
522329,61.177982330322266
522329,60.91041946411133
522329,62.255062103271484
523329,55.935264587402344
523329,57.396541595458984
523329,54.11021423339844
523329,54.934814453125
523329,52.06187057495117
523329,57.0363655090332
523329,56.506465911865234
523329,56.600337982177734
523329,55.849647521972656
523329,52.81032180786133
524329,63.2565803527832
524329,62.281063079833984
524329,60.015899658203125
524329,60.06876754760742
524329,57.994598388671875
524329,59.393375396728516
524329,59.155033111572266
524329,60.679927825927734
524329,62.18760681152344
524329,63.393096923828125
525329,54.20237350463867
525329,55.08116149902344
525329,56.30968475341797
525329,55.620689392089844
525329,55.44858932495117
525329,56.53337860107422
525329,56.21577453613281
525329,55.21488952636719
525329,53.853572845458984
525329,54.1026496887207
526329,56.957149505615234
526329,56.02894973754883
526329,54.8277702331543
526329,55.60844421386719
526329,55.333011627197266
526329,56.44668960571289
526329,55.675865173339844
526329,57.146976470947266
526329,56.25056457519531
526329,56.11638259887695
527329,56.92593002319336
527329,56.21901321411133
527329,56.191795349121094
527329,57.26653289794922
527329,56.727115631103516
527329,58.12568283081055
527329,57.03377914428711
527329,56.890830993652344
527329,56.21339797973633
527329,55.14937210083008
528329,50.67179489135742
528329,50.80895233154297
528329,52.07402038574219
528329,52.72505187988281
528329,51.25422668457031
528329,52.75054168701172
528329,50.42451095581055
528329,50.59562301635742
528329,50.21412658691406
528329,49.908355712890625
529329,55.69435501098633
529329,56.45124816894531
529329,56.21339797973633
529329,54.90586853027344
529329,53.29417419433594
529329,53.271400451660156
529329,53.749141693115234
529329,53.590248107910156
529329,55.80451583862305
529329,54.61252212524414
530329,57.437477111816406
530329,56.779911041259766
530329,56.24592208862305
530329,55.42799758911133
530329,56.138790130615234
530329,56.516265869140625
530329,56.90872573852539
530329,56.16380310058594
530329,56.64048767089844
530329,54.256038665771484
531329,54.725833892822266
531329,53.2876091003418
531329,53.55548858642578
531329,54.97740936279297
531329,53.842777252197266
531329,55.823585510253906
531329,53.12849807739258
531329,54.31666564941406
531329,53.011375427246094
531329,51.87477493286133
532329,56.510009765625
532329,56.068721771240234
532329,55.6922721862793
532329,58.44841003417969
532329,54.843868255615234
532329,57.113075256347656
532329,55.836761474609375
532329,56.10689926147461
532329,54.96159744262695
532329,53.163578033447266
533329,49.65095901489258
533329,48.580135345458984
533329,48.56848907470703
533329,47.50844192504883
533329,47.085697174072266
533329,45.08211898803711
533329,45.73976516723633
533329,47.08446502685547
533329,48.63017272949219
533329,49.441558837890625
534329,46.583404541015625
534329,47.39002227783203
534329,47.078182220458984
534329,47.090858459472656
534329,45.17100524902344
534329,45.423912048339844
534329,47.06297302246094
534329,45.430397033691406
534329,46.778682708740234
534329,46.03608703613281
535329,46.822261810302734
535329,48.854286193847656
535329,46.912437438964844
535329,45.279850006103516
535329,43.797813415527344
535329,42.89254379272461
535329,45.34041976928711
535329,46.60749816894531
535329,46.87068557739258
535329,42.94578552246094
536329,43.556671142578125
536329,45.18207550048828
536329,45.1075553894043
536329,44.01059341430664
536329,39.351436614990234
536329,35.9857292175293
536329,40.49338150024414
536329,38.984405517578125
536329,44.2261962890625
536329,43.234867095947266
537329,41.72114181518555
537329,41.9738655090332
537329,42.483909606933594
537329,39.32012939453125
537329,40.13298797607422
537329,38.785640716552734
537329,40.74303436279297
537329,40.725616455078125
537329,42.596771240234375
537329,42.88471603393555
538329,44.72886276245117
538329,46.09845733642578
538329,46.545372009277344
538329,45.698204040527344
538329,44.58662033081055
538329,45.494171142578125
538329,45.53013610839844
538329,43.95097351074219
538329,44.26319122314453
538329,42.79644012451172
539329,45.07975387573242
539329,44.508907318115234
539329,44.32115173339844
539329,44.39467239379883
539329,44.414833068847656
539329,43.63993835449219
539329,44.44050598144531
539329,44.79548263549805
539329,44.83449935913086
539329,42.91238021850586
540329,42.761268615722656
540329,43.80186462402344
540329,43.28142166137695
540329,44.2750358581543
540329,42.53731155395508
540329,44.893009185791016
540329,43.69041061401367
540329,42.52014923095703
540329,42.63193130493164
540329,40.711639404296875
541329,43.99820327758789
541329,42.248817443847656
541329,43.677852630615234
541329,43.36053466796875
541329,44.36471176147461
541329,45.212646484375
541329,41.83320617675781
541329,42.45848083496094
541329,42.229103088378906
541329,44.185325622558594
542329,44.63703536987305
542329,44.7884635925293
542329,44.840023040771484
542329,43.13520431518555
542329,44.114139556884766
542329,43.917118072509766
542329,43.86703872680664
542329,43.10963821411133
542329,43.91292190551758
542329,42.75133514404297
543329,45.04310989379883
543329,44.41992950439453
543329,43.94499588012695
543329,43.795921325683594
543329,40.597999572753906
543329,38.51766586303711
543329,40.33959197998047
543329,42.47319793701172
543329,44.13813018798828
543329,42.08965301513672
544329,42.3841438293457
544329,43.3808479309082
544329,44.41948318481445
544329,43.33758544921875
544329,42.204376220703125
544329,42.747833251953125
544329,41.819271087646484
544329,40.507633209228516
544329,41.882083892822266
544329,41.33903121948242
545329,40.670692443847656
545329,41.113834381103516
545329,41.413047790527344
545329,40.921470642089844
545329,39.91730499267578
545329,39.764461517333984
545329,39.89624786376953
545329,39.7984733581543
545329,39.51973342895508
545329,37.68683624267578
546329,39.69029235839844
546329,40.49936294555664
546329,41.03455352783203
546329,40.80302047729492
546329,38.9307746887207
546329,38.7949104309082
546329,38.44742202758789
546329,37.858665466308594
546329,38.86371994018555
546329,38.28969192504883
547329,36.965110778808594
547329,38.0410270690918
547329,38.13301467895508
547329,38.0549430847168
547329,35.501609802246094
547329,36.96888732910156
547329,35.965087890625
547329,35.79210662841797
547329,36.844852447509766
547329,36.24077224731445
548329,37.28450012207031
548329,35.972511291503906
548329,37.0325813293457
548329,35.29502487182617
548329,37.41501235961914
548329,36.43367004394531
548329,36.40034866333008
548329,36.87328338623047
548329,36.16143798828125
548329,35.79023742675781
549329,42.258995056152344
549329,39.29318618774414
549329,39.11729431152344
549329,38.482337951660156
549329,40.23155975341797
549329,39.63837814331055
549329,38.458805084228516
549329,39.757728576660156
549329,40.3074951171875
549329,41.89797592163086
550329,37.40931701660156
550329,36.169471740722656
550329,36.47469711303711
550329,36.720523834228516
550329,37.18510055541992
550329,37.94157791137695
550329,36.29043960571289
550329,37.51509475708008
550329,35.86976623535156
550329,35.03513717651367
551329,39.612064361572266
551329,39.347843170166016
551329,38.8776741027832
551329,39.69900131225586
551329,38.2508430480957
551329,39.53194808959961
551329,38.95891189575195
551329,38.66250228881836
551329,37.997745513916016
551329,36.45283889770508
552329,36.463375091552734
552329,35.45033264160156
552329,36.91835403442383
552329,36.5642204284668
552329,34.03371047973633
552329,33.884239196777344
552329,32.4401741027832
552329,33.28054428100586
552329,34.5069694519043
552329,34.82615661621094
553329,37.60961151123047
553329,35.63888931274414
553329,35.7591552734375
553329,32.7890510559082
553329,33.4409065246582
553329,30.04018783569336
553329,33.483489990234375
553329,34.36796951293945
553329,37.71337890625
553329,39.38728713989258
554329,31.673839569091797
554329,30.594741821289062
554329,33.031883239746094
554329,31.392547607421875
554329,33.459197998046875
554329,31.618104934692383
554329,30.265464782714844
554329,28.994421005249023
554329,30.50790786743164
554329,31.436086654663086
555329,34.518192291259766
555329,32.9459114074707
555329,32.558204650878906
555329,31.750879287719727
555329,33.17873001098633
555329,33.203521728515625
555329,32.21005630493164
555329,35.39144515991211
555329,33.42768096923828
555329,32.759796142578125
556329,35.66618728637695
556329,34.65474319458008
556329,38.09417724609375
556329,34.722564697265625
556329,35.097625732421875
556329,35.010005950927734
556329,34.151893615722656
556329,33.38990783691406
556329,35.78705596923828
556329,38.8181266784668
557329,32.333221435546875
557329,31.453733444213867
557329,30.237165451049805
557329,29.855756759643555
557329,29.768465042114258
557329,29.292930603027344
557329,29.836793899536133
557329,31.58176040649414
557329,29.973712921142578
557329,28.791969299316406
558329,33.67741775512695
558329,32.704185485839844
558329,31.72422981262207
558329,32.621273040771484
558329,31.832637786865234
558329,33.28303146362305
558329,33.027584075927734
558329,34.72743225097656
558329,33.09054946899414
558329,32.944522857666016
559329,35.31354904174805
559329,30.55101203918457
559329,29.53078842163086
559329,27.675249099731445
559329,27.69424819946289
559329,25.69893455505371
559329,25.41938591003418
559329,29.61513900756836
559329,32.34910202026367
559329,33.96084976196289
560329,36.51988983154297
560329,34.47071838378906
560329,32.52437210083008
560329,30.464847564697266
560329,30.20808982849121
560329,30.625761032104492
560329,30.62721824645996
560329,31.691669464111328
560329,34.59778594970703
560329,35.99853515625
561329,33.22327423095703
561329,31.640878677368164
561329,31.97182273864746
561329,30.525564193725586
561329,30.2608642578125
561329,27.816104888916016
561329,28.577667236328125
561329,30.06471061706543
561329,30.8124942779541
561329,29.975875854492188
562329,31.275928497314453
562329,29.071929931640625
562329,30.042469024658203
562329,29.359619140625
562329,30.089139938354492
562329,31.41315460205078
562329,27.219585418701172
562329,29.099651336669922
562329,27.832958221435547
562329,28.361278533935547
563329,33.7882080078125
563329,30.35034942626953
563329,30.7672176361084
563329,29.430341720581055
563329,29.54556655883789
563329,27.837751388549805
563329,27.467947006225586
563329,28.988269805908203
563329,31.759550094604492
563329,33.73883056640625
564329,32.1370849609375
564329,29.221036911010742
564329,29.764005661010742
564329,29.6539363861084
564329,30.26549530029297
564329,29.36526107788086
564329,27.811250686645508
564329,28.866220474243164
564329,29.459447860717773
564329,29.44399070739746
565329,25.965364456176758
565329,24.005842208862305
565329,24.196842193603516
565329,22.418153762817383
565329,22.13853645324707
565329,20.85607147216797
565329,20.04701805114746
565329,21.946914672851562
565329,22.286861419677734
565329,23.006547927856445
566329,28.979755401611328
566329,27.319469451904297
566329,27.25546646118164
566329,25.5759220123291
566329,25.12930679321289
566329,24.581247329711914
566329,24.38087272644043
566329,25.396709442138672
566329,26.998483657836914
566329,26.515737533569336
567329,28.484363555908203
567329,27.04273223876953
567329,27.565540313720703
567329,27.486209869384766
567329,26.96412467956543
567329,28.356027603149414
567329,26.57901382446289
567329,26.827299118041992
567329,26.199108123779297
567329,26.05097770690918
568329,24.500093460083008
568329,23.780323028564453
568329,25.718738555908203
568329,24.773454666137695
568329,25.366539001464844
568329,24.879350662231445
568329,23.373640060424805
568329,23.485965728759766
568329,22.64923858642578
568329,22.796184539794922
569329,25.385515213012695
569329,23.781349182128906
569329,25.183963775634766
569329,25.706165313720703
569329,24.25199317932129
569329,25.592971801757812
569329,22.55093765258789
569329,24.271339416503906
569329,22.552404403686523
569329,22.346912384033203
570329,22.009063720703125
570329,22.13797950744629
570329,22.916479110717773
570329,22.86406135559082
570329,20.812681198120117
570329,21.738624572753906
570329,21.298433303833008
570329,19.751279830932617
570329,19.891660690307617
570329,19.541166305541992
571329,24.368959426879883
571329,22.77429962158203
571329,23.42173957824707
571329,23.493520736694336
571329,23.067615509033203
571329,23.557981491088867
571329,22.21231460571289
571329,21.571609497070312
571329,22.29298973083496
571329,21.925657272338867
572329,22.826976776123047
572329,21.6658878326416
572329,23.063400268554688
572329,22.085407257080078
572329,21.025022506713867
572329,19.623783111572266
572329,18.8696231842041
572329,18.779884338378906
572329,20.438640594482422
572329,21.986238479614258
573329,24.781543731689453
573329,23.817487716674805
573329,22.974409103393555
573329,23.52103614807129
573329,20.838207244873047
573329,23.930545806884766
573329,22.090307235717773
573329,22.039766311645508
573329,21.981735229492188
573329,20.882232666015625
574329,22.941272735595703
574329,21.783611297607422
574329,21.074125289916992
574329,21.18796157836914
574329,19.42035675048828
574329,21.547624588012695
574329,19.728866577148438
574329,19.763870239257812
574329,19.96047019958496
574329,19.66706657409668
575329,19.302663803100586
575329,19.176088333129883
575329,20.678089141845703
575329,19.71807098388672
575329,17.280555725097656
575329,17.675975799560547
575329,17.47364616394043
575329,15.794654846191406
575329,16.79248809814453
575329,15.780816078186035
576329,22.926328659057617
576329,22.530635833740234
576329,21.507469177246094
576329,21.202392578125
576329,18.766252517700195
576329,20.730640411376953
576329,20.84299659729004
576329,19.628936767578125
576329,20.976520538330078
576329,20.05991554260254
577329,16.238285064697266
577329,14.932280540466309
577329,16.812856674194336
577329,17.342878341674805
577329,14.130105972290039
577329,14.628263473510742
577329,12.405889511108398
577329,11.242269515991211
577329,12.580504417419434
577329,13.054910659790039
578329,16.758678436279297
578329,17.927780151367188
578329,17.744117736816406
578329,16.72661590576172
578329,13.959596633911133
578329,14.281929969787598
578329,15.978485107421875
578329,14.479926109313965
578329,15.675352096557617
578329,13.506150245666504
579329,23.621671676635742
579329,21.98683738708496
579329,19.85051918029785
579329,22.132902145385742
579329,18.244050979614258
579329,19.334827423095703
579329,20.199291229248047
579329,22.31330108642578
579329,22.878997802734375
579329,20.72858238220215
580329,17.976686477661133
580329,15.210585594177246
580329,14.228255271911621
580329,11.695595741271973
580329,9.391663551330566
580329,7.520884037017822
580329,8.125285148620605
580329,10.642313003540039
580329,16.030807495117188
580329,20.38699722290039
581329,17.46936798095703
581329,16.336910247802734
581329,16.28792953491211
581329,13.638031005859375
581329,13.468718528747559
581329,12.408049583435059
581329,12.337604522705078
581329,13.26518440246582
581329,16.209239959716797
581329,16.75827980041504
582329,14.567428588867188
582329,14.575028419494629
582329,16.999116897583008
582329,16.95009994506836
582329,16.413021087646484
582329,18.03666114807129
582329,14.574784278869629
582329,10.667563438415527
582329,12.572818756103516
582329,15.476066589355469
583329,16.821325302124023
583329,15.867464065551758
583329,14.563164710998535
583329,14.478352546691895
583329,14.836746215820312
583329,19.199050903320312
583329,15.200156211853027
583329,14.818097114562988
583329,15.299649238586426
583329,16.489648818969727
584329,12.387872695922852
584329,13.185916900634766
584329,13.088874816894531
584329,11.904008865356445
584329,10.664231300354004
584329,10.80731201171875
584329,10.683096885681152
584329,10.531023025512695
584329,11.094900131225586
584329,10.33742618560791
585329,18.540908813476562
585329,19.601318359375
585329,18.259965896606445
585329,17.073070526123047
585329,15.362577438354492
585329,14.014578819274902
585329,17.02226448059082
585329,18.085464477539062
585329,19.238441467285156
585329,17.723791122436523
586329,20.17392349243164
586329,20.043840408325195
586329,18.681659698486328
586329,18.23861312866211
586329,17.917774200439453
586329,19.659900665283203
586329,18.50764274597168
586329,18.467544555664062
586329,19.485122680664062
586329,20.99131965637207
587329,11.861737251281738
587329,12.056017875671387
587329,13.021810531616211
587329,11.60429573059082
587329,12.902962684631348
587329,12.086647987365723
587329,10.474751472473145
587329,10.498563766479492
587329,11.457228660583496
587329,13.52192211151123
588329,4.729987144470215
588329,6.241510391235352
588329,5.916820049285889
588329,5.97383975982666
588329,5.304534435272217
588329,5.602212905883789
588329,4.491937160491943
588329,5.432133674621582
588329,4.598385810852051
588329,5.92425012588501
589329,16.84302520751953
589329,16.55579376220703
589329,12.240469932556152
589329,12.75527286529541
589329,11.941086769104004
589329,13.367741584777832
589329,13.774442672729492
589329,15.505828857421875
589329,16.234094619750977
589329,16.560400009155273
590329,37.255348205566406
590329,36.47745132446289
590329,37.68281936645508
590329,34.28691101074219
590329,34.006927490234375
590329,27.23139762878418
590329,35.52184295654297
590329,40.36960220336914
590329,42.53740310668945
590329,40.65834426879883
591329,42.667510986328125
591329,38.468040466308594
591329,44.15140151977539
591329,38.11566925048828
591329,44.22720718383789
591329,35.87314987182617
591329,39.319847106933594
591329,41.10137939453125
591329,46.342586517333984
591329,48.25762176513672
