time,pm.vbat
45595,4.117301940917969
45695,4.122580528259277
45795,4.122580528259277
45895,4.117301940917969
45995,4.122580528259277
46095,4.122580528259277
46195,4.122580528259277
46295,4.117301940917969
46395,4.122580528259277
46495,4.122580528259277
46595,3.55249285697937
46695,3.721407651901245
46795,3.7266862392425537
46895,3.6633431911468506
46995,3.6633431911468506
47095,3.658064603805542
47195,3.668621778488159
47295,3.7319648265838623
47395,3.747800588607788
47495,3.668621778488159
47595,3.4521994590759277
47695,3.5208210945129395
47795,3.594721555709839
47895,3.6633431911468506
47995,3.6739003658294678
48095,3.684457540512085
48195,3.7161290645599365
48295,3.721407651901245
48395,3.737243413925171
48495,3.7319648265838623
48595,3.7161290645599365
48695,3.6897361278533936
48795,3.668621778488159
48895,3.631671667098999
48995,3.605278730392456
49095,3.6263930797576904
49195,3.642228841781616
49295,3.6527860164642334
49395,3.6527860164642334
49495,3.668621778488159
49595,3.6633431911468506
49695,3.668621778488159
49795,3.6633431911468506
49895,3.6527860164642334
49995,3.6527860164642334
50095,3.658064603805542
50195,3.658064603805542
50295,3.6527860164642334
50395,3.658064603805542
50495,3.631671667098999
50595,3.6369502544403076
50695,3.6369502544403076
50795,3.6263930797576904
50895,3.6369502544403076
50995,3.642228841781616
51095,3.6633431911468506
51195,3.631671667098999
51295,3.6263930797576904
51395,3.631671667098999
51495,3.642228841781616
51595,3.642228841781616
51695,3.647507429122925
51795,3.6263930797576904
51895,3.621114492416382
51995,3.621114492416382
52095,3.621114492416382
52195,3.6369502544403076
52295,3.642228841781616
52395,3.6263930797576904
52495,3.642228841781616
52595,3.642228841781616
52695,3.6263930797576904
52795,3.631671667098999
52895,3.6369502544403076
52995,3.6369502544403076
53095,3.621114492416382
53195,3.605278730392456
53295,3.621114492416382
53395,3.6105573177337646
53495,3.6369502544403076
53595,3.631671667098999
53695,3.6263930797576904
53795,3.6263930797576904
53895,3.6263930797576904
53995,3.6369502544403076
54095,3.621114492416382
54195,3.631671667098999
54295,3.631671667098999
54395,3.6263930797576904
54495,3.6158359050750732
54595,3.6158359050750732
54695,3.6158359050750732
54795,3.6105573177337646
54895,3.621114492416382
54995,3.6158359050750732
55095,3.621114492416382
55195,3.6000001430511475
55295,3.594721555709839
55395,3.6000001430511475
55495,3.6263930797576904
55595,3.594721555709839
55695,3.594721555709839
55795,3.5894429683685303
55895,3.5894429683685303
55995,3.568328619003296
56095,3.5630500316619873
56195,3.5894429683685303
56295,3.5894429683685303
56395,3.5736072063446045
56495,3.541935443878174
56595,3.541935443878174
56695,3.5313782691955566
56795,3.526099681854248
56895,3.578885793685913
56995,3.5841643810272217
57095,3.5894429683685303
57195,3.6263930797576904
57295,3.631671667098999
57395,3.6263930797576904
57495,3.5894429683685303
57595,3.605278730392456
57695,3.594721555709839
57795,3.605278730392456
57895,3.5894429683685303
57995,3.578885793685913
58095,3.594721555709839
58195,3.578885793685913
58295,3.6000001430511475
58395,3.5894429683685303
58495,3.594721555709839
58595,3.5577714443206787
58695,3.5577714443206787
58795,3.578885793685913
58895,3.5630500316619873
58995,3.5208210945129395
59095,3.515542507171631
59195,3.5577714443206787
59295,3.5630500316619873
59395,3.568328619003296
59495,3.568328619003296
59595,3.5736072063446045
59695,3.568328619003296
59795,3.6105573177337646
59895,3.6158359050750732
59995,3.5894429683685303
60095,3.5841643810272217
60195,3.568328619003296
60295,3.5736072063446045
60395,3.5577714443206787
60495,3.5472142696380615
60595,3.55249285697937
60695,3.55249285697937
60795,3.568328619003296
60895,3.5894429683685303
60995,3.5894429683685303
61095,3.5841643810272217
61195,3.5736072063446045
61295,3.578885793685913
61395,3.5736072063446045
61495,3.568328619003296
61595,3.5736072063446045
61695,3.5577714443206787
61795,3.5472142696380615
61895,3.5630500316619873
61995,3.5472142696380615
62095,3.5577714443206787
62195,3.5472142696380615
62295,3.5102639198303223
62395,3.515542507171631
62495,3.5208210945129395
62595,3.526099681854248
62695,3.5313782691955566
62795,3.55249285697937
62895,3.5577714443206787
62995,3.5630500316619873
63095,3.5841643810272217
63195,3.6000001430511475
63295,3.5894429683685303
63395,3.5841643810272217
63495,3.5894429683685303
63595,3.578885793685913
63695,3.55249285697937
63795,3.541935443878174
63895,3.541935443878174
63995,3.5313782691955566
64095,3.5577714443206787
64195,3.5472142696380615
64295,3.55249285697937
64395,3.578885793685913
64495,3.5577714443206787
64595,3.578885793685913
64695,3.568328619003296
64795,3.5630500316619873
64895,3.5577714443206787
64995,3.5313782691955566
65095,3.541935443878174
65195,3.5366568565368652
65295,3.578885793685913
65395,3.5736072063446045
65495,3.5630500316619873
65595,3.5577714443206787
65695,3.5472142696380615
65795,3.541935443878174
65895,3.55249285697937
65995,3.5736072063446045
66095,3.578885793685913
66195,3.5630500316619873
66295,3.5894429683685303
66395,3.5736072063446045
66495,3.5630500316619873
66595,3.5472142696380615
66695,3.5472142696380615
66795,3.5630500316619873
66895,3.5630500316619873
66995,3.568328619003296
67095,3.5472142696380615
67195,3.5577714443206787
67295,3.5472142696380615
67395,3.541935443878174
67495,3.5577714443206787
67595,3.5630500316619873
67695,3.5630500316619873
67795,3.568328619003296
67895,3.5366568565368652
67995,3.5313782691955566
68095,3.5472142696380615
68195,3.5472142696380615
68295,3.5366568565368652
68395,3.526099681854248
68495,3.515542507171631
68595,3.5472142696380615
68695,3.5313782691955566
68795,3.541935443878174
68895,3.55249285697937
68995,3.5577714443206787
69095,3.5472142696380615
69195,3.55249285697937
69295,3.55249285697937
69395,3.5366568565368652
69495,3.5313782691955566
69595,3.5366568565368652
69695,3.526099681854248
69795,3.5366568565368652
69895,3.5313782691955566
69995,3.55249285697937
70095,3.5577714443206787
70195,3.55249285697937
70295,3.5577714443206787
70395,3.568328619003296
70495,3.5630500316619873
70595,3.5577714443206787
70695,3.541935443878174
70795,3.541935443878174
70895,3.5313782691955566
70995,3.526099681854248
71095,3.5313782691955566
71195,3.5366568565368652
71295,3.541935443878174
71395,3.5472142696380615
71495,3.5630500316619873
71595,3.5736072063446045
71695,3.5577714443206787
71795,3.541935443878174
71895,3.55249285697937
71995,3.5472142696380615
72095,3.5313782691955566
72195,3.541935443878174
72295,3.55249285697937
72395,3.5366568565368652
72495,3.5366568565368652
72595,3.5366568565368652
72695,3.5366568565368652
72795,3.5472142696380615
72895,3.5472142696380615
72995,3.5472142696380615
73095,3.55249285697937
73195,3.5630500316619873
73295,3.5472142696380615
73395,3.5313782691955566
73495,3.541935443878174
73595,3.5313782691955566
73695,3.5366568565368652
73795,3.526099681854248
73895,3.5313782691955566
73995,3.541935443878174
74095,3.5366568565368652
74195,3.5313782691955566
74295,3.541935443878174
74395,3.5630500316619873
74495,3.5577714443206787
74595,3.5472142696380615
74695,3.55249285697937
74795,3.526099681854248
74895,3.5208210945129395
74995,3.5208210945129395
75095,3.5208210945129395
75195,3.515542507171631
75295,3.5208210945129395
75395,3.5313782691955566
75495,3.5366568565368652
75595,3.55249285697937
75695,3.5577714443206787
75795,3.5630500316619873
75895,3.5577714443206787
75995,3.541935443878174
76095,3.515542507171631
76195,3.5208210945129395
76295,3.5313782691955566
76395,3.5208210945129395
76495,3.5366568565368652
76595,3.5366568565368652
76695,3.5366568565368652
76795,3.541935443878174
76895,3.5366568565368652
76995,3.5313782691955566
77095,3.5313782691955566
77195,3.541935443878174
77295,3.5472142696380615
77395,3.541935443878174
77495,3.541935443878174
77595,3.5366568565368652
77695,3.5313782691955566
77795,3.526099681854248
77895,3.515542507171631
77995,3.515542507171631
78095,3.5102639198303223
78195,3.515542507171631
78295,3.5472142696380615
78395,3.541935443878174
78495,3.541935443878174
78595,3.541935443878174
78695,3.5313782691955566
78795,3.5313782691955566
78895,3.5208210945129395
78995,3.5208210945129395
79095,3.5208210945129395
79195,3.5313782691955566
79295,3.541935443878174
79395,3.526099681854248
79495,3.5208210945129395
79595,3.5208210945129395
79695,3.515542507171631
79795,3.5366568565368652
79895,3.5366568565368652
79995,3.541935443878174
80095,3.526099681854248
80195,3.526099681854248
80295,3.5313782691955566
80395,3.515542507171631
80495,3.5313782691955566
80595,3.5313782691955566
80695,3.515542507171631
80795,3.515542507171631
80895,3.5102639198303223
80995,3.515542507171631
81095,3.5049853324890137
81195,3.499706745147705
81295,3.515542507171631
81395,3.526099681854248
81495,3.5049853324890137
81595,3.5208210945129395
81695,3.515542507171631
81795,3.5313782691955566
81895,3.499706745147705
81995,3.5208210945129395
82095,3.5208210945129395
82195,3.526099681854248
82295,3.526099681854248
82395,3.515542507171631
82495,3.5313782691955566
82595,3.5102639198303223
82695,3.499706745147705
82795,3.5049853324890137
82895,3.515542507171631
82995,3.5208210945129395
83095,3.5208210945129395
83195,3.5313782691955566
83295,3.5313782691955566
83395,3.5313782691955566
83495,3.5208210945129395
83595,3.515542507171631
83695,3.4944281578063965
83795,3.515542507171631
83895,3.5208210945129395
83995,3.5208210945129395
84095,3.515542507171631
84195,3.515542507171631
84295,3.5313782691955566
84395,3.515542507171631
84495,3.526099681854248
84595,3.499706745147705
84695,3.499706745147705
84795,3.4944281578063965
84895,3.499706745147705
84995,3.515542507171631
85095,3.5208210945129395
85195,3.5313782691955566
85295,3.5208210945129395
85395,3.5208210945129395
85495,3.541935443878174
85595,3.5366568565368652
85695,3.515542507171631
85795,3.5049853324890137
85895,3.5049853324890137
85995,3.5049853324890137
86095,3.5049853324890137
86195,3.5049853324890137
86295,3.5102639198303223
86395,3.5313782691955566
86495,3.5049853324890137
86595,3.5102639198303223
86695,3.5049853324890137
86795,3.5049853324890137
86895,3.5102639198303223
86995,3.5049853324890137
87095,3.4944281578063965
87195,3.4944281578063965
87295,3.4838709831237793
87395,3.489149570465088
87495,3.462756633758545
87595,3.4680352210998535
87695,3.473313808441162
87795,3.4574780464172363
87895,3.4838709831237793
87995,3.5049853324890137
88095,3.5313782691955566
88195,3.5313782691955566
88295,3.5313782691955566
88395,3.5313782691955566
88495,3.5049853324890137
88595,3.515542507171631
88695,3.5049853324890137
88795,3.473313808441162
88895,3.4944281578063965
88995,3.4944281578063965
89095,3.4944281578063965
89195,3.5102639198303223
89295,3.5049853324890137
89395,3.515542507171631
89495,3.515542507171631
89595,3.5208210945129395
89695,3.5049853324890137
89795,3.515542507171631
89895,3.515542507171631
89995,3.5102639198303223
90095,3.5049853324890137
90195,3.4838709831237793
90295,3.473313808441162
90395,3.4785923957824707
90495,3.4838709831237793
90595,3.489149570465088
90695,3.4838709831237793
90795,3.5049853324890137
90895,3.499706745147705
90995,3.489149570465088
91095,3.4944281578063965
91195,3.5102639198303223
91295,3.5102639198303223
91395,3.4944281578063965
91495,3.526099681854248
91595,3.4944281578063965
91695,3.489149570465088
91795,3.4944281578063965
91895,3.499706745147705
91995,3.473313808441162
92095,3.499706745147705
92195,3.5049853324890137
92295,3.5049853324890137
92395,3.5049853324890137
92495,3.5208210945129395
92595,3.5366568565368652
92695,3.4944281578063965
92795,3.4680352210998535
92895,3.473313808441162
92995,3.4944281578063965
93095,3.5208210945129395
93195,3.515542507171631
93295,3.5102639198303223
93395,3.5049853324890137
93495,3.5102639198303223
93595,3.5049853324890137
93695,3.4944281578063965
93795,3.499706745147705
93895,3.4944281578063965
93995,3.4944281578063965
94095,3.4785923957824707
94195,3.4785923957824707
94295,3.5049853324890137
94395,3.4944281578063965
94495,3.4838709831237793
94595,3.489149570465088
94695,3.499706745147705
94795,3.5102639198303223
94895,3.4785923957824707
94995,3.4785923957824707
95095,3.4680352210998535
95195,3.4574780464172363
95295,3.446920871734619
95395,3.5049853324890137
95495,3.541935443878174
95595,3.5366568565368652
95695,3.541935443878174
95795,3.526099681854248
95895,3.5208210945129395
95995,3.515542507171631
96095,3.499706745147705
96195,3.499706745147705
96295,3.446920871734619
96395,3.4310851097106934
96495,3.446920871734619
96595,3.4838709831237793
96695,3.5102639198303223
96795,3.5313782691955566
96895,3.5313782691955566
96995,3.5366568565368652
97095,3.526099681854248
97195,3.4944281578063965
97295,3.473313808441162
97395,3.446920871734619
97495,3.4416422843933105
97595,3.4521994590759277
97695,3.4680352210998535
97795,3.473313808441162
97895,3.4838709831237793
97995,3.4944281578063965
98095,3.4944281578063965
98195,3.5049853324890137
98295,3.499706745147705
98395,3.5049853324890137
98495,3.473313808441162
98595,3.473313808441162
98695,3.4574780464172363
98795,3.473313808441162
98895,3.5102639198303223
98995,3.489149570465088
99095,3.462756633758545
99195,3.4521994590759277
99295,3.4680352210998535
99395,3.489149570465088
99495,3.4838709831237793
99595,3.515542507171631
99695,3.5102639198303223
99795,3.526099681854248
99895,3.515542507171631
99995,3.5049853324890137
100095,3.473313808441162
100195,3.4680352210998535
100295,3.4785923957824707
100395,3.4838709831237793
100495,3.473313808441162
100595,3.473313808441162
100695,3.4838709831237793
100795,3.499706745147705
100895,3.4944281578063965
100995,3.4838709831237793
101095,3.489149570465088
101195,3.4785923957824707
101295,3.473313808441162
101395,3.4838709831237793
101495,3.4838709831237793
101595,3.473313808441162
101695,3.473313808441162
101795,3.4785923957824707
101895,3.473313808441162
101995,3.489149570465088
102095,3.462756633758545
102195,3.462756633758545
102295,3.4838709831237793
102395,3.462756633758545
102495,3.489149570465088
102595,3.462756633758545
102695,3.4785923957824707
102795,3.489149570465088
102895,3.489149570465088
102995,3.4785923957824707
103095,3.4838709831237793
103195,3.473313808441162
103295,3.4680352210998535
103395,3.4521994590759277
103495,3.4416422843933105
103595,3.462756633758545
103695,3.4574780464172363
103795,3.4680352210998535
103895,3.4680352210998535
103995,3.4944281578063965
104095,3.4838709831237793
104195,3.4574780464172363
104295,3.4680352210998535
104395,3.4521994590759277
104495,3.4416422843933105
104595,3.4416422843933105
104695,3.462756633758545
104795,3.4258065223693848
104895,3.420527935028076
104995,3.446920871734619
105095,3.4838709831237793
105195,3.499706745147705
105295,3.5049853324890137
105395,3.4944281578063965
105495,3.489149570465088
105595,3.489149570465088
105695,3.4838709831237793
105795,3.4574780464172363
105895,3.4574780464172363
105995,3.4521994590759277
106095,3.4680352210998535
106195,3.473313808441162
106295,3.4680352210998535
106395,3.473313808441162
106495,3.4680352210998535
106595,3.4944281578063965
106695,3.489149570465088
106795,3.473313808441162
106895,3.4310851097106934
106995,3.436363697052002
107095,3.4521994590759277
107195,3.4838709831237793
107295,3.4838709831237793
107395,3.446920871734619
107495,3.462756633758545
107595,3.4521994590759277
107695,3.462756633758545
107795,3.4680352210998535
107895,3.4680352210998535
107995,3.4838709831237793
108095,3.4785923957824707
108195,3.4258065223693848
108295,3.3782992362976074
108395,3.3888564109802246
108495,3.383577823638916
108595,3.394134998321533
108695,3.399413585662842
108795,3.4046921730041504
108895,3.446920871734619
108995,3.5049853324890137
109095,3.5313782691955566
109195,3.55249285697937
109295,3.5208210945129395
109395,3.5472142696380615
109495,3.5313782691955566
109595,3.5313782691955566
109695,3.526099681854248
109795,3.4680352210998535
109895,3.4785923957824707
109995,3.409970760345459
110095,3.4046921730041504
110195,3.4521994590759277
110295,3.4416422843933105
110395,3.383577823638916
110495,3.4258065223693848
110595,3.4785923957824707
110695,3.526099681854248
110795,3.568328619003296
110895,3.5366568565368652
110995,3.4521994590759277
111095,3.436363697052002
111195,3.446920871734619
111295,3.4416422843933105
111395,3.4416422843933105
111495,3.4310851097106934
111595,3.462756633758545
111695,3.4680352210998535
111795,3.526099681854248
111895,3.499706745147705
111995,3.462756633758545
112095,3.5049853324890137
112195,3.4838709831237793
112295,3.4258065223693848
112395,3.4258065223693848
112495,3.3888564109802246
112595,3.4680352210998535
112695,3.4310851097106934
112795,3.420527935028076
112895,3.499706745147705
112995,3.4785923957824707
113095,3.5102639198303223
113195,3.499706745147705
113295,3.4680352210998535
113395,3.4838709831237793
113495,3.4838709831237793
113595,3.473313808441162
113695,3.4785923957824707
113795,3.399413585662842
113895,3.3624634742736816
113995,3.4574780464172363
114095,3.473313808441162
114195,3.4785923957824707
114295,3.4785923957824707
114395,3.489149570465088
114495,3.5313782691955566
114595,3.462756633758545
114695,3.499706745147705
114795,3.4521994590759277
114895,3.462756633758545
114995,3.473313808441162
115095,3.4416422843933105
115195,3.4574780464172363
115295,3.526099681854248
115395,3.420527935028076
115495,3.394134998321533
115595,3.409970760345459
115695,3.4152493476867676
115795,3.4152493476867676
115895,3.4944281578063965
115995,3.4680352210998535
116095,3.499706745147705
116195,3.399413585662842
116295,3.383577823638916
116395,3.346627712249756
116495,3.4944281578063965
116595,3.4785923957824707
116695,3.5102639198303223
116795,3.5366568565368652
116895,3.436363697052002
116995,3.357184886932373
117095,3.3624634742736816
117195,3.399413585662842
117295,3.4521994590759277
117395,3.4785923957824707
117495,3.473313808441162
117595,3.4680352210998535
117695,3.462756633758545
117795,3.489149570465088
117895,3.541935443878174
117995,3.489149570465088
118095,3.4838709831237793
118195,3.420527935028076
118295,3.4785923957824707
118395,3.4046921730041504
118495,3.4416422843933105
118595,3.4574780464172363
118695,3.4944281578063965
118795,3.399413585662842
118895,3.399413585662842
118995,3.4046921730041504
119095,3.462756633758545
119195,3.5102639198303223
119295,3.4258065223693848
119395,3.4310851097106934
119495,3.446920871734619
119595,3.4680352210998535
119695,3.436363697052002
119795,3.4574780464172363
119895,3.462756633758545
119995,3.5208210945129395
120095,3.4785923957824707
120195,3.4258065223693848
120295,3.4046921730041504
120395,3.4785923957824707
120495,3.4258065223693848
120595,3.394134998321533
120695,3.409970760345459
120795,3.4310851097106934
120895,3.4574780464172363
120995,3.446920871734619
121095,3.4152493476867676
121195,3.489149570465088
121295,3.515542507171631
121395,3.489149570465088
121495,3.420527935028076
121595,3.4152493476867676
121695,3.4574780464172363
121795,3.4680352210998535
121895,3.4258065223693848
121995,3.4046921730041504
122095,3.3624634742736816
122195,3.399413585662842
122295,3.4680352210998535
122395,3.4258065223693848
122495,3.436363697052002
122595,3.4785923957824707
122695,3.4574780464172363
122795,3.373020648956299
122895,3.3677420616149902
122995,3.4046921730041504
123095,3.4152493476867676
123195,3.462756633758545
123295,3.4416422843933105
123395,3.5630500316619873
123495,3.4680352210998535
123595,3.4416422843933105
123695,3.3677420616149902
123795,3.373020648956299
123895,3.346627712249756
123995,3.394134998321533
124095,3.4574780464172363
124195,3.436363697052002
124295,3.4152493476867676
124395,3.420527935028076
124495,3.446920871734619
124595,3.446920871734619
124695,3.436363697052002
124795,3.5049853324890137
124895,3.4838709831237793
124995,3.473313808441162
125095,3.489149570465088
125195,3.4521994590759277
125295,3.383577823638916
125395,3.373020648956299
125495,3.436363697052002
125595,3.420527935028076
125695,3.4521994590759277
125795,3.33079195022583
125895,3.3782992362976074
125995,3.394134998321533
126095,3.4785923957824707
126195,3.489149570465088
126295,3.5049853324890137
126395,3.489149570465088
126495,3.473313808441162
126595,3.4574780464172363
126695,3.3677420616149902
126795,3.383577823638916
126895,3.3782992362976074
126995,3.4152493476867676
127095,3.4310851097106934
127195,3.4521994590759277
127295,3.4416422843933105
127395,3.5049853324890137
127495,3.4785923957824707
127595,3.473313808441162
127695,3.4416422843933105
127795,3.409970760345459
127895,3.399413585662842
127995,3.3782992362976074
128095,3.394134998321533
128195,3.383577823638916
128295,3.4152493476867676
128395,3.446920871734619
128495,3.5049853324890137
128595,3.499706745147705
128695,3.4258065223693848
128795,3.436363697052002
128895,3.409970760345459
128995,3.436363697052002
129095,3.4416422843933105
129195,3.473313808441162
129295,3.489149570465088
129395,3.446920871734619
129495,3.383577823638916
129595,3.383577823638916
129695,3.3888564109802246
129795,3.4310851097106934
129895,3.489149570465088
129995,3.436363697052002
130095,3.409970760345459
130195,3.4785923957824707
130295,3.4416422843933105
130395,3.489149570465088
130495,3.4838709831237793
130595,3.4838709831237793
130695,3.4310851097106934
130795,3.436363697052002
130895,3.383577823638916
130995,3.3888564109802246
131095,3.399413585662842
131195,3.394134998321533
131295,3.4521994590759277
131395,3.4521994590759277
131495,3.446920871734619
131595,3.4416422843933105
131695,3.4258065223693848
131795,3.4680352210998535
131895,3.4521994590759277
131995,3.462756633758545
132095,3.394134998321533
132195,3.436363697052002
132295,3.4680352210998535
132395,3.473313808441162
132495,3.436363697052002
132595,3.394134998321533
132695,3.383577823638916
132795,3.399413585662842
132895,3.399413585662842
132995,3.4152493476867676
133095,3.4310851097106934
133195,3.4944281578063965
133295,3.5208210945129395
133395,3.489149570465088
133495,3.5102639198303223
133595,3.499706745147705
133695,3.446920871734619
133795,3.436363697052002
133895,3.4152493476867676
133995,3.3782992362976074
134095,3.373020648956299
134195,3.373020648956299
134295,3.3677420616149902
134395,3.3782992362976074
134495,3.409970760345459
134595,3.4310851097106934
134695,3.446920871734619
134795,3.4416422843933105
134895,3.446920871734619
134995,3.436363697052002
135095,3.436363697052002
135195,3.420527935028076
135295,3.409970760345459
135395,3.383577823638916
135495,3.3888564109802246
135595,3.399413585662842
135695,3.373020648956299
135795,3.383577823638916
135895,3.3677420616149902
135995,3.3888564109802246
136095,3.4046921730041504
136195,3.446920871734619
136295,3.4416422843933105
136395,3.436363697052002
136495,3.4521994590759277
136595,3.4310851097106934
136695,3.436363697052002
136795,3.4521994590759277
136895,3.4152493476867676
136995,3.394134998321533
137095,3.4046921730041504
137195,3.4258065223693848
137295,3.4258065223693848
137395,3.436363697052002
137495,3.4258065223693848
137595,3.399413585662842
137695,3.4046921730041504
137795,3.399413585662842
137895,3.399413585662842
137995,3.383577823638916
138095,3.399413585662842
138195,3.394134998321533
138295,3.3888564109802246
138395,3.394134998321533
138495,3.4046921730041504
138595,3.409970760345459
138695,3.4046921730041504
138795,3.394134998321533
138895,3.399413585662842
138995,3.4258065223693848
139095,3.4416422843933105
139195,3.4416422843933105
139295,3.4310851097106934
139395,3.436363697052002
139495,3.420527935028076
139595,3.4152493476867676
139695,3.4152493476867676
139795,3.409970760345459
139895,3.420527935028076
139995,3.4046921730041504
140095,3.4046921730041504
140195,3.420527935028076
140295,3.409970760345459
140395,3.4152493476867676
140495,3.4258065223693848
140595,3.4416422843933105
140695,3.436363697052002
140795,3.4258065223693848
140895,3.4152493476867676
140995,3.4152493476867676
141095,3.399413585662842
141195,3.4046921730041504
141295,3.4046921730041504
141395,3.3888564109802246
141495,3.3782992362976074
141595,3.3782992362976074
141695,3.4152493476867676
141795,3.420527935028076
141895,3.409970760345459
141995,3.420527935028076
142095,3.4310851097106934
142195,3.4258065223693848
142295,3.4046921730041504
142395,3.3888564109802246
142495,3.399413585662842
142595,3.409970760345459
142695,3.4258065223693848
142795,3.446920871734619
142895,3.446920871734619
142995,3.420527935028076
143095,3.420527935028076
143195,3.420527935028076
143295,3.436363697052002
143395,3.4258065223693848
143495,3.4152493476867676
143595,3.409970760345459
143695,3.409970760345459
143795,3.399413585662842
143895,3.409970760345459
143995,3.4152493476867676
144095,3.4046921730041504
144195,3.4152493476867676
144295,3.409970760345459
144395,3.409970760345459
144495,3.4046921730041504
144595,3.394134998321533
144695,3.394134998321533
144795,3.399413585662842
144895,3.3888564109802246
144995,3.373020648956299
145095,3.3677420616149902
145195,3.3624634742736816
145295,3.3782992362976074
145395,3.4046921730041504
145495,3.420527935028076
145595,3.4310851097106934
145695,3.4310851097106934
145795,3.409970760345459
145895,3.420527935028076
145995,3.4258065223693848
146095,3.4152493476867676
146195,3.409970760345459
146295,3.409970760345459
146395,3.409970760345459
146495,3.399413585662842
146595,3.409970760345459
146695,3.409970760345459
146795,3.394134998321533
146895,3.399413585662842
146995,3.394134998321533
147095,3.399413585662842
147195,3.394134998321533
147295,3.3888564109802246
147395,3.4046921730041504
147495,3.3888564109802246
147595,3.3888564109802246
147695,3.3677420616149902
147795,3.373020648956299
147895,3.3413491249084473
147995,3.3096776008605957
148095,3.320234775543213
148195,3.357184886932373
148295,3.357184886932373
148395,3.4046921730041504
148495,3.4521994590759277
148595,3.473313808441162
148695,3.4574780464172363
148795,3.4152493476867676
148895,3.420527935028076
148995,3.420527935028076
149095,3.3888564109802246
149195,3.373020648956299
149295,3.383577823638916
149395,3.3782992362976074
149495,3.373020648956299
149595,3.394134998321533
149695,3.4046921730041504
149795,3.399413585662842
149895,3.394134998321533
149995,3.3782992362976074
150095,3.3782992362976074
150195,3.3519062995910645
150295,3.3677420616149902
150395,3.3677420616149902
150495,3.373020648956299
150595,3.3782992362976074
150695,3.394134998321533
150795,3.4152493476867676
150895,3.4152493476867676
150995,3.420527935028076
151095,3.4046921730041504
151195,3.399413585662842
151295,3.383577823638916
151395,3.3624634742736816
151495,3.399413585662842
151595,3.4046921730041504
151695,3.3888564109802246
151795,3.394134998321533
151895,3.4046921730041504
151995,3.420527935028076
152095,3.399413585662842
152195,3.409970760345459
152295,3.4046921730041504
152395,3.399413585662842
152495,3.4152493476867676
152595,3.4046921730041504
152695,3.420527935028076
152795,3.4046921730041504
152895,3.394134998321533
152995,3.399413585662842
153095,3.409970760345459
153195,3.4046921730041504
153295,3.3888564109802246
153395,3.394134998321533
153495,3.3782992362976074
153595,3.383577823638916
153695,3.3888564109802246
153795,3.3888564109802246
153895,3.4046921730041504
153995,3.409970760345459
154095,3.4046921730041504
154195,3.420527935028076
154295,3.4046921730041504
154395,3.394134998321533
154495,3.373020648956299
154595,3.3888564109802246
154695,3.4046921730041504
154795,3.394134998321533
154895,3.383577823638916
154995,3.3782992362976074
155095,3.3677420616149902
155195,3.3782992362976074
155295,3.3888564109802246
155395,3.399413585662842
155495,3.420527935028076
155595,3.420527935028076
155695,3.420527935028076
155795,3.4046921730041504
155895,3.4046921730041504
155995,3.409970760345459
156095,3.4046921730041504
156195,3.3888564109802246
156295,3.394134998321533
156395,3.4046921730041504
156495,3.409970760345459
156595,3.399413585662842
156695,3.394134998321533
156795,3.394134998321533
156895,3.399413585662842
156995,3.399413585662842
157095,3.4046921730041504
157195,3.409970760345459
157295,3.399413585662842
157395,3.399413585662842
157495,3.383577823638916
157595,3.3624634742736816
157695,3.3624634742736816
157795,3.383577823638916
157895,3.4152493476867676
157995,3.399413585662842
158095,3.383577823638916
158195,3.399413585662842
158295,3.4046921730041504
158395,3.409970760345459
158495,3.420527935028076
158595,3.399413585662842
158695,3.373020648956299
158795,3.3624634742736816
158895,3.383577823638916
158995,3.3782992362976074
159095,3.3677420616149902
159195,3.373020648956299
159295,3.3624634742736816
159395,3.373020648956299
159495,3.3888564109802246
159595,3.383577823638916
159695,3.383577823638916
159795,3.394134998321533
159895,3.4046921730041504
159995,3.394134998321533
160095,3.373020648956299
160195,3.3624634742736816
160295,3.383577823638916
160395,3.394134998321533
160495,3.394134998321533
160595,3.4046921730041504
160695,3.4152493476867676
160795,3.4046921730041504
160895,3.409970760345459
160995,3.399413585662842
161095,3.394134998321533
161195,3.383577823638916
161295,3.373020648956299
161395,3.3677420616149902
161495,3.383577823638916
161595,3.383577823638916
161695,3.394134998321533
161795,3.4152493476867676
161895,3.4046921730041504
161995,3.394134998321533
162095,3.383577823638916
162195,3.3782992362976074
162295,3.4046921730041504
162395,3.394134998321533
162495,3.4046921730041504
162595,3.3888564109802246
162695,3.373020648956299
162795,3.3677420616149902
162895,3.3782992362976074
162995,3.3624634742736816
163095,3.373020648956299
163195,3.3782992362976074
163295,3.3782992362976074
163395,3.373020648956299
163495,3.373020648956299
163595,3.399413585662842
163695,3.4046921730041504
163795,3.399413585662842
163895,3.3888564109802246
163995,3.383577823638916
164095,3.394134998321533
164195,3.3677420616149902
164295,3.3624634742736816
164395,3.3782992362976074
164495,3.394134998321533
164595,3.4046921730041504
164695,3.394134998321533
164795,3.383577823638916
164895,3.399413585662842
164995,3.3888564109802246
165095,3.373020648956299
165195,3.3624634742736816
165295,3.357184886932373
165395,3.3624634742736816
165495,3.383577823638916
165595,3.373020648956299
165695,3.373020648956299
165795,3.399413585662842
165895,3.4152493476867676
165995,3.394134998321533
166095,3.383577823638916
166195,3.4046921730041504
166295,3.4046921730041504
166395,3.383577823638916
166495,3.3624634742736816
166595,3.3782992362976074
166695,3.373020648956299
166795,3.357184886932373
166895,3.3888564109802246
166995,3.394134998321533
167095,3.3888564109802246
167195,3.383577823638916
167295,3.3888564109802246
167395,3.399413585662842
167495,3.383577823638916
167595,3.3888564109802246
167695,3.399413585662842
167795,3.373020648956299
167895,3.383577823638916
167995,3.3782992362976074
168095,3.357184886932373
168195,3.3624634742736816
168295,3.3624634742736816
168395,3.3624634742736816
168495,3.3360705375671387
168595,3.3413491249084473
168695,3.3782992362976074
168795,3.399413585662842
168895,3.394134998321533
168995,3.383577823638916
169095,3.394134998321533
169195,3.3782992362976074
169295,3.3888564109802246
169395,3.394134998321533
169495,3.383577823638916
169595,3.373020648956299
169695,3.3677420616149902
169795,3.3782992362976074
169895,3.373020648956299
169995,3.3782992362976074
170095,3.3677420616149902
170195,3.3624634742736816
170295,3.357184886932373
170395,3.373020648956299
170495,3.373020648956299
170595,3.3888564109802246
170695,3.3888564109802246
170795,3.394134998321533
170895,3.394134998321533
170995,3.373020648956299
171095,3.373020648956299
171195,3.399413585662842
171295,3.399413585662842
171395,3.383577823638916
171495,3.373020648956299
171595,3.3519062995910645
171695,3.357184886932373
171795,3.373020648956299
171895,3.383577823638916
171995,3.3888564109802246
172095,3.399413585662842
172195,3.409970760345459
172295,3.4046921730041504
172395,3.4046921730041504
172495,3.3782992362976074
172595,3.3624634742736816
172695,3.346627712249756
172795,3.33079195022583
172895,3.3149561882019043
172995,3.33079195022583
173095,3.3624634742736816
173195,3.3888564109802246
173295,3.357184886932373
173395,3.3624634742736816
173495,3.3624634742736816
173595,3.3677420616149902
173695,3.399413585662842
173795,3.373020648956299
173895,3.346627712249756
173995,3.346627712249756
174095,3.3413491249084473
174195,3.3519062995910645
174295,3.3624634742736816
174395,3.3519062995910645
174495,3.383577823638916
174595,3.409970760345459
174695,3.4046921730041504
174795,3.394134998321533
174895,3.394134998321533
174995,3.3888564109802246
175095,3.3782992362976074
175195,3.3519062995910645
175295,3.3413491249084473
175395,3.357184886932373
175495,3.357184886932373
175595,3.3413491249084473
175695,3.3519062995910645
175795,3.3677420616149902
175895,3.383577823638916
175995,3.383577823638916
176095,3.3888564109802246
176195,3.383577823638916
176295,3.394134998321533
176395,3.3888564109802246
176495,3.357184886932373
176595,3.357184886932373
176695,3.3624634742736816
176795,3.373020648956299
176895,3.357184886932373
176995,3.346627712249756
177095,3.346627712249756
177195,3.357184886932373
177295,3.357184886932373
177395,3.3519062995910645
177495,3.3519062995910645
177595,3.3413491249084473
177695,3.357184886932373
177795,3.357184886932373
177895,3.3782992362976074
177995,3.409970760345459
178095,3.409970760345459
178195,3.399413585662842
178295,3.409970760345459
178395,3.3413491249084473
178495,3.3096776008605957
178595,3.267448902130127
178695,3.241055965423584
178795,3.2621703147888184
178895,3.3255133628845215
178995,3.357184886932373
179095,3.394134998321533
179195,3.4046921730041504
179295,3.399413585662842
179395,3.394134998321533
179495,3.409970760345459
179595,3.394134998321533
179695,3.3624634742736816
179795,3.346627712249756
179895,3.3413491249084473
179995,3.3413491249084473
180095,3.3413491249084473
180195,3.346627712249756
180295,3.357184886932373
180395,3.3677420616149902
180495,3.383577823638916
180595,3.3782992362976074
180695,3.373020648956299
180795,3.3677420616149902
180895,3.394134998321533
180995,3.394134998321533
181095,3.357184886932373
181195,3.3360705375671387
181295,3.3255133628845215
181395,3.3413491249084473
181495,3.3519062995910645
181595,3.3519062995910645
181695,3.3413491249084473
181795,3.357184886932373
181895,3.373020648956299
181995,3.3677420616149902
182095,3.373020648956299
182195,3.373020648956299
182295,3.373020648956299
182395,3.383577823638916
182495,3.357184886932373
182595,3.3360705375671387
182695,3.3413491249084473
182795,3.3519062995910645
182895,3.373020648956299
182995,3.373020648956299
183095,3.357184886932373
183195,3.3519062995910645
183295,3.3677420616149902
183395,3.373020648956299
183495,3.3624634742736816
183595,3.3782992362976074
183695,3.4046921730041504
183795,3.383577823638916
183895,3.3624634742736816
183995,3.346627712249756
184095,3.3360705375671387
184195,3.3413491249084473
184295,3.3519062995910645
184395,3.373020648956299
184495,3.3782992362976074
184595,3.3677420616149902
184695,3.357184886932373
184795,3.3624634742736816
184895,3.3782992362976074
184995,3.578885793685913
185095,3.55249285697937
185195,3.4838709831237793
185295,3.394134998321533
185395,3.3360705375671387
185495,3.267448902130127
185595,3.2621703147888184
185695,3.2727274894714355
185795,3.267448902130127
185895,3.3096776008605957
359329,3.8322579860687256
359429,3.8322579860687256
359529,3.8322579860687256
359629,3.8322579860687256
359729,3.8322579860687256
359829,3.8322579860687256
359929,3.8322579860687256
360029,3.8322579860687256
360129,3.8322579860687256
360229,3.8322579860687256
360329,3.399413585662842
360429,3.4785923957824707
360529,3.4838709831237793
360629,3.473313808441162
360729,3.4310851097106934
360829,3.473313808441162
360929,3.5102639198303223
361029,3.462756633758545
361129,3.420527935028076
361229,3.373020648956299
361329,3.2463345527648926
361429,3.346627712249756
361529,3.4152493476867676
361629,3.4838709831237793
361729,3.473313808441162
361829,3.489149570465088
361929,3.5049853324890137
362029,3.4785923957824707
362129,3.462756633758545
362229,3.4521994590759277
362329,3.4680352210998535
362429,3.436363697052002
362529,3.4152493476867676
362629,3.4310851097106934
362729,3.409970760345459
362829,3.4046921730041504
362929,3.409970760345459
363029,3.4258065223693848
363129,3.436363697052002
363229,3.4574780464172363
363329,3.462756633758545
363429,3.462756633758545
363529,3.4258065223693848
363629,3.4046921730041504
363729,3.4046921730041504
363829,3.4152493476867676
363929,3.436363697052002
364029,3.4152493476867676
364129,3.420527935028076
364229,3.409970760345459
364329,3.4310851097106934
364429,3.4416422843933105
364529,3.4152493476867676
364629,3.4046921730041504
364729,3.420527935028076
364829,3.420527935028076
364929,3.399413585662842
365029,3.409970760345459
365129,3.4310851097106934
365229,3.4152493476867676
365329,3.409970760345459
365429,3.399413585662842
365529,3.4046921730041504
365629,3.4258065223693848
365729,3.394134998321533
365829,3.394134998321533
365929,3.4046921730041504
366029,3.399413585662842
366129,3.4046921730041504
366229,3.399413585662842
366329,3.3888564109802246
366429,3.4046921730041504
366529,3.373020648956299
366629,3.3782992362976074
366729,3.394134998321533
366829,3.394134998321533
366929,3.4258065223693848
367029,3.420527935028076
367129,3.394134998321533
367229,3.383577823638916
367329,3.3888564109802246
367429,3.4152493476867676
367529,3.3888564109802246
367629,3.3782992362976074
367729,3.3782992362976074
367829,3.399413585662842
367929,3.4046921730041504
368029,3.394134998321533
368129,3.394134998321533
368229,3.3677420616149902
368329,3.394134998321533
368429,3.394134998321533
368529,3.383577823638916
368629,3.3888564109802246
368729,3.399413585662842
368829,3.383577823638916
368929,3.394134998321533
369029,3.3782992362976074
369129,3.3677420616149902
369229,3.373020648956299
369329,3.373020648956299
369429,3.4046921730041504
369529,3.394134998321533
369629,3.3782992362976074
369729,3.3624634742736816
369829,3.383577823638916
369929,3.3782992362976074
370029,3.373020648956299
370129,3.3888564109802246
370229,3.3677420616149902
370329,3.3624634742736816
370429,3.357184886932373
370529,3.357184886932373
370629,3.3677420616149902
370729,3.3624634742736816
370829,3.357184886932373
370929,3.3624634742736816
371029,3.357184886932373
371129,3.3519062995910645
371229,3.3413491249084473
371329,3.357184886932373
371429,3.3624634742736816
371529,3.357184886932373
371629,3.3677420616149902
371729,3.3677420616149902
371829,3.3888564109802246
371929,3.3519062995910645
372029,3.3677420616149902
372129,3.383577823638916
372229,3.3888564109802246
372329,3.394134998321533
372429,3.3782992362976074
372529,3.3360705375671387
372629,3.3413491249084473
372729,3.3519062995910645
372829,3.373020648956299
372929,3.3624634742736816
373029,3.3624634742736816
373129,3.3677420616149902
373229,3.357184886932373
373329,3.357184886932373
373429,3.3413491249084473
373529,3.3519062995910645
373629,3.3624634742736816
373729,3.357184886932373
373829,3.3413491249084473
373929,3.3360705375671387
374029,3.3360705375671387
374129,3.3255133628845215
374229,3.357184886932373
374329,3.373020648956299
374429,3.3624634742736816
374529,3.3677420616149902
374629,3.3677420616149902
374729,3.3624634742736816
374829,3.357184886932373
374929,3.346627712249756
375029,3.346627712249756
375129,3.3360705375671387
375229,3.3413491249084473
375329,3.357184886932373
375429,3.3360705375671387
375529,3.357184886932373
375629,3.3624634742736816
375729,3.3519062995910645
375829,3.3782992362976074
375929,3.357184886932373
376029,3.3360705375671387
376129,3.3413491249084473
376229,3.3519062995910645
376329,3.3360705375671387
376429,3.3519062995910645
376529,3.346627712249756
376629,3.3519062995910645
376729,3.383577823638916
376829,3.3519062995910645
376929,3.3360705375671387
377029,3.3360705375671387
377129,3.3255133628845215
377229,3.320234775543213
377329,3.3360705375671387
377429,3.346627712249756
377529,3.3360705375671387
377629,3.3149561882019043
377729,3.320234775543213
377829,3.320234775543213
377929,3.3255133628845215
378029,3.3413491249084473
378129,3.3624634742736816
378229,3.346627712249756
378329,3.3255133628845215
378429,3.320234775543213
378529,3.33079195022583
378629,3.33079195022583
378729,3.3360705375671387
378829,3.346627712249756
378929,3.346627712249756
379029,3.3624634742736816
379129,3.3624634742736816
379229,3.3519062995910645
379329,3.3413491249084473
379429,3.346627712249756
379529,3.33079195022583
379629,3.3360705375671387
379729,3.346627712249756
379829,3.346627712249756
379929,3.320234775543213
380029,3.320234775543213
380129,3.320234775543213
380229,3.304399013519287
380329,3.3149561882019043
380429,3.3255133628845215
380529,3.346627712249756
380629,3.3360705375671387
380729,3.3413491249084473
380829,3.346627712249756
380929,3.33079195022583
381029,3.3255133628845215
381129,3.320234775543213
381229,3.320234775543213
381329,3.304399013519287
381429,3.3149561882019043
381529,3.3255133628845215
381629,3.320234775543213
381729,3.3413491249084473
381829,3.3413491249084473
381929,3.3255133628845215
382029,3.3677420616149902
382129,3.373020648956299
382229,3.346627712249756
382329,3.3360705375671387
382429,3.320234775543213
382529,3.33079195022583
382629,3.320234775543213
382729,3.3096776008605957
382829,3.3149561882019043
382929,3.3096776008605957
383029,3.3360705375671387
383129,3.3360705375671387
383229,3.3255133628845215
383329,3.3360705375671387
383429,3.3413491249084473
383529,3.3255133628845215
383629,3.3255133628845215
383729,3.33079195022583
383829,3.33079195022583
383929,3.3149561882019043
384029,3.3096776008605957
384129,3.304399013519287
384229,3.3149561882019043
384329,3.2991204261779785
384429,3.2621703147888184
384529,3.2727274894714355
384629,3.2568917274475098
384729,3.241055965423584
384829,3.304399013519287
384929,3.3255133628845215
385029,3.357184886932373
385129,3.3413491249084473
385229,3.3360705375671387
385329,3.3519062995910645
385429,3.357184886932373
385529,3.346627712249756
385629,3.33079195022583
385729,3.3255133628845215
385829,3.29384183883667
385929,3.278006076812744
386029,3.2832846641540527
386129,3.251613140106201
386229,3.2885632514953613
386329,3.267448902130127
386429,3.320234775543213
386529,3.383577823638916
386629,3.3360705375671387
386729,3.304399013519287
386829,3.2991204261779785
386929,3.320234775543213
387029,3.33079195022583
387129,3.3096776008605957
387229,3.304399013519287
387329,3.29384183883667
387429,3.304399013519287
387529,3.3096776008605957
387629,3.29384183883667
387729,3.29384183883667
387829,3.304399013519287
387929,3.320234775543213
388029,3.3255133628845215
388129,3.2621703147888184
388229,3.251613140106201
388329,3.251613140106201
388429,3.2568917274475098
388529,3.29384183883667
388629,3.320234775543213
388729,3.357184886932373
388829,3.346627712249756
388929,3.3255133628845215
389029,3.33079195022583
389129,3.3360705375671387
389229,3.304399013519287
389329,3.3149561882019043
389429,3.3096776008605957
389529,3.3255133628845215
389629,3.320234775543213
389729,3.320234775543213
389829,3.33079195022583
389929,3.304399013519287
390029,3.3149561882019043
390129,3.2991204261779785
390229,3.2885632514953613
390329,3.304399013519287
390429,3.346627712249756
390529,3.3519062995910645
390629,3.3360705375671387
390729,3.320234775543213
390829,3.3255133628845215
390929,3.304399013519287
391029,3.2885632514953613
391129,3.2885632514953613
391229,3.29384183883667
391329,3.2991204261779785
391429,3.3149561882019043
391529,3.3360705375671387
391629,3.33079195022583
391729,3.33079195022583
391829,3.3096776008605957
391929,3.304399013519287
392029,3.2991204261779785
392129,3.3096776008605957
392229,3.2885632514953613
392329,3.2991204261779785
392429,3.2991204261779785
392529,3.304399013519287
392629,3.2991204261779785
392729,3.2991204261779785
392829,3.29384183883667
392929,3.2991204261779785
393029,3.2991204261779785
393129,3.320234775543213
393229,3.3255133628845215
393329,3.3149561882019043
393429,3.3360705375671387
393529,3.33079195022583
393629,3.3096776008605957
393729,3.3096776008605957
393829,3.320234775543213
393929,3.320234775543213
394029,3.3096776008605957
394129,3.2991204261779785
394229,3.304399013519287
394329,3.320234775543213
394429,3.3096776008605957
394529,3.320234775543213
394629,3.320234775543213
394729,3.3149561882019043
394829,3.3255133628845215
394929,3.3096776008605957
395029,3.3255133628845215
395129,3.3149561882019043
395229,3.3096776008605957
395329,3.3149561882019043
395429,3.2885632514953613
395529,3.29384183883667
395629,3.267448902130127
395729,3.225220203399658
395829,3.2463345527648926
395929,3.278006076812744
396029,3.304399013519287
396129,3.3096776008605957
396229,3.320234775543213
396329,3.320234775543213
396429,3.320234775543213
396529,3.2991204261779785
396629,3.2991204261779785
396729,3.3360705375671387
396829,3.3149561882019043
396929,3.2885632514953613
397029,3.304399013519287
397129,3.2991204261779785
397229,3.3149561882019043
397329,3.2991204261779785
397429,3.2991204261779785
397529,3.304399013519287
397629,3.278006076812744
397729,3.3149561882019043
397829,3.2991204261779785
397929,3.3096776008605957
398029,3.3255133628845215
398129,3.29384183883667
398229,3.2832846641540527
398329,3.2885632514953613
398429,3.278006076812744
398529,3.278006076812744
398629,3.278006076812744
398729,3.2463345527648926
398829,3.2621703147888184
398929,3.2727274894714355
399029,3.2727274894714355
399129,3.29384183883667
399229,3.3096776008605957
399329,3.2991204261779785
399429,3.304399013519287
399529,3.3096776008605957
399629,3.320234775543213
399729,3.320234775543213
399829,3.304399013519287
399929,3.29384183883667
400029,3.29384183883667
400129,3.3149561882019043
400229,3.2991204261779785
400329,3.3149561882019043
400429,3.3149561882019043
400529,3.320234775543213
400629,3.2991204261779785
400729,3.2991204261779785
400829,3.304399013519287
400929,3.2991204261779785
401029,3.2832846641540527
401129,3.2885632514953613
401229,3.3149561882019043
401329,3.2991204261779785
401429,3.278006076812744
401529,3.2727274894714355
401629,3.2727274894714355
401729,3.278006076812744
401829,3.2727274894714355
401929,3.2463345527648926
402029,3.2991204261779785
402129,3.2832846641540527
402229,3.304399013519287
402329,3.278006076812744
402429,3.2727274894714355
402529,3.2832846641540527
402629,3.2885632514953613
402729,3.3096776008605957
402829,3.2885632514953613
402929,3.2885632514953613
403029,3.278006076812744
403129,3.2727274894714355
403229,3.267448902130127
403329,3.267448902130127
403429,3.2885632514953613
403529,3.2621703147888184
403629,3.251613140106201
403729,3.29384183883667
403829,3.2885632514953613
403929,3.29384183883667
404029,3.320234775543213
404129,3.346627712249756
404229,3.304399013519287
404329,3.2991204261779785
404429,3.304399013519287
404529,3.29384183883667
404629,3.3096776008605957
404729,3.3096776008605957
404829,3.2727274894714355
404929,3.2621703147888184
405029,3.2727274894714355
405129,3.2727274894714355
405229,3.2832846641540527
405329,3.2832846641540527
405429,3.2568917274475098
405529,3.2885632514953613
405629,3.3096776008605957
405729,3.2991204261779785
405829,3.2727274894714355
405929,3.278006076812744
406029,3.267448902130127
406129,3.278006076812744
406229,3.2991204261779785
406329,3.2885632514953613
406429,3.2885632514953613
406529,3.278006076812744
406629,3.2568917274475098
406729,3.278006076812744
406829,3.2832846641540527
406929,3.29384183883667
407029,3.304399013519287
407129,3.3149561882019043
407229,3.2991204261779785
407329,3.2991204261779785
407429,3.304399013519287
407529,3.29384183883667
407629,3.29384183883667
407729,3.29384183883667
407829,3.2885632514953613
407929,3.267448902130127
408029,3.2885632514953613
408129,3.267448902130127
408229,3.2727274894714355
408329,3.29384183883667
408429,3.304399013519287
408529,3.2991204261779785
408629,3.3096776008605957
408729,3.2991204261779785
408829,3.2991204261779785
408929,3.278006076812744
409029,3.2621703147888184
409129,3.267448902130127
409229,3.2357773780822754
409329,3.251613140106201
409429,3.2568917274475098
409529,3.2568917274475098
409629,3.2463345527648926
409729,3.2463345527648926
409829,3.2568917274475098
409929,3.278006076812744
410029,3.2832846641540527
410129,3.278006076812744
410229,3.2832846641540527
410329,3.29384183883667
410429,3.304399013519287
410529,3.2885632514953613
410629,3.2832846641540527
410729,3.2991204261779785
410829,3.278006076812744
410929,3.278006076812744
411029,3.29384183883667
411129,3.3149561882019043
411229,3.2991204261779785
411329,3.29384183883667
411429,3.267448902130127
411529,3.267448902130127
411629,3.267448902130127
411729,3.278006076812744
411829,3.2885632514953613
411929,3.304399013519287
412029,3.2885632514953613
412129,3.2832846641540527
412229,3.2568917274475098
412329,3.2463345527648926
412429,3.2885632514953613
412529,3.2463345527648926
412629,3.230498790740967
412729,3.2199416160583496
412829,3.251613140106201
412929,3.2832846641540527
413029,3.3096776008605957
413129,3.304399013519287
413229,3.2991204261779785
413329,3.267448902130127
413429,3.2093844413757324
413529,3.1777124404907227
413629,3.1777124404907227
413729,3.161876678466797
413829,3.172433853149414
413929,3.225220203399658
414029,3.304399013519287
414129,3.33079195022583
414229,3.3519062995910645
414329,3.373020648956299
414429,3.3519062995910645
414529,3.346627712249756
414629,3.33079195022583
414729,3.2832846641540527
414829,3.3149561882019043
414929,3.2727274894714355
415029,3.230498790740967
415129,3.214663028717041
415229,3.241055965423584
415329,3.278006076812744
415429,3.33079195022583
415529,3.3360705375671387
415629,3.2991204261779785
415729,3.2832846641540527
415829,3.3096776008605957
415929,3.278006076812744
416029,3.2885632514953613
416129,3.2568917274475098
416229,3.2568917274475098
416329,3.2727274894714355
416429,3.320234775543213
416529,3.225220203399658
416629,3.225220203399658
416729,3.278006076812744
416829,3.29384183883667
416929,3.2832846641540527
417029,3.304399013519287
417129,3.267448902130127
417229,3.225220203399658
417329,3.161876678466797
417429,3.1777124404907227
417529,3.2041053771972656
417629,3.2832846641540527
417729,3.29384183883667
417829,3.2621703147888184
417929,3.304399013519287
418029,3.2991204261779785
418129,3.2727274894714355
418229,3.2621703147888184
418329,3.2885632514953613
418429,3.225220203399658
418529,3.2357773780822754
418629,3.2832846641540527
418729,3.278006076812744
418829,3.2727274894714355
418929,3.2463345527648926
419029,3.2621703147888184
419129,3.29384183883667
419229,3.2727274894714355
419329,3.3413491249084473
419429,3.29384183883667
419529,3.2727274894714355
419629,3.33079195022583
419729,3.2568917274475098
419829,3.241055965423584
419929,3.2463345527648926
420029,3.2568917274475098
420129,3.3149561882019043
420229,3.267448902130127
420329,3.2621703147888184
420429,3.2463345527648926
420529,3.2727274894714355
420629,3.304399013519287
420729,3.2991204261779785
420829,3.278006076812744
420929,3.2832846641540527
421029,3.29384183883667
421129,3.304399013519287
421229,3.29384183883667
421329,3.2357773780822754
421429,3.267448902130127
421529,3.29384183883667
421629,3.267448902130127
421729,3.278006076812744
421829,3.241055965423584
421929,3.2357773780822754
422029,3.2621703147888184
422129,3.29384183883667
422229,3.2885632514953613
422329,3.2727274894714355
422429,3.2885632514953613
422529,3.2991204261779785
422629,3.2885632514953613
422729,3.2832846641540527
422829,3.2621703147888184
422929,3.2463345527648926
423029,3.2832846641540527
423129,3.29384183883667
423229,3.278006076812744
423329,3.2357773780822754
423429,3.2568917274475098
423529,3.267448902130127
423629,3.267448902130127
423729,3.267448902130127
423829,3.2885632514953613
423929,3.304399013519287
424029,3.2832846641540527
424129,3.2727274894714355
424229,3.2832846641540527
424329,3.251613140106201
424429,3.278006076812744
424529,3.2621703147888184
424629,3.2621703147888184
424729,3.2832846641540527
424829,3.2727274894714355
424929,3.267448902130127
425029,3.2885632514953613
425129,3.320234775543213
425229,3.29384183883667
425329,3.2885632514953613
425429,3.2463345527648926
425529,3.198826789855957
425629,3.2357773780822754
425729,3.230498790740967
425829,3.251613140106201
425929,3.2832846641540527
426029,3.3360705375671387
426129,3.304399013519287
426229,3.2568917274475098
426329,3.214663028717041
426429,3.2568917274475098
426529,3.267448902130127
426629,3.29384183883667
426729,3.320234775543213
426829,3.2463345527648926
426929,3.241055965423584
427029,3.2991204261779785
427129,3.241055965423584
427229,3.241055965423584
427329,3.225220203399658
427429,3.2463345527648926
427529,3.304399013519287
427629,3.304399013519287
427729,3.3096776008605957
427829,3.2727274894714355
427929,3.230498790740967
428029,3.225220203399658
428129,3.267448902130127
428229,3.278006076812744
428329,3.2885632514953613
428429,3.2621703147888184
428529,3.241055965423584
428629,3.2463345527648926
428729,3.2463345527648926
428829,3.2727274894714355
428929,3.2832846641540527
429029,3.304399013519287
429129,3.2885632514953613
429229,3.267448902130127
429329,3.2727274894714355
429429,3.29384183883667
429529,3.2832846641540527
429629,3.2621703147888184
429729,3.214663028717041
429829,3.225220203399658
429929,3.2357773780822754
430029,3.267448902130127
430129,3.29384183883667
430229,3.278006076812744
430329,3.278006076812744
430429,3.29384183883667
430529,3.2885632514953613
430629,3.2727274894714355
430729,3.2357773780822754
430829,3.225220203399658
430929,3.241055965423584
431029,3.230498790740967
431129,3.214663028717041
431229,3.214663028717041
431329,3.2199416160583496
431429,3.241055965423584
431529,3.278006076812744
431629,3.3360705375671387
431729,3.2991204261779785
431829,3.2199416160583496
431929,3.18826961517334
432029,3.2199416160583496
432129,3.241055965423584
432229,3.2621703147888184
432329,3.278006076812744
432429,3.3096776008605957
432529,3.304399013519287
432629,3.33079195022583
432729,3.2832846641540527
432829,3.29384183883667
432929,3.2463345527648926
433029,3.230498790740967
433129,3.2463345527648926
433229,3.2621703147888184
433329,3.2463345527648926
433429,3.3096776008605957
433529,3.320234775543213
433629,3.278006076812744
433729,3.2621703147888184
433829,3.230498790740967
433929,3.2463345527648926
434029,3.2463345527648926
434129,3.2832846641540527
434229,3.267448902130127
434329,3.2832846641540527
434429,3.2991204261779785
434529,3.33079195022583
434629,3.29384183883667
434729,3.267448902130127
434829,3.2093844413757324
434929,3.2041053771972656
435029,3.225220203399658
435129,3.241055965423584
435229,3.2463345527648926
435329,3.2357773780822754
435429,3.251613140106201
435529,3.278006076812744
435629,3.3149561882019043
435729,3.2991204261779785
435829,3.278006076812744
435929,3.2832846641540527
436029,3.2568917274475098
436129,3.251613140106201
436229,3.2463345527648926
436329,3.230498790740967
436429,3.241055965423584
436529,3.225220203399658
436629,3.241055965423584
436729,3.2568917274475098
436829,3.2463345527648926
436929,3.267448902130127
437029,3.267448902130127
437129,3.2727274894714355
437229,3.251613140106201
437329,3.2621703147888184
437429,3.29384183883667
437529,3.2727274894714355
437629,3.2568917274475098
437729,3.2568917274475098
437829,3.241055965423584
437929,3.2727274894714355
438029,3.2621703147888184
438129,3.251613140106201
438229,3.2568917274475098
438329,3.267448902130127
438429,3.2832846641540527
438529,3.278006076812744
438629,3.2568917274475098
438729,3.278006076812744
438829,3.2727274894714355
438929,3.2727274894714355
439029,3.278006076812744
439129,3.251613140106201
439229,3.2357773780822754
439329,3.241055965423584
439429,3.251613140106201
439529,3.2621703147888184
439629,3.2621703147888184
439729,3.251613140106201
439829,3.278006076812744
439929,3.2727274894714355
440029,3.2463345527648926
440129,3.251613140106201
440229,3.2568917274475098
440329,3.267448902130127
440429,3.267448902130127
440529,3.2568917274475098
440629,3.2621703147888184
440729,3.2568917274475098
440829,3.2568917274475098
440929,3.2621703147888184
441029,3.2621703147888184
441129,3.2727274894714355
441229,3.2568917274475098
441329,3.2621703147888184
441429,3.278006076812744
441529,3.2727274894714355
441629,3.2727274894714355
441729,3.2727274894714355
441829,3.2621703147888184
441929,3.214663028717041
442029,3.241055965423584
442129,3.241055965423584
442229,3.2568917274475098
442329,3.2621703147888184
442429,3.2463345527648926
442529,3.241055965423584
442629,3.230498790740967
442729,3.2199416160583496
442829,3.225220203399658
442929,3.251613140106201
443029,3.2568917274475098
443129,3.2463345527648926
443229,3.2621703147888184
443329,3.2621703147888184
443429,3.267448902130127
443529,3.2568917274475098
443629,3.241055965423584
443729,3.241055965423584
443829,3.241055965423584
443929,3.1935482025146484
444029,3.1935482025146484
444129,3.1829910278320312
444229,3.241055965423584
444329,3.225220203399658
444429,3.1935482025146484
444529,3.198826789855957
444629,3.18826961517334
444729,3.198826789855957
444829,3.230498790740967
444929,3.2357773780822754
445029,3.2621703147888184
445129,3.2727274894714355
445229,3.2357773780822754
445329,3.2357773780822754
445429,3.267448902130127
445529,3.2621703147888184
445629,3.2041053771972656
445729,3.2093844413757324
445829,3.230498790740967
445929,3.225220203399658
446029,3.2041053771972656
446129,3.18826961517334
446229,3.1935482025146484
446329,3.2199416160583496
446429,3.241055965423584
446529,3.241055965423584
446629,3.241055965423584
446729,3.2199416160583496
446829,3.214663028717041
446929,3.2463345527648926
447029,3.1935482025146484
447129,3.161876678466797
447229,3.1407623291015625
447329,3.1671552658081055
447429,3.241055965423584
447529,3.230498790740967
447629,3.230498790740967
447729,3.251613140106201
447829,3.2357773780822754
447929,3.241055965423584
448029,3.2357773780822754
448129,3.2357773780822754
448229,3.225220203399658
448329,3.230498790740967
448429,3.2463345527648926
448529,3.2463345527648926
448629,3.230498790740967
448729,3.2463345527648926
448829,3.251613140106201
448929,3.2621703147888184
449029,3.2463345527648926
449129,3.2568917274475098
449229,3.2357773780822754
449329,3.225220203399658
449429,3.2357773780822754
449529,3.225220203399658
449629,3.214663028717041
449729,3.225220203399658
449829,3.230498790740967
449929,3.241055965423584
450029,3.241055965423584
450129,3.2357773780822754
450229,3.2041053771972656
450329,3.2041053771972656
450429,3.2093844413757324
450529,3.241055965423584
450629,3.251613140106201
450729,3.225220203399658
450829,3.251613140106201
450929,3.230498790740967
451029,3.2357773780822754
451129,3.2199416160583496
451229,3.214663028717041
451329,3.2041053771972656
451429,3.198826789855957
451529,3.225220203399658
451629,3.225220203399658
451729,3.18826961517334
451829,3.161876678466797
451929,3.241055965423584
452029,3.241055965423584
452129,3.267448902130127
452229,3.2568917274475098
452329,3.241055965423584
452429,3.2568917274475098
452529,3.214663028717041
452629,3.214663028717041
452729,3.2357773780822754
452829,3.2093844413757324
452929,3.225220203399658
453029,3.230498790740967
453129,3.230498790740967
453229,3.2041053771972656
453329,3.172433853149414
453429,3.161876678466797
453529,3.1777124404907227
453629,3.2093844413757324
453729,3.225220203399658
453829,3.2568917274475098
453929,3.2621703147888184
454029,3.2727274894714355
454129,3.241055965423584
454229,3.251613140106201
454329,3.251613140106201
454429,3.230498790740967
454529,3.230498790740967
454629,3.251613140106201
454729,3.2199416160583496
454829,3.2463345527648926
454929,3.2568917274475098
455029,3.2357773780822754
455129,3.241055965423584
455229,3.225220203399658
455329,3.225220203399658
455429,3.2357773780822754
455529,3.225220203399658
455629,3.214663028717041
455729,3.225220203399658
455829,3.225220203399658
455929,3.198826789855957
456029,3.2093844413757324
456129,3.214663028717041
456229,3.2093844413757324
456329,3.198826789855957
456429,3.1777124404907227
456529,3.214663028717041
456629,3.2093844413757324
456729,3.198826789855957
456829,3.2093844413757324
456929,3.214663028717041
457029,3.251613140106201
457129,3.225220203399658
457229,3.251613140106201
457329,3.2357773780822754
457429,3.225220203399658
457529,3.230498790740967
457629,3.2041053771972656
457729,3.2093844413757324
457829,3.214663028717041
457929,3.225220203399658
458029,3.2463345527648926
458129,3.2568917274475098
458229,3.2357773780822754
458329,3.230498790740967
458429,3.2463345527648926
458529,3.267448902130127
458629,3.2568917274475098
458729,3.2568917274475098
458829,3.267448902130127
458929,3.2568917274475098
459029,3.2357773780822754
459129,3.214663028717041
459229,3.214663028717041
459329,3.225220203399658
459429,3.225220203399658
459529,3.2199416160583496
459629,3.2357773780822754
459729,3.2621703147888184
459829,3.267448902130127
459929,3.2463345527648926
460029,3.241055965423584
460129,3.2357773780822754
460229,3.1935482025146484
460329,3.198826789855957
460429,3.214663028717041
460529,3.2041053771972656
460629,3.1935482025146484
460729,3.198826789855957
460829,3.230498790740967
460929,3.230498790740967
461029,3.2621703147888184
461129,3.267448902130127
461229,3.251613140106201
461329,3.241055965423584
461429,3.241055965423584
461529,3.225220203399658
461629,3.2463345527648926
461729,3.2199416160583496
461829,3.2041053771972656
461929,3.214663028717041
462029,3.2199416160583496
462129,3.1829910278320312
462229,3.2041053771972656
462329,3.230498790740967
462429,3.230498790740967
462529,3.2357773780822754
462629,3.251613140106201
462729,3.2357773780822754
462829,3.2621703147888184
462929,3.241055965423584
463029,3.241055965423584
463129,3.230498790740967
463229,3.225220203399658
463329,3.214663028717041
463429,3.2093844413757324
463529,3.2041053771972656
463629,3.2199416160583496
463729,3.198826789855957
463829,3.214663028717041
463929,3.2463345527648926
464029,3.225220203399658
464129,3.2093844413757324
464229,3.214663028717041
464329,3.1829910278320312
464429,3.214663028717041
464529,3.225220203399658
464629,3.2199416160583496
464729,3.225220203399658
464829,3.241055965423584
464929,3.2568917274475098
465029,3.2568917274475098
465129,3.2568917274475098
465229,3.2463345527648926
465329,3.241055965423584
465429,3.2199416160583496
465529,3.2199416160583496
465629,3.1935482025146484
465729,3.18826961517334
465829,3.1935482025146484
465929,3.2199416160583496
466029,3.230498790740967
466129,3.2463345527648926
466229,3.2357773780822754
466329,3.214663028717041
466429,3.2093844413757324
466529,3.2357773780822754
466629,3.214663028717041
466729,3.241055965423584
466829,3.2357773780822754
466929,3.230498790740967
467029,3.2357773780822754
467129,3.2093844413757324
467229,3.225220203399658
467329,3.2463345527648926
467429,3.2357773780822754
467529,3.2357773780822754
467629,3.2463345527648926
467729,3.2463345527648926
467829,3.230498790740967
467929,3.214663028717041
468029,3.230498790740967
468129,3.230498790740967
468229,3.225220203399658
468329,3.2199416160583496
468429,3.2357773780822754
468529,3.2199416160583496
468629,3.214663028717041
468729,3.230498790740967
468829,3.230498790740967
468929,3.251613140106201
469029,3.2357773780822754
469129,3.241055965423584
469229,3.214663028717041
469329,3.2199416160583496
469429,3.2093844413757324
469529,3.198826789855957
469629,3.1935482025146484
469729,3.214663028717041
469829,3.225220203399658
469929,3.2093844413757324
470029,3.225220203399658
470129,3.2199416160583496
470229,3.2093844413757324
470329,3.214663028717041
470429,3.214663028717041
470529,3.2357773780822754
470629,3.2357773780822754
470729,3.251613140106201
470829,3.241055965423584
470929,3.225220203399658
471029,3.225220203399658
471129,3.230498790740967
471229,3.230498790740967
471329,3.225220203399658
471429,3.225220203399658
471529,3.225220203399658
471629,3.230498790740967
471729,3.2199416160583496
471829,3.225220203399658
471929,3.230498790740967
472029,3.2463345527648926
472129,3.225220203399658
472229,3.241055965423584
472329,3.2357773780822754
472429,3.214663028717041
472529,3.2199416160583496
472629,3.225220203399658
472729,3.251613140106201
472829,3.251613140106201
472929,3.230498790740967
473029,3.2199416160583496
473129,3.230498790740967
473229,3.2199416160583496
473329,3.2041053771972656
473429,3.198826789855957
473529,3.214663028717041
473629,3.2093844413757324
473729,3.2199416160583496
473829,3.241055965423584
473929,3.241055965423584
474029,3.241055965423584
474129,3.2199416160583496
474229,3.225220203399658
474329,3.2199416160583496
474429,3.214663028717041
474529,3.2093844413757324
474629,3.214663028717041
474729,3.2041053771972656
474829,3.2041053771972656
474929,3.225220203399658
475029,3.225220203399658
475129,3.2199416160583496
475229,3.2041053771972656
475329,3.2041053771972656
475429,3.225220203399658
475529,3.225220203399658
475629,3.225220203399658
475729,3.2199416160583496
475829,3.225220203399658
475929,3.225220203399658
476029,3.214663028717041
476129,3.230498790740967
476229,3.225220203399658
476329,3.225220203399658
476429,3.225220203399658
476529,3.2093844413757324
476629,3.225220203399658
476729,3.230498790740967
476829,3.2041053771972656
476929,3.241055965423584
477029,3.2041053771972656
477129,3.198826789855957
477229,3.225220203399658
477329,3.18826961517334
477429,3.251613140106201
477529,3.225220203399658
477629,3.2568917274475098
477729,3.214663028717041
477829,3.198826789855957
477929,3.2093844413757324
478029,3.2199416160583496
478129,3.225220203399658
478229,3.225220203399658
478329,3.1935482025146484
478429,3.2093844413757324
478529,3.198826789855957
478629,3.1829910278320312
478729,3.1829910278320312
478829,3.198826789855957
478929,3.172433853149414
479029,3.172433853149414
479129,3.172433853149414
479229,3.1777124404907227
479329,3.1777124404907227
479429,3.225220203399658
479529,3.225220203399658
479629,3.2357773780822754
479729,3.2568917274475098
479829,3.241055965423584
479929,3.230498790740967
480029,3.2357773780822754
480129,3.2093844413757324
480229,3.198826789855957
480329,3.1935482025146484
480429,3.1829910278320312
480529,3.214663028717041
480629,3.2041053771972656
480729,3.214663028717041
480829,3.225220203399658
480929,3.2357773780822754
481029,3.214663028717041
481129,3.214663028717041
481229,3.2041053771972656
481329,3.198826789855957
481429,3.2093844413757324
481529,3.2041053771972656
481629,3.2093844413757324
481729,3.2041053771972656
481829,3.1935482025146484
481929,3.1935482025146484
482029,3.18826961517334
482129,3.225220203399658
482229,3.2041053771972656
482329,3.18826961517334
482429,3.2041053771972656
482529,3.2199416160583496
482629,3.241055965423584
482729,3.241055965423584
482829,3.230498790740967
482929,3.18826961517334
483029,3.1935482025146484
483129,3.2199416160583496
483229,3.1777124404907227
483329,3.18826961517334
483429,3.1777124404907227
483529,3.1777124404907227
483629,3.214663028717041
483729,3.2463345527648926
483829,3.2357773780822754
483929,3.241055965423584
484029,3.2463345527648926
484129,3.2093844413757324
484229,3.2041053771972656
484329,3.198826789855957
484429,3.1935482025146484
484529,3.18826961517334
484629,3.18826961517334
484729,3.1935482025146484
484829,3.2357773780822754
484929,3.225220203399658
485029,3.198826789855957
485129,3.2041053771972656
485229,3.1935482025146484
485329,3.2041053771972656
485429,3.18826961517334
485529,3.1935482025146484
485629,3.198826789855957
485729,3.18826961517334
485829,3.1829910278320312
485929,3.2093844413757324
486029,3.2041053771972656
486129,3.2093844413757324
486229,3.18826961517334
486329,3.2093844413757324
486429,3.2041053771972656
486529,3.2199416160583496
486629,3.198826789855957
486729,3.2041053771972656
486829,3.1935482025146484
486929,3.18826961517334
487029,3.2199416160583496
487129,3.230498790740967
487229,3.225220203399658
487329,3.2041053771972656
487429,3.2093844413757324
487529,3.1935482025146484
487629,3.2093844413757324
487729,3.214663028717041
487829,3.2199416160583496
487929,3.2093844413757324
488029,3.2041053771972656
488129,3.214663028717041
488229,3.2041053771972656
488329,3.18826961517334
488429,3.198826789855957
488529,3.2041053771972656
488629,3.2357773780822754
488729,3.214663028717041
488829,3.214663028717041
488929,3.1935482025146484
489029,3.198826789855957
489129,3.2093844413757324
489229,3.2041053771972656
489329,3.2093844413757324
489429,3.198826789855957
489529,3.2199416160583496
489629,3.230498790740967
489729,3.225220203399658
489829,3.2093844413757324
489929,3.1935482025146484
490029,3.198826789855957
490129,3.2093844413757324
490229,3.172433853149414
490329,3.161876678466797
490429,3.198826789855957
490529,3.198826789855957
490629,3.1935482025146484
490729,3.2093844413757324
490829,3.2199416160583496
490929,3.214663028717041
491029,3.2093844413757324
491129,3.214663028717041
491229,3.2041053771972656
491329,3.18826961517334
491429,3.172433853149414
491529,3.1829910278320312
491629,3.18826961517334
491729,3.1935482025146484
491829,3.1935482025146484
491929,3.1829910278320312
492029,3.1829910278320312
492129,3.172433853149414
492229,3.18826961517334
492329,3.2199416160583496
492429,3.18826961517334
492529,3.1671552658081055
492629,3.1513195037841797
492729,3.1829910278320312
492829,3.161876678466797
492929,3.1671552658081055
493029,3.1407623291015625
493129,3.172433853149414
493229,3.146040916442871
493329,3.161876678466797
493429,3.1565980911254883
493529,3.146040916442871
493629,3.172433853149414
493729,3.18826961517334
493829,3.1935482025146484
493929,3.2041053771972656
494029,3.18826961517334
494129,3.1829910278320312
494229,3.18826961517334
494329,3.1829910278320312
494429,3.1935482025146484
494529,3.1935482025146484
494629,3.1935482025146484
494729,3.2093844413757324
494829,3.198826789855957
494929,3.214663028717041
495029,3.230498790740967
495129,3.1935482025146484
495229,3.18826961517334
495329,3.2093844413757324
495429,3.198826789855957
495529,3.1935482025146484
495629,3.1829910278320312
495729,3.1565980911254883
495829,3.161876678466797
495929,3.172433853149414
496029,3.1565980911254883
496129,3.1777124404907227
496229,3.18826961517334
496329,3.18826961517334
496429,3.1777124404907227
496529,3.18826961517334
496629,3.172433853149414
496729,3.1777124404907227
496829,3.161876678466797
496929,3.146040916442871
497029,3.1777124404907227
497129,3.172433853149414
497229,3.161876678466797
497329,3.1829910278320312
497429,3.1935482025146484
497529,3.2093844413757324
497629,3.214663028717041
497729,3.1935482025146484
497829,3.2041053771972656
497929,3.214663028717041
498029,3.2199416160583496
498129,3.214663028717041
498229,3.1829910278320312
498329,3.172433853149414
498429,3.1829910278320312
498529,3.172433853149414
498629,3.1935482025146484
498729,3.172433853149414
498829,3.1671552658081055
498929,3.198826789855957
499029,3.18826961517334
499129,3.1935482025146484
499229,3.1671552658081055
499329,3.172433853149414
499429,3.2093844413757324
499529,3.18826961517334
499629,3.146040916442871
499729,3.172433853149414
499829,3.1671552658081055
499929,3.172433853149414
500029,3.1777124404907227
500129,3.1302051544189453
500229,3.1302051544189453
500329,3.135483741760254
500429,3.1671552658081055
500529,3.1777124404907227
500629,3.2093844413757324
500729,3.18826961517334
500829,3.18826961517334
500929,3.2093844413757324
501029,3.2041053771972656
501129,3.18826961517334
501229,3.1935482025146484
501329,3.172433853149414
501429,3.172433853149414
501529,3.1935482025146484
501629,3.1829910278320312
501729,3.1935482025146484
501829,3.1935482025146484
501929,3.172433853149414
502029,3.1777124404907227
502129,3.1829910278320312
502229,3.1777124404907227
502329,3.1565980911254883
502429,3.1671552658081055
502529,3.1829910278320312
502629,3.1671552658081055
502729,3.1249265670776367
502829,3.119647979736328
502929,3.1565980911254883
503029,3.146040916442871
503129,3.1249265670776367
503229,3.1143693923950195
503329,3.119647979736328
503429,3.1143693923950195
503529,3.1407623291015625
503629,3.2093844413757324
503729,3.2199416160583496
503829,3.214663028717041
503929,3.2093844413757324
504029,3.1935482025146484
504129,3.18826961517334
504229,3.1671552658081055
504329,3.1565980911254883
504429,3.172433853149414
504529,3.172433853149414
504629,3.1671552658081055
504729,3.172433853149414
504829,3.1513195037841797
504929,3.1565980911254883
505029,3.1777124404907227
505129,3.1565980911254883
505229,3.172433853149414
505329,3.1513195037841797
505429,3.1513195037841797
505529,3.172433853149414
505629,3.1777124404907227
505729,3.1829910278320312
505829,3.1935482025146484
505929,3.172433853149414
506029,3.1302051544189453
506129,3.1302051544189453
506229,3.146040916442871
506329,3.1513195037841797
506429,3.1565980911254883
506529,3.172433853149414
506629,3.18826961517334
506729,3.1565980911254883
506829,3.1513195037841797
506929,3.1777124404907227
507029,3.1829910278320312
507129,3.172433853149414
507229,3.1829910278320312
507329,3.1829910278320312
507429,3.1777124404907227
507529,3.172433853149414
507629,3.1829910278320312
507729,3.198826789855957
507829,3.1935482025146484
507929,3.198826789855957
508029,3.1671552658081055
508129,3.161876678466797
508229,3.1777124404907227
508329,3.161876678466797
508429,3.1565980911254883
508529,3.172433853149414
508629,3.1829910278320312
508729,3.172433853149414
508829,3.1671552658081055
508929,3.1777124404907227
509029,3.1777124404907227
509129,3.1777124404907227
509229,3.172433853149414
509329,3.172433853149414
509429,3.146040916442871
509529,3.161876678466797
509629,3.1565980911254883
509729,3.1671552658081055
509829,3.161876678466797
509929,3.161876678466797
510029,3.1671552658081055
510129,3.161876678466797
510229,3.1671552658081055
510329,3.1565980911254883
510429,3.146040916442871
510529,3.1777124404907227
510629,3.1935482025146484
510729,3.1671552658081055
510829,3.172433853149414
510929,3.172433853149414
511029,3.172433853149414
511129,3.172433853149414
511229,3.1671552658081055
511329,3.1777124404907227
511429,3.1513195037841797
511529,3.1565980911254883
511629,3.161876678466797
511729,3.1513195037841797
511829,3.172433853149414
511929,3.1777124404907227
512029,3.1829910278320312
512129,3.1671552658081055
512229,3.146040916442871
512329,3.1565980911254883
512429,3.161876678466797
512529,3.1671552658081055
512629,3.1565980911254883
512729,3.1671552658081055
512829,3.1829910278320312
512929,3.1671552658081055
513029,3.172433853149414
513129,3.172433853149414
513229,3.1829910278320312
513329,3.198826789855957
513429,3.1671552658081055
513529,3.161876678466797
513629,3.1777124404907227
513729,3.161876678466797
513829,3.1777124404907227
513929,3.18826961517334
514029,3.1777124404907227
514129,3.172433853149414
514229,3.1513195037841797
514329,3.1565980911254883
514429,3.1777124404907227
514529,3.1777124404907227
514629,3.1777124404907227
514729,3.172433853149414
514829,3.1777124404907227
514929,3.1829910278320312
515029,3.1671552658081055
515129,3.1671552658081055
515229,3.1777124404907227
515329,3.1671552658081055
515429,3.161876678466797
515529,3.1777124404907227
515629,3.172433853149414
515729,3.1565980911254883
515829,3.146040916442871
515929,3.1565980911254883
516029,3.1407623291015625
516129,3.1407623291015625
516229,3.146040916442871
516329,3.161876678466797
516429,3.161876678466797
516529,3.172433853149414
516629,3.1565980911254883
516729,3.1407623291015625
516829,3.1671552658081055
516929,3.1565980911254883
517029,3.1513195037841797
517129,3.161876678466797
517229,3.1513195037841797
517329,3.1513195037841797
517429,3.1513195037841797
517529,3.1671552658081055
517629,3.1565980911254883
517729,3.1829910278320312
517829,3.161876678466797
517929,3.1407623291015625
518029,3.1565980911254883
518129,3.161876678466797
518229,3.1829910278320312
518329,3.1777124404907227
518429,3.1513195037841797
518529,3.161876678466797
518629,3.1513195037841797
518729,3.1513195037841797
518829,3.161876678466797
518929,3.1671552658081055
519029,3.1565980911254883
519129,3.161876678466797
519229,3.172433853149414
519329,3.1565980911254883
519429,3.146040916442871
519529,3.1513195037841797
519629,3.1407623291015625
519729,3.146040916442871
519829,3.1565980911254883
519929,3.1565980911254883
520029,3.1671552658081055
520129,3.1565980911254883
520229,3.1513195037841797
520329,3.1671552658081055
520429,3.1565980911254883
520529,3.1671552658081055
520629,3.161876678466797
520729,3.146040916442871
520829,3.135483741760254
520929,3.1302051544189453
521029,3.135483741760254
521129,3.1565980911254883
521229,3.161876678466797
521329,3.161876678466797
521429,3.172433853149414
521529,3.1513195037841797
521629,3.161876678466797
521729,3.172433853149414
521829,3.1513195037841797
521929,3.1302051544189453
522029,3.1407623291015625
522129,3.1777124404907227
522229,3.1829910278320312
522329,3.146040916442871
522429,3.1513195037841797
522529,3.1565980911254883
522629,3.1513195037841797
522729,3.1829910278320312
522829,3.161876678466797
522929,3.1513195037841797
523029,3.1302051544189453
523129,3.1302051544189453
523229,3.1671552658081055
523329,3.1565980911254883
523429,3.1249265670776367
523529,3.1302051544189453
523629,3.1249265670776367
523729,3.135483741760254
523829,3.1565980911254883
523929,3.1671552658081055
524029,3.1407623291015625
524129,3.119647979736328
524229,3.1038122177124023
524329,3.1302051544189453
524429,3.1407623291015625
524529,3.135483741760254
524629,3.119647979736328
524729,3.135483741760254
524829,3.1671552658081055
524929,3.1513195037841797
525029,3.172433853149414
525129,3.161876678466797
525229,3.161876678466797
525329,3.1671552658081055
525429,3.146040916442871
525529,3.1513195037841797
525629,3.1513195037841797
525729,3.1302051544189453
525829,3.1407623291015625
525929,3.146040916442871
526029,3.1302051544189453
526129,3.1671552658081055
526229,3.1671552658081055
526329,3.146040916442871
526429,3.1407623291015625
526529,3.1249265670776367
526629,3.146040916442871
526729,3.1407623291015625
526829,3.1302051544189453
526929,3.119647979736328
527029,3.1513195037841797
527129,3.1249265670776367
527229,3.135483741760254
527329,3.146040916442871
527429,3.1565980911254883
527529,3.161876678466797
527629,3.1513195037841797
527729,3.1565980911254883
527829,3.1565980911254883
527929,3.135483741760254
528029,3.109090805053711
528129,3.1249265670776367
528229,3.1302051544189453
528329,3.1302051544189453
528429,3.1143693923950195
528529,3.135483741760254
528629,3.146040916442871
528729,3.146040916442871
528829,3.1407623291015625
528929,3.1249265670776367
529029,3.1143693923950195
529129,3.135483741760254
529229,3.1249265670776367
529329,3.119647979736328
529429,3.1249265670776367
529529,3.1249265670776367
529629,3.119647979736328
529729,3.1249265670776367
529829,3.109090805053711
529929,3.1249265670776367
530029,3.135483741760254
530129,3.146040916442871
530229,3.1513195037841797
530329,3.1671552658081055
530429,3.1565980911254883
530529,3.1513195037841797
530629,3.1302051544189453
530729,3.1407623291015625
530829,3.119647979736328
530929,3.135483741760254
531029,3.1513195037841797
531129,3.1407623291015625
531229,3.1407623291015625
531329,3.1407623291015625
531429,3.135483741760254
531529,3.1565980911254883
531629,3.1407623291015625
531729,3.161876678466797
531829,3.1249265670776367
531929,3.119647979736328
532029,3.119647979736328
532129,3.1143693923950195
532229,3.1143693923950195
532329,3.1143693923950195
532429,3.135483741760254
532529,3.1565980911254883
532629,3.161876678466797
532729,3.1513195037841797
532829,3.135483741760254
532929,3.135483741760254
533029,3.1249265670776367
533129,3.1143693923950195
533229,3.0985336303710938
533329,3.1038122177124023
533429,3.1249265670776367
533529,3.119647979736328
533629,3.093255043029785
533729,3.109090805053711
533829,3.109090805053711
533929,3.093255043029785
534029,3.119647979736328
534129,3.135483741760254
534229,3.135483741760254
534329,3.119647979736328
534429,3.1143693923950195
534529,3.109090805053711
534629,3.1143693923950195
534729,3.1038122177124023
534829,3.1249265670776367
534929,3.135483741760254
535029,3.1249265670776367
535129,3.135483741760254
535229,3.135483741760254
535329,3.1143693923950195
535429,3.109090805053711
535529,3.1407623291015625
535629,3.1302051544189453
535729,3.0774192810058594
535829,3.072140693664551
535929,3.0879764556884766
536029,3.146040916442871
536129,3.1143693923950195
536229,3.0879764556884766
536329,3.0879764556884766
536429,3.1143693923950195
536529,3.135483741760254
536629,3.0985336303710938
536729,3.066862106323242
536829,3.066862106323242
536929,3.1302051544189453
537029,3.135483741760254
537129,3.1513195037841797
537229,3.146040916442871
537329,3.119647979736328
537429,3.0985336303710938
537529,3.082697868347168
537629,3.0615835189819336
537729,3.0510263442993164
537829,3.072140693664551
537929,3.082697868347168
538029,3.109090805053711
538129,3.119647979736328
538229,3.1302051544189453
538329,3.1249265670776367
538429,3.109090805053711
538529,3.119647979736328
538629,3.1143693923950195
538729,3.093255043029785
538829,3.093255043029785
538929,3.1143693923950195
539029,3.1038122177124023
539129,3.1143693923950195
539229,3.1249265670776367
539329,3.1302051544189453
539429,3.1513195037841797
539529,3.119647979736328
539629,3.109090805053711
539729,3.109090805053711
539829,3.109090805053711
539929,3.0985336303710938
540029,3.1038122177124023
540129,3.1038122177124023
540229,3.1038122177124023
540329,3.135483741760254
540429,3.135483741760254
540529,3.1143693923950195
540629,3.1143693923950195
540729,3.1143693923950195
540829,3.1143693923950195
540929,3.1249265670776367
541029,3.0985336303710938
541129,3.0879764556884766
541229,3.093255043029785
541329,3.093255043029785
541429,3.093255043029785
541529,3.0985336303710938
541629,3.0985336303710938
541729,3.1249265670776367
541829,3.1038122177124023
541929,3.066862106323242
542029,3.082697868347168
542129,3.082697868347168
542229,3.109090805053711
542329,3.1302051544189453
542429,3.119647979736328
542529,3.1143693923950195
542629,3.093255043029785
542729,3.093255043029785
542829,3.0985336303710938
542929,3.093255043029785
543029,3.119647979736328
543129,3.109090805053711
543229,3.119647979736328
543329,3.0985336303710938
543429,3.109090805053711
543529,3.119647979736328
543629,3.1143693923950195
543729,3.0879764556884766
543829,3.0774192810058594
543929,3.0985336303710938
544029,3.119647979736328
544129,3.146040916442871
544229,3.109090805053711
544329,3.1038122177124023
544429,3.093255043029785
544529,3.1038122177124023
544629,3.093255043029785
544729,3.093255043029785
544829,3.0879764556884766
544929,3.0985336303710938
545029,3.093255043029785
545129,3.0879764556884766
545229,3.109090805053711
545329,3.093255043029785
545429,3.1038122177124023
545529,3.1038122177124023
545629,3.0985336303710938
545729,3.0879764556884766
545829,3.0879764556884766
545929,3.082697868347168
546029,3.0879764556884766
546129,3.082697868347168
546229,3.0774192810058594
546329,3.093255043029785
546429,3.1038122177124023
546529,3.1038122177124023
546629,3.109090805053711
546729,3.093255043029785
546829,3.0879764556884766
546929,3.0879764556884766
547029,3.093255043029785
547129,3.1038122177124023
547229,3.109090805053711
547329,3.093255043029785
547429,3.066862106323242
547529,3.066862106323242
547629,3.109090805053711
547729,3.082697868347168
547829,3.0774192810058594
547929,3.0985336303710938
548029,3.093255043029785
548129,3.082697868347168
548229,3.082697868347168
548329,3.0879764556884766
548429,3.0774192810058594
548529,3.0774192810058594
548629,3.072140693664551
548729,3.0615835189819336
548829,3.066862106323242
548929,3.056304931640625
549029,3.0615835189819336
549129,3.082697868347168
549229,3.066862106323242
549329,3.0615835189819336
549429,3.072140693664551
549529,3.0615835189819336
549629,3.0615835189819336
549729,3.0879764556884766
549829,3.0774192810058594
549929,3.056304931640625
550029,3.066862106323242
550129,3.0774192810058594
550229,3.082697868347168
550329,3.0879764556884766
550429,3.0774192810058594
550529,3.0879764556884766
550629,3.1038122177124023
550729,3.0985336303710938
550829,3.0985336303710938
550929,3.072140693664551
551029,3.0615835189819336
551129,3.072140693664551
551229,3.045747756958008
551329,3.066862106323242
551429,3.093255043029785
551529,3.082697868347168
551629,3.093255043029785
551729,3.0879764556884766
551829,3.0985336303710938
551929,3.082697868347168
552029,3.066862106323242
552129,3.082697868347168
552229,3.056304931640625
552329,3.0351905822753906
552429,3.0615835189819336
552529,3.0774192810058594
552629,3.066862106323242
552729,3.072140693664551
552829,3.072140693664551
552929,3.0615835189819336
553029,3.0510263442993164
553129,3.072140693664551
553229,3.0510263442993164
553329,3.029911994934082
553429,3.0351905822753906
553529,3.019354820251465
553629,3.0087976455688477
553729,2.9982404708862305
553829,2.9982404708862305
553929,3.0351905822753906
554029,3.040469169616699
554129,3.066862106323242
554229,3.0879764556884766
554329,3.0774192810058594
554429,3.066862106323242
554529,3.0510263442993164
554629,3.072140693664551
554729,3.066862106323242
554829,3.029911994934082
554929,3.0510263442993164
555029,3.056304931640625
555129,3.0510263442993164
555229,3.082697868347168
555329,3.066862106323242
555429,3.0615835189819336
555529,3.040469169616699
555629,3.029911994934082
555729,3.056304931640625
555829,3.045747756958008
555929,3.0246334075927734
556029,3.019354820251465
556129,3.019354820251465
556229,2.9982404708862305
556329,2.992961883544922
556429,2.9876832962036133
556529,2.9876832962036133
556629,2.9982404708862305
556729,3.003519058227539
556829,2.9982404708862305
556929,3.003519058227539
557029,2.9824047088623047
557129,3.003519058227539
557229,3.0510263442993164
557329,3.0774192810058594
557429,3.066862106323242
557529,3.072140693664551
557629,3.045747756958008
557729,3.029911994934082
557829,3.0510263442993164
557929,3.056304931640625
558029,3.040469169616699
558129,3.0246334075927734
558229,3.0246334075927734
558329,3.0246334075927734
558429,3.045747756958008
558529,3.0246334075927734
558629,3.0351905822753906
558729,3.029911994934082
558829,3.040469169616699
558929,3.0246334075927734
559029,2.9982404708862305
559129,2.977126121520996
559229,2.9876832962036133
559329,2.9982404708862305
559429,2.9876832962036133
559529,2.992961883544922
559629,2.9876832962036133
559729,3.029911994934082
559829,3.029911994934082
559929,3.040469169616699
560029,3.045747756958008
560129,3.056304931640625
560229,3.019354820251465
560329,2.9982404708862305
560429,2.9824047088623047
560529,2.977126121520996
560629,2.9824047088623047
560729,3.0140762329101562
560829,3.0246334075927734
560929,3.0615835189819336
561029,3.045747756958008
561129,3.0246334075927734
561229,3.0351905822753906
561329,3.019354820251465
561429,3.019354820251465
561529,3.040469169616699
561629,3.0351905822753906
561729,3.019354820251465
561829,3.0087976455688477
561929,3.019354820251465
562029,3.0510263442993164
562129,3.029911994934082
562229,3.019354820251465
562329,3.019354820251465
562429,2.9982404708862305
562529,3.019354820251465
562629,3.029911994934082
562729,3.040469169616699
562829,3.029911994934082
562929,3.003519058227539
563029,3.003519058227539
563129,2.9982404708862305
563229,2.992961883544922
563329,2.977126121520996
563429,2.977126121520996
563529,2.9824047088623047
563629,2.9876832962036133
563729,2.9982404708862305
563829,2.9824047088623047
563929,2.977126121520996
564029,2.9876832962036133
564129,3.019354820251465
564229,3.029911994934082
564329,3.0087976455688477
564429,3.0140762329101562
564529,3.0140762329101562
564629,3.003519058227539
564729,3.029911994934082
564829,2.9982404708862305
564929,2.9982404708862305
565029,2.992961883544922
565129,3.019354820251465
565229,3.003519058227539
565329,3.0087976455688477
565429,2.9824047088623047
565529,3.019354820251465
565629,3.003519058227539
565729,2.9982404708862305
565829,3.003519058227539
565929,3.0087976455688477
566029,3.0140762329101562
566129,3.019354820251465
566229,3.003519058227539
566329,2.9876832962036133
566429,2.9560117721557617
566529,2.977126121520996
566629,2.9824047088623047
566729,2.9718475341796875
566829,2.966568946838379
566929,2.9824047088623047
567029,2.9824047088623047
567129,2.9982404708862305
567229,2.9876832962036133
567329,2.992961883544922
567429,2.9876832962036133
567529,2.9824047088623047
567629,2.992961883544922
567729,3.003519058227539
567829,3.0087976455688477
567929,2.9824047088623047
568029,2.9612903594970703
568129,2.966568946838379
568229,2.9718475341796875
568329,2.9982404708862305
568429,3.0140762329101562
568529,2.9876832962036133
568629,2.9876832962036133
568729,2.9876832962036133
568829,2.9718475341796875
568929,2.950733184814453
569029,2.9612903594970703
569129,2.9718475341796875
569229,2.977126121520996
569329,2.992961883544922
569429,2.977126121520996
569529,2.9824047088623047
569629,2.9824047088623047
569729,2.992961883544922
569829,2.9876832962036133
569929,2.950733184814453
570029,2.9612903594970703
570129,2.940176010131836
570229,2.940176010131836
570329,2.9612903594970703
570429,2.9612903594970703
570529,2.9718475341796875
570629,2.966568946838379
570729,2.9560117721557617
570829,2.9612903594970703
570929,2.9718475341796875
571029,2.940176010131836
571129,2.9348974227905273
571229,2.950733184814453
571329,2.9612903594970703
571429,2.950733184814453
571529,2.940176010131836
571629,2.9612903594970703
571729,2.966568946838379
571829,2.9454545974731445
571929,2.9454545974731445
572029,2.9454545974731445
572129,2.9560117721557617
572229,2.950733184814453
572329,2.9296188354492188
572429,2.9348974227905273
572529,2.950733184814453
572629,2.966568946838379
572729,2.950733184814453
572829,2.9348974227905273
572929,2.92434024810791
573029,2.9612903594970703
573129,2.950733184814453
573229,2.9718475341796875
573329,2.9296188354492188
573429,2.897947311401367
573529,2.9296188354492188
573629,2.940176010131836
573729,2.9454545974731445
573829,2.950733184814453
573929,2.950733184814453
574029,2.9348974227905273
574129,2.913783073425293
574229,2.903225898742676
574329,2.92434024810791
574429,2.9296188354492188
574529,2.9085044860839844
574629,2.9190616607666016
574729,2.9348974227905273
574829,2.9560117721557617
574929,2.9454545974731445
575029,2.950733184814453
575129,2.9190616607666016
575229,2.903225898742676
575329,2.9085044860839844
575429,2.913783073425293
575529,2.92434024810791
575629,2.903225898742676
575729,2.897947311401367
575829,2.8926687240600586
575929,2.8926687240600586
576029,2.8926687240600586
576129,2.913783073425293
576229,2.9085044860839844
576329,2.897947311401367
576429,2.897947311401367
576529,2.88739013671875
576629,2.876832962036133
576729,2.88739013671875
576829,2.8926687240600586
576929,2.903225898742676
577029,2.903225898742676
577129,2.903225898742676
577229,2.897947311401367
577329,2.8821115493774414
577429,2.8926687240600586
577529,2.913783073425293
577629,2.913783073425293
577729,2.9190616607666016
577829,2.8926687240600586
577929,2.88739013671875
578029,2.8821115493774414
578129,2.8926687240600586
578229,2.897947311401367
578329,2.88739013671875
578429,2.871554374694824
578529,2.8662755489349365
578629,2.871554374694824
578729,2.8398826122283936
578829,2.845161199569702
578929,2.871554374694824
579029,2.876832962036133
579129,2.876832962036133
579229,2.8662755489349365
579329,2.8557183742523193
579429,2.8662755489349365
579529,2.8398826122283936
579629,2.834604024887085
579729,2.8557183742523193
579829,2.8134896755218506
579929,2.818768262863159
580029,2.8134896755218506
580129,2.8134896755218506
580229,2.8029325008392334
580329,2.792375326156616
580429,2.7765395641326904
580529,2.792375326156616
580629,2.7765395641326904
580729,2.797653913497925
580829,2.834604024887085
580929,2.8398826122283936
581029,2.834604024887085
581129,2.871554374694824
581229,2.8662755489349365
581329,2.8398826122283936
581429,2.792375326156616
581529,2.797653913497925
581629,2.797653913497925
581729,2.797653913497925
581829,2.792375326156616
581929,2.7870967388153076
582029,2.818768262863159
582129,2.8504397869110107
582229,2.845161199569702
582329,2.797653913497925
582429,2.792375326156616
582529,2.808211088180542
582629,2.8240468502044678
582729,2.834604024887085
582829,2.818768262863159
582929,2.7870967388153076
583029,2.771260976791382
583129,2.7765395641326904
583229,2.8398826122283936
583329,2.834604024887085
583429,2.781818151473999
583529,2.729032278060913
583629,2.7659823894500732
583729,2.8134896755218506
583829,2.8240468502044678
583929,2.797653913497925
584029,2.7765395641326904
584129,2.771260976791382
584229,2.7870967388153076
584329,2.7870967388153076
584429,2.7659823894500732
584529,2.7659823894500732
584629,2.781818151473999
584729,2.744868040084839
584829,2.744868040084839
584929,2.7501466274261475
585029,2.755425214767456
585129,2.7659823894500732
585229,2.7501466274261475
585329,2.7395894527435303
585429,2.7343108654022217
585529,2.755425214767456
585629,2.7501466274261475
585729,2.7079179286956787
585829,2.70263934135437
585929,2.7079179286956787
586029,2.6973607540130615
586129,2.729032278060913
586229,2.6973607540130615
586329,2.70263934135437
586429,2.718475103378296
586529,2.692082166671753
586629,2.692082166671753
586729,2.70263934135437
586829,2.718475103378296
586929,2.6973607540130615
587029,2.7079179286956787
587129,2.6815249919891357
587229,2.692082166671753
587329,2.7079179286956787
587429,2.70263934135437
587529,2.692082166671753
587629,2.66568922996521
587729,2.6815249919891357
587829,2.6709678173065186
587929,2.6445748805999756
588029,2.6445748805999756
588129,2.6551320552825928
588229,2.6709678173065186
588329,2.70263934135437
588429,2.676246404647827
588529,2.66568922996521
588629,2.692082166671753
588729,2.66568922996521
588829,2.6604106426239014
588929,2.649853467941284
589029,2.6340177059173584
589129,2.612903118133545
589229,2.62873911857605
589329,2.6445748805999756
589429,2.6604106426239014
589529,2.62873911857605
589629,2.62873911857605
589729,2.6604106426239014
589829,2.649853467941284
589929,2.639296293258667
590029,2.623460531234741
590129,2.6181819438934326
590229,2.6181819438934326
590329,2.5917887687683105
590429,2.5917887687683105
590529,2.5917887687683105
590629,2.5759530067443848
590729,2.5653958320617676
590829,2.5548386573791504
590929,2.5390028953552246
591029,2.544281482696533
591129,2.523167133331299
591229,2.544281482696533
591329,2.5178885459899902
591429,2.5284457206726074
591529,2.5178885459899902
591629,2.507331371307373
591729,2.5126099586486816
591829,2.5178885459899902
591929,2.5126099586486816
592029,2.523167133331299
592129,2.5178885459899902
592229,2.5284457206726074
592329,2.5126099586486816
592429,2.5126099586486816
592529,2.48093843460083
592629,2.5126099586486816
