stateEstimate.x,stateEstimate.y,stateEstimate.z,pm.vbatMV,pm.batteryLevel,
0.9701353311538696,0.5598399043083191,0.004440900404006243,3869.0,30.0,
0.9705076813697815,0.5593674182891846,0.004394535906612873,3869.0,30.0,
0.9699398875236511,0.5581527948379517,0.004339196719229221,3869.0,30.0,
0.9700180292129517,0.5587833523750305,0.004302443470805883,3869.0,30.0,
0.9699913263320923,0.5586267113685608,0.005287864711135626,3869.0,30.0,
0.968970000743866,0.5594258904457092,0.005294078961014748,3869.0,30.0,
0.9700669646263123,0.5593082904815674,0.005303140264004469,3869.0,30.0,
0.9705701470375061,0.5579098463058472,0.005291262175887823,3869.0,30.0,
0.9701564908027649,0.5581901669502258,0.004809438716620207,3863.0,30.0,
0.9690523743629456,0.5600925087928772,0.004792569670826197,3869.0,30.0,
0.9706909656524658,0.559033215045929,0.0047740815207362175,3869.0,30.0,
-2.901432765156642e-07,-1.4290297258412465e-05,-1.2737655197270215e-07,3869.0,30.0,
-4.1519188016536646e-06,-6.156572635518387e-05,0.3003927171230316,3869.0,30.0,
3.89487249776721e-05,-0.0001483187370467931,0.0029922877438366413,3869.0,30.0,
-9.423172741662711e-05,2.6748857635539025e-05,0.0030240719206631184,3869.0,30.0,
-8.376900950679556e-05,1.6363399481633678e-05,0.0030133372638374567,3869.0,30.0,
-0.00027527217753231525,-0.00022386861382983625,0.0029879945795983076,3869.0,30.0,
-0.00020312222477514297,-0.0004793859552592039,0.00349858938716352,3869.0,30.0,
0.00021274494065437466,0.0005662238108925521,0.003560317913070321,3869.0,30.0,
-0.00045849598245695233,-0.0005070575280115008,0.003607142949476838,3869.0,30.0,
-0.0004150702152401209,-0.0002908427850343287,0.0036125152837485075,3869.0,30.0,
-0.00014014123007655144,-0.00022823554172646254,0.0037573615554720163,3869.0,30.0,
-0.0001565589918754995,-0.0034155300818383694,0.003703101770952344,3869.0,30.0,
-0.0006771897315047681,-0.004136466421186924,0.003651638515293598,3869.0,30.0,
-0.000304581830278039,-0.006669430527836084,0.0033711313735693693,3869.0,30.0,
-0.0004711137153208256,-0.006946525536477566,0.0034382580779492855,3869.0,30.0,
-0.0009591872221790254,-0.006704503670334816,0.003728790208697319,3869.0,30.0,
-0.0009891536319628358,-0.006551203317940235,0.0038048007991164923,3869.0,30.0,
-0.0011899055680260062,-0.005985655821859837,0.003908644430339336,3869.0,30.0,
-0.001214894000440836,-0.0075048236176371574,0.003823939012363553,3869.0,30.0,
-0.0016009315149858594,-0.006648521404713392,0.003982496447861195,3869.0,30.0,
-0.0018119839951395988,-0.0070816511288285255,0.003981892019510269,3869.0,30.0,
-0.0002263253554701805,-0.007114500738680363,0.00403956463560462,3869.0,30.0,
-0.0016567433485761285,-0.00774155929684639,0.0040403008460998535,3863.0,30.0,
-0.0001929354330059141,-0.006938284263014793,0.004848299082368612,3863.0,30.0,
-0.0012714974582195282,-0.0060692233964800835,0.004929459188133478,3869.0,30.0,
-0.0010510047432035208,-0.006929012015461922,0.004969306755810976,3863.0,30.0,
-0.0010492622386664152,-0.006011372897773981,0.005037118215113878,3863.0,30.0,
-0.001047651399858296,-0.006891421973705292,0.005077791400253773,3863.0,30.0,
-0.0012641727225854993,-0.006840744987130165,0.004685308318585157,3869.0,30.0,
-0.0017126405145972967,-0.005883915815502405,0.004706170409917831,3869.0,30.0,
-6.594105798285455e-05,-0.005856686737388372,0.004732891451567411,3869.0,30.0,
-0.0017217256827279925,-0.006066966336220503,0.004765382502228022,3863.0,30.0,
-0.0007720623980276287,-0.0060625323094427586,0.0052808355540037155,3869.0,30.0,
-0.0019608058501034975,-0.006514829583466053,0.005319804884493351,3869.0,30.0,
-1.8186488887295127e-05,-0.0064827981404960155,0.00537181505933404,3869.0,30.0,
-0.0007522155647166073,-0.0071815974079072475,0.005414591636508703,3869.0,30.0,
-0.0005043668206781149,-0.0073833768256008625,0.00526958703994751,3869.0,30.0,
-1.7572234355611727e-05,-0.005386566277593374,0.005295788869261742,3869.0,30.0,
-2.496701927157119e-05,-0.006601158995181322,0.005332194268703461,3869.0,30.0,
-0.0007711221114732325,-0.006570959929376841,0.005354396067559719,3869.0,30.0,
-3.3905762393260375e-05,-0.006791639607399702,0.005367392674088478,3863.0,30.0,
-0.0012723830295726657,-0.005535483360290527,0.005638166330754757,3863.0,30.0,
-2.8381267838994972e-05,-0.005772885866463184,0.005670836195349693,3869.0,30.0,
-0.0007799348095431924,-0.0074989371933043,0.005719310138374567,3869.0,30.0,
-0.0005352001171559095,-0.005497960839420557,0.005756324157118797,3869.0,30.0,
-0.0007849055109545588,-0.006483196746557951,0.0058840010315179825,3869.0,30.0,
-4.0433689719066024e-05,-0.007453475147485733,0.0059118871577084064,3869.0,30.0,
-0.002029422204941511,-0.0066747902892529964,0.005951037630438805,3869.0,30.0,
-0.0017639828147366643,-0.005420160945504904,0.00597335072234273,3869.0,30.0,
-5.277251148072537e-06,-0.005908396560698748,0.005225339438766241,3869.0,30.0,
-0.0017487253062427044,-0.00738883763551712,0.0052208625711500645,3869.0,30.0,
-0.001236011041328311,-0.007364675402641296,0.005200820509344339,3869.0,30.0,
-0.0009807796450331807,-0.006597823463380337,0.005178258754312992,3869.0,30.0,
0.00026314996648579836,-0.005598212592303753,0.00584839005023241,3869.0,30.0,
-0.00023982298444025218,-0.007326655089855194,0.005873418878763914,3869.0,30.0,
-0.001232066424563527,-0.0053340476006269455,0.005888454616069794,3869.0,30.0,
-0.0012254174798727036,-0.007311620749533176,0.0059164478443562984,3869.0,30.0,
-0.0014554238878190517,-0.006301845423877239,0.005921057425439358,3869.0,30.0,
-0.001934085856191814,-0.009976399131119251,0.006741627119481564,3869.0,30.0,
-0.0014285664074122906,-0.015342237427830696,0.006658430676907301,3869.0,30.0,
-0.0004403266648296267,-0.014998652040958405,0.006746379192918539,3869.0,30.0,
-0.0006892817909829319,-0.014174290932714939,0.00685993442311883,3869.0,30.0,
-0.00019903035718016326,-0.01507811713963747,0.006913714110851288,3869.0,30.0,
-0.002651896560564637,-0.016952594742178917,0.006892776116728783,3869.0,30.0,
-0.0009202968794852495,-0.014666043221950531,0.007104258518666029,3869.0,30.0,
-0.0006758577073924243,-0.015819260850548744,0.007107060868293047,3869.0,30.0,
-0.0006730212480761111,-0.016020959243178368,0.006712744012475014,3869.0,30.0,
-0.0014053659979254007,-0.012277201749384403,0.0068529206328094006,3869.0,30.0,
-0.0009067890932783484,-0.015658847987651825,0.006844653747975826,3869.0,30.0,
-0.0013913962757214904,-0.014860279858112335,0.006888856180012226,3869.0,30.0,
-0.0004122419632039964,-0.01407820638269186,0.0069271959364414215,3869.0,30.0,
-0.0011471546022221446,-0.014769203029572964,0.007354366593062878,3869.0,30.0,
-0.0009054189431481063,-0.015447347424924374,0.007373122498393059,3869.0,30.0,
-0.0013886148808524013,-0.014671234413981438,0.007421519607305527,3869.0,30.0,
-0.0004116877680644393,-0.01462819054722786,0.0074526965618133545,3863.0,30.0,
-0.0023477566428482533,-0.014584081247448921,0.006912132725119591,3863.0,30.0,
-0.0023331025149673223,-0.015507983043789864,0.006892492063343525,3863.0,30.0,
-0.00040450110100209713,-0.014515252783894539,0.006918272469192743,3869.0,30.0,
-0.0004161805263720453,-0.014723916538059711,0.006901394110172987,3869.0,30.0,
-0.0006587201496586204,-0.015394306741654873,0.006124497856944799,3869.0,30.0,
-0.0023366252426058054,-0.019417058676481247,0.006016879342496395,3869.0,30.0,
-0.0013722078874707222,-0.016263505443930626,0.006108734291046858,3869.0,30.0,
-0.0001845587248681113,-0.015988217666745186,0.006052548997104168,3869.0,30.0,
-0.002086215652525425,-0.016191868111491203,0.006002457812428474,3869.0,30.0,
-0.00018638269102666527,-0.014508437365293503,0.0059647574089467525,3869.0,30.0,
-0.00019824774062726647,-0.016617340967059135,0.0058954316191375256,3869.0,30.0,
-0.0002063359133899212,-0.01800810918211937,0.005801980383694172,3869.0,30.0,
-0.002076952951028943,-0.017743201926350594,0.00575497979298234,3869.0,30.0,
-0.0008848083671182394,-0.014651563949882984,0.006644470617175102,3863.0,30.0,
-0.0008852699538692832,-0.016051385551691055,0.006621998734772205,3869.0,30.0,
-0.0008853596518747509,-0.016199804842472076,0.006591575685888529,3869.0,30.0,
-0.00013668429164681584,-0.01517973281443119,0.006567054893821478,3869.0,30.0,
9.492783283349127e-05,-0.016632497310638428,0.005521169397979975,3869.0,30.0,
-0.002130370121449232,-0.017590723931789398,0.005435476545244455,3869.0,30.0,
-0.001137482700869441,-0.01682201214134693,0.0053648934699594975,3869.0,30.0,
-0.00039997961721383035,-0.015589998103678226,0.005285013001412153,3869.0,30.0,
8.215820707846433e-05,-0.014117407612502575,0.005187620408833027,3869.0,30.0,
-0.0013681866694241762,-0.01702437549829483,0.005858981981873512,3869.0,30.0,
9.097438305616379e-05,-0.016757341101765633,0.005807908717542887,3869.0,30.0,
8.111802162602544e-05,-0.016023706644773483,0.005754213314503431,3869.0,30.0,
-0.00016690907068550587,-0.01505543477833271,0.005697476677596569,3869.0,30.0,
-0.0006580478511750698,-0.016722803935408592,0.00458091776818037,3869.0,30.0,
-0.0020823499653488398,-0.016473380848765373,0.004463658202439547,3869.0,30.0,
-0.00017786498938221484,-0.01598258689045906,0.0043651033192873,3869.0,30.0,
-0.0020706451032310724,-0.015976183116436005,0.0042500984854996204,3869.0,30.0,
6.160398334031925e-05,-0.015260609798133373,0.0044847894459962845,3869.0,30.0,
5.400601730798371e-05,-0.01642923802137375,0.00437727989628911,3869.0,30.0,
5.13642153237015e-05,-0.015714842826128006,0.004266025964170694,3869.0,30.0,
4.502040974330157e-05,-0.016413483768701553,0.004148874897509813,3863.0,30.0,
4.209236067254096e-05,-0.015000913292169571,0.004037688486278057,3869.0,30.0,
-0.0020472360774874687,-0.017311999574303627,0.004724917933344841,3863.0,30.0,
-0.002037755912169814,-0.016599465161561966,0.004653194919228554,3863.0,30.0,
-0.0017936208751052618,-0.014506795443594456,0.004582091234624386,3869.0,30.0,
-0.0003997837193310261,-0.015438016504049301,0.0045218439772725105,3869.0,30.0,
6.276917702052742e-05,-0.014285973273217678,0.004616360180079937,3869.0,30.0,
-0.0006322707049548626,-0.014750643633306026,0.004550362937152386,3869.0,30.0,
-0.00017693190602585673,-0.01384083740413189,0.004463920835405588,3869.0,30.0,
-0.00110229745041579,-0.014080144464969635,0.004394289571791887,3869.0,30.0,
-0.0008717399323359132,-0.01636829972267151,0.00460420735180378,3863.0,30.0,
-0.002008546842262149,-0.015454470179975033,0.004538338165730238,3869.0,30.0,
-0.0004101419763173908,-0.013180054724216461,0.004476951435208321,3869.0,30.0,
-0.0001899596391012892,-0.016137119382619858,0.004466558340936899,3869.0,30.0,
-0.00019413985137362033,-0.016360055655241013,0.004244784824550152,3863.0,30.0,
2.7939931896980852e-05,-0.016359396278858185,0.00416215043514967,3863.0,30.0,
6.991883856244385e-05,-0.01639942266047001,0.004077634308487177,3869.0,30.0,
-0.0008858751971274614,-0.014971667900681496,0.004003307316452265,3869.0,30.0,
-0.00206531910225749,-0.016394827514886856,0.0039235670119524,3863.0,30.0,
-0.0013451242120936513,-0.016389602795243263,0.003868530970066786,3863.0,30.0,
0.0003068381338380277,-0.014507962390780449,0.00378686236217618,3869.0,30.0,
-0.0020352264400571585,-0.014746023342013359,0.003718228545039892,3869.0,30.0,
-0.0010984315304085612,-0.01475390512496233,0.0036319815553724766,3869.0,30.0,
-0.0003983128990512341,-0.014993062242865562,0.0037176073528826237,3869.0,30.0,
-0.0015548344235867262,-0.015459861606359482,0.003632713807746768,3869.0,30.0,
-0.00015903337043710053,-0.016385730355978012,0.003547785570845008,3869.0,30.0,
-0.00012102162872906774,-0.01641700230538845,0.003453144570812583,3869.0,30.0,
0.00010880320041906089,-0.014478257857263088,0.0032272115349769592,3869.0,30.0,
-0.0023151892237365246,-0.016417549923062325,0.003155471058562398,3869.0,30.0,
-0.00015781578258611262,-0.01665075309574604,0.0030729700811207294,3869.0,30.0,
-0.00015739254013169557,-0.015452959574759007,0.002963304053992033,3869.0,30.0,
-0.0001589040330145508,-0.01617022417485714,0.0028584692627191544,3869.0,30.0,
-0.0006332386401481926,-0.015904324129223824,0.004387842956930399,3869.0,30.0,
-0.0020483937114477158,-0.015433389693498611,0.004362546838819981,3869.0,30.0,
-0.0018075996777042747,-0.015438755974173546,0.004336012993007898,3869.0,30.0,
-0.0013407330261543393,-0.015677927061915398,0.004310678690671921,3869.0,30.0,
6.20890932623297e-05,-0.016131756827235222,0.0049463980831205845,3869.0,30.0,
5.3468851547222584e-05,-0.015435430221259594,0.0049528502859175205,3869.0,30.0,
-0.00018341005488764495,-0.01590038277208805,0.004960730671882629,3869.0,30.0,
-0.00018654303858056664,-0.016129054129123688,0.004963571671396494,3869.0,30.0,
-0.000195186905330047,-0.016359932720661163,0.004579739645123482,3869.0,30.0,
-0.0013298909179866314,-0.014994370751082897,0.004563698545098305,3869.0,30.0,
-0.00018408699543215334,-0.015909504145383835,0.00455147959291935,3869.0,30.0,
-0.00015591895498801023,-0.015910832211375237,0.0045240228064358234,3869.0,30.0,
-0.002072906354442239,-0.016153933480381966,0.004504361189901829,3869.0,30.0,
-0.0004035346210002899,-0.014966707676649094,0.004691988695412874,3869.0,30.0,
-0.0004091068694833666,-0.016387637704610825,0.004680916666984558,3869.0,30.0,
-0.0008795701432973146,-0.014503620564937592,0.004666704684495926,3869.0,30.0,
-0.0013442987110465765,-0.01450906042009592,0.004641977604478598,3869.0,30.0,
-0.00018322102550882846,-0.0142753254622221,0.005158484447747469,3869.0,30.0,
-0.002042132429778576,-0.014979339204728603,0.005174150224775076,3869.0,30.0,
-0.001342327450402081,-0.015215108171105385,0.005183895118534565,3869.0,30.0,
-0.0013334080576896667,-0.014755303971469402,0.005180357955396175,3863.0,30.0,
-0.00041617831448093057,-0.016136113554239273,0.005115928128361702,3869.0,30.0,
-0.00042287216638214886,-0.015221220441162586,0.005109474062919617,3869.0,30.0,
-0.0004157076764386147,-0.01704484224319458,0.0051064142026007175,3869.0,30.0,
-0.001100019202567637,-0.015000294893980026,0.005122818984091282,3863.0,30.0,
-0.0019956794567406178,-0.015231335535645485,0.005112450569868088,3863.0,30.0,
-0.0019910717383027077,-0.01637076400220394,0.0046572256833314896,3869.0,30.0,
-0.0020529134199023247,-0.016403017565608025,0.0046218400821089745,3869.0,30.0,
8.143675222527236e-05,-0.015451198443770409,0.004609175492078066,3869.0,30.0,
-0.0010877132881432772,-0.01592118665575981,0.004584928043186665,3869.0,30.0,
-0.00038072330062277615,-0.014278286136686802,0.004708919674158096,3869.0,30.0,
-0.0001545958948554471,-0.014283563010394573,0.004674277734011412,3869.0,30.0,
-0.00015562852786388248,-0.01773541048169136,0.004677929915487766,3869.0,30.0,
-0.0020031046587973833,-0.01657373271882534,0.004676189739257097,3869.0,30.0,
-0.00016157198115251958,-0.014279715716838837,0.0040136040188372135,3863.0,30.0,
-0.0006195972091518342,-0.01772172749042511,0.00398322194814682,3869.0,30.0,
6.310175376711413e-05,-0.01657085120677948,0.00392808485776186,3863.0,30.0,
0.00010388263035565615,-0.016607055440545082,0.00385443982668221,3863.0,30.0,
-0.0001388756063533947,-0.016107553616166115,0.005038328468799591,3869.0,30.0,
-0.0020480684470385313,-0.015865955501794815,0.005036058370023966,3869.0,30.0,
-0.00015451300714630634,-0.016103200614452362,0.005046290345489979,3869.0,30.0,
-0.00015408934268634766,-0.01633802056312561,0.005034628324210644,3869.0,30.0,
-0.00016357647837139666,-0.015398550778627396,0.005023322068154812,3869.0,30.0,
-0.0020293090492486954,-0.014707071706652641,0.004603215493261814,3869.0,30.0,
-0.0020213588140904903,-0.01517469808459282,0.004571330733597279,3869.0,30.0,
-0.000173170497873798,-0.016328012570738792,0.004558473359793425,3869.0,30.0,
-0.0008610752993263304,-0.01541100349277258,0.004523539915680885,3869.0,30.0,
-0.0001756515121087432,-0.015415632165968418,0.004275346174836159,3869.0,30.0,
-0.0019970242865383625,-0.016102958470582962,0.004229630343616009,3869.0,30.0,
-0.00041657392284832895,-0.016324665397405624,0.00418854271993041,3869.0,30.0,
-0.001992221688851714,-0.01587068848311901,0.004139130003750324,3869.0,30.0,
-0.00018458615522831678,-0.015423339791595936,0.004061964340507984,3869.0,30.0,
-0.0015327412402257323,-0.01990504004061222,0.004025263711810112,3869.0,30.0,
-0.0015277109341695905,-0.02100779302418232,0.003936421126127243,3869.0,30.0,
-0.0028590792790055275,-0.02054530754685402,0.0038918722420930862,3869.0,30.0,
-0.0030768821015954018,-0.018976707011461258,0.0038884966634213924,3869.0,30.0,
-0.0028479783795773983,-0.02029026672244072,0.004654139280319214,3869.0,30.0,
-0.0008545063901692629,-0.022264309227466583,0.004614414647221565,3869.0,30.0,
-0.0006329302559606731,-0.02005484513938427,0.004691201727837324,3869.0,30.0,
-0.0030375742353498936,-0.020048577338457108,0.004690685775130987,3869.0,30.0,
-0.0021604702342301607,-0.020698759704828262,0.004404157400131226,3863.0,30.0,
-0.0021568082738667727,-0.020903952419757843,0.004366264212876558,3863.0,30.0,
-0.0008536485838703811,-0.020898625254631042,0.00433748122304678,3869.0,30.0,
-0.003894628258422017,-0.020895449444651604,0.004318304359912872,3869.0,30.0,
-0.0004304111935198307,-0.02111169695854187,0.005367971491068602,3869.0,30.0,
-0.002164114499464631,-0.02153497189283371,0.0053925360552966595,3869.0,30.0,
-0.0023852817248553038,-0.021546470001339912,0.005407500080764294,3869.0,30.0,
-0.002814294071868062,-0.021321581676602364,0.005421197507530451,3869.0,30.0,
-0.0025984637904912233,-0.020875129848718643,0.004873743746429682,3869.0,30.0,
-0.002594401827082038,-0.021082814782857895,0.004844989161938429,3869.0,30.0,
-0.0008706522057764232,-0.0189215037971735,0.004852255806326866,3869.0,30.0,
-0.0038893732707947493,-0.02106831781566143,0.004868381656706333,3869.0,30.0,
-0.0025927016977220774,-0.020203886553645134,0.004881800152361393,3541.0,30.0,
-0.002372001763433218,-0.019130084663629532,0.005709504708647728,3541.0,30.0,
-0.0019459197064861655,-0.02082342654466629,0.005744030699133873,3404.0,30.0,
-0.0012917586136609316,-0.019095107913017273,0.005761036649346352,3373.0,30.0,
-0.0012438580160960555,-0.0207922775298357,0.00580502999946475,3367.0,30.0,
-0.0010419009486213326,-0.019494913518428802,0.006293926388025284,3383.0,30.0,
-0.0008274978026747704,-0.020976530387997627,0.006354827433824539,3409.0,30.0,
-0.001911944942548871,-0.019075244665145874,0.006413663271814585,3409.0,30.0,
-0.0008440868696197867,-0.020344557240605354,0.00648212106898427,3441.0,10.0,
-0.0012596133165061474,-0.018684208393096924,0.005507784429937601,3468.0,10.0,
-0.002754763001576066,-0.021057263016700745,0.005549421068280935,3489.0,10.0,
-0.002592934761196375,-0.021105965599417686,0.005506225861608982,3510.0,10.0,
-0.0030865853186696768,-0.021146023645997047,0.0054538194090127945,3520.0,10.0,
-0.005034287925809622,-0.021041264757514,0.005379152949899435,3520.0,10.0,
-0.004972678143531084,-0.02199786715209484,0.004346294328570366,3536.0,10.0,
-0.004509999882429838,-0.022048907354474068,0.004277883097529411,3541.0,10.0,
-0.005575685761868954,-0.02009352296590805,0.0042297509498894215,3541.0,10.0,
-0.004631012212485075,-0.020431332290172577,0.004214256536215544,3547.0,10.0,
-0.0051191444508731365,-0.019611846655607224,0.0044393776915967464,3552.0,10.0,
-0.005746734328567982,-0.014442269690334797,0.004277147352695465,3552.0,10.0,
-0.005599988158792257,-0.02065884880721569,0.004748053848743439,3557.0,10.0,
-0.005218413658440113,-0.020855359733104706,0.004801083356142044,3541.0,10.0,
-0.005154780112206936,-0.019822608679533005,0.004091448150575161,3541.0,10.0,
-0.008487701416015625,-0.01978451758623123,0.003972681239247322,3547.0,10.0,
-0.0076461355201900005,-0.023332349956035614,0.004000730346888304,3552.0,10.0,
-0.006861645728349686,-0.020152263343334198,0.004079563543200493,3552.0,10.0,
-0.005591542925685644,-0.018466172739863396,0.004052497446537018,3541.0,10.0,
-0.007308033760637045,-0.019198834896087646,0.0027328701689839363,3552.0,10.0,
-0.007374332286417484,-0.01808992587029934,0.0025205956771969795,3568.0,10.0,
-0.0053177084773778915,-0.022539636120200157,0.0026320815086364746,3557.0,10.0,
-0.00696053821593523,-0.019920533522963524,0.002663876162841916,3563.0,10.0,
-0.005522751249372959,-0.022430680692195892,0.0016636167420074344,3563.0,10.0,
-0.004038630519062281,-0.017144201323390007,0.0015941746532917023,3563.0,10.0,
-0.003126787720248103,-0.01827695220708847,0.0015240313950926065,3568.0,10.0,
-0.0026184336747974157,-0.015270681120455265,0.0013015535660088062,3573.0,10.0,
-0.0021257023327052593,-0.014952619560062885,0.0010495292954146862,3573.0,10.0,
-0.0020848053973168135,-0.00959958415478468,0.0006932680262252688,3573.0,10.0,
-0.0010069713462144136,-0.00849216990172863,0.0004985483246855438,3573.0,10.0,
-0.004284421913325787,-0.01117133442312479,0.0008764907834120095,3573.0,10.0,
-0.0026452294550836086,-0.008398815058171749,0.0005632227985188365,3573.0,10.0,
-0.0020198728889226913,-0.0026204155292361975,0.00018680200446397066,3563.0,10.0,
-0.0009639327763579786,-0.0025614239275455475,0.00013136694906279445,3557.0,10.0,
-0.0037639907095581293,-0.0031136709731072187,0.00031778248376213014,3547.0,10.0,
-0.002365887863561511,-0.0029920898377895355,0.00041092425817623734,3547.0,10.0,
-0.0022213582415133715,-0.005225248634815216,0.00052229332504794,3547.0,10.0,
-0.0012488877400755882,-0.005871909204870462,0.0006725334678776562,3547.0,10.0,
-0.001891033141873777,-0.005892501212656498,0.0008225063793361187,3541.0,10.0,
-0.00015867222100496292,-0.0064214253798127174,0.0009561254410073161,3547.0,10.0,
0.0009470080258324742,-0.0060654678381979465,0.0006714234477840364,3552.0,10.0,
0.0010558702051639557,-0.0035998618695884943,0.0007417695014737546,3552.0,10.0,
0.0013397004222497344,-0.0026106613222509623,0.0008432657923549414,3557.0,10.0,
0.0021619743201881647,-0.006783932913094759,0.0010826403740793467,3557.0,10.0,
0.002195036504417658,-0.012997414916753769,0.0006074609700590372,3552.0,10.0,
0.0015528694493696094,-0.010670723393559456,0.0009142577764578164,3552.0,10.0,
0.0015070869121700525,-0.01370666828006506,0.0007570888847112656,3547.0,10.0,
0.0032981259282678366,-0.01386244222521782,0.0007739939610473812,3547.0,10.0,
0.001612480147741735,-0.014254292473196983,0.0007867106469348073,3552.0,10.0,
0.0012658309424296021,-0.014577028341591358,0.00045456556836143136,3552.0,10.0,
0.0029651999939233065,-0.013391528278589249,0.0005938515532761812,3552.0,10.0,
0.0027034725062549114,-0.012824427336454391,0.0006373755168169737,3547.0,10.0,
0.003172267461195588,-0.014663167297840118,0.00043541722698137164,3541.0,10.0,
0.0038638205733150244,-0.014830955304205418,0.00021395421936176717,3541.0,10.0,
0.003542066551744938,-0.02219853363931179,-0.00038032719749026,3541.0,10.0,
0.003958474844694138,-0.022264041006565094,-0.00035011611180379987,3526.0,10.0,
0.0037837629206478596,-0.023609815165400505,-0.0005038278759457171,3520.0,10.0,
0.0037224378902465105,-0.023779848590493202,-0.0002917140955105424,3520.0,10.0,
0.0025349201168864965,-0.029536105692386627,-0.0007909337291494012,3520.0,10.0,
0.002054839162155986,-0.031179187819361687,-0.0009147949749603868,3520.0,10.0,
0.0009858505800366402,-0.0323764942586422,-0.0009673376916907728,3520.0,10.0,
0.0006932023679837584,-0.032659173011779785,-0.0007997140637598932,3520.0,10.0,
-0.0013866625959053636,-0.03509725630283356,-0.0007389024249278009,3520.0,10.0,
-0.0024564939085394144,-0.03637859225273132,-0.0008440501987934113,3520.0,10.0,
-0.0039610592648386955,-0.03668558597564697,-0.000832555175293237,3515.0,10.0,
-0.004568170756101608,-0.03702622279524803,-0.0006916332058608532,3515.0,10.0,
-0.0066895331256091595,-0.0379360094666481,-0.00047992984764277935,3515.0,10.0,
-0.009963758289813995,-0.03837927430868149,-0.0005975019303150475,3515.0,10.0,
-0.012177824974060059,-0.04066777601838112,-0.0008231039973907173,3515.0,10.0,
-0.013578607700765133,-0.03985372930765152,-0.0004985438426956534,3515.0,10.0,
-0.013597998768091202,-0.040382467210292816,8.545845048502088e-06,3515.0,10.0,
-0.016757231205701828,-0.04295984283089638,-8.596916450187564e-05,3515.0,10.0,
-0.017884887754917145,-0.04409334436058998,0.0001482187071815133,3520.0,10.0,
-0.019320588558912277,-0.04507564753293991,0.0003783326828852296,3499.0,10.0,
-0.019771628081798553,-0.045823778957128525,0.0008007200085557997,3499.0,10.0,
-0.020852670073509216,-0.04686358943581581,0.0012523145414888859,3494.0,10.0,
-0.022152816876769066,-0.05003267526626587,0.0015125853242352605,3499.0,10.0,
-0.02498176507651806,-0.05102400481700897,0.0018447341863065958,3499.0,10.0,
-0.02560308389365673,-0.051288194954395294,0.0024921083822846413,3499.0,10.0,
-0.02472659945487976,-0.0524212121963501,0.0045752450823783875,3499.0,10.0,
-0.024477045983076096,-0.05372009798884392,0.005214294884353876,3504.0,10.0,
-0.023409340530633926,-0.053840167820453644,0.005999370012432337,3504.0,10.0,
-0.02314259484410286,-0.05286138877272606,0.006871184799820185,3504.0,10.0,
-0.023163175210356712,-0.053441572934389114,0.009612441062927246,3504.0,10.0,
-0.020218517631292343,-0.05748209357261658,0.010253571905195713,3504.0,10.0,
-0.020285336300730705,-0.057827457785606384,0.01115933433175087,3504.0,10.0,
-0.01960347592830658,-0.05748506262898445,0.012144718319177628,3510.0,10.0,
-0.01976550556719303,-0.05747957155108452,0.013133937492966652,3510.0,10.0,
-0.020732173696160316,-0.05724223703145981,0.01783650927245617,3510.0,10.0,
-0.016102302819490433,-0.06296446919441223,0.018700066953897476,3510.0,10.0,
-0.015435961075127125,-0.06264470517635345,0.01994338631629944,3515.0,10.0,
-0.01542262826114893,-0.06278969347476959,0.021199535578489304,3520.0,10.0,
-0.01526559330523014,-0.06520526856184006,0.02585146389901638,3515.0,10.0,
-0.014798808842897415,-0.06586644798517227,0.027255039662122726,3504.0,10.0,
-0.014168224297463894,-0.06529206782579422,0.028751270845532417,3504.0,10.0,
-0.015096135437488556,-0.0653424933552742,0.0303187258541584,3504.0,10.0,
-0.014727574773132801,-0.0660930648446083,0.03398275747895241,3504.0,10.0,
-0.01620863750576973,-0.06340579688549042,0.03579006344079971,3504.0,10.0,
-0.015747016295790672,-0.062298569828271866,0.037413205951452255,3510.0,10.0,
-0.015580822713673115,-0.061958782374858856,0.03903743252158165,3510.0,10.0,
-0.013823673129081726,-0.06139683723449707,0.04060309752821922,3510.0,10.0,
-0.013065172359347343,-0.06068003922700882,0.04691404476761818,3510.0,10.0,
-0.012566447257995605,-0.060599666088819504,0.04878798499703407,3515.0,10.0,
-0.012797593139111996,-0.06026297062635422,0.05068561062216759,3515.0,10.0,
-0.013453816063702106,-0.05963761731982231,0.05256527662277222,3526.0,10.0,
-0.011454466730356216,-0.05982375517487526,0.058092743158340454,3520.0,10.0,
-0.010520348325371742,-0.05981631949543953,0.060078974813222885,3526.0,10.0,
-0.01040582824498415,-0.059687402099370956,0.062087222933769226,3526.0,10.0,
-0.008602503687143326,-0.059868622571229935,0.06399884819984436,3531.0,10.0,
-0.008579700253903866,-0.060302577912807465,0.06361628323793411,3531.0,10.0,
-0.00711573613807559,-0.059369273483753204,0.0653383880853653,3531.0,10.0,
-0.00637152511626482,-0.060318924486637115,0.0670977383852005,3526.0,10.0,
-0.005604144185781479,-0.06051575392484665,0.06883169710636139,3510.0,10.0,
-0.003610532497987151,-0.06013453006744385,0.07303240895271301,3510.0,10.0,
-0.003310542553663254,-0.06030707433819771,0.07490707188844681,3499.0,10.0,
-0.0029162138234823942,-0.059964295476675034,0.07675307989120483,3499.0,10.0,
-0.0011064291466027498,-0.05960587412118912,0.07850495725870132,3499.0,10.0,
-0.0008335642633028328,-0.05953095480799675,0.0803261250257492,3499.0,10.0,
-0.00044923933455720544,-0.05911504104733467,0.08038989454507828,3504.0,10.0,
0.0005589610082097352,-0.05910942703485489,0.08208170533180237,3504.0,10.0,
0.0009499891893938184,-0.058965910226106644,0.08379971235990524,3504.0,10.0,
0.001710559707134962,-0.05916387587785721,0.08547656983137131,3504.0,10.0,
0.002422444988042116,-0.05925387144088745,0.08573155850172043,3504.0,10.0,
0.002580010797828436,-0.0586899071931839,0.08722781389951706,3499.0,10.0,
0.003376350738108158,-0.05906328186392784,0.08864805102348328,3499.0,10.0,
0.003670469857752323,-0.05933491140604019,0.09006484597921371,3499.0,10.0,
0.004142891149967909,-0.05956919118762016,0.09041367471218109,3494.0,10.0,
0.0047872248105704784,-0.05875757336616516,0.09173958003520966,3494.0,10.0,
0.004930759314447641,-0.05912784859538078,0.09304940700531006,3494.0,10.0,
0.004726103972643614,-0.05918462947010994,0.09435003250837326,3489.0,10.0,
0.006049144547432661,-0.058728694915771484,0.09560514241456985,3489.0,10.0,
0.006388661917299032,-0.05801483988761902,0.09829327464103699,3489.0,10.0,
0.006669653579592705,-0.057362768799066544,0.09965811669826508,3489.0,10.0,
0.007177968043833971,-0.05767267197370529,0.10104504227638245,3468.0,10.0,
0.007304736413061619,-0.057633399963378906,0.1024554967880249,3473.0,10.0,
0.007471825927495956,-0.05724373087286949,0.10287080705165863,3468.0,10.0,
0.0075073535554111,-0.058634620159864426,0.10429924726486206,3468.0,10.0,
0.007598774041980505,-0.05753869190812111,0.10574118793010712,3468.0,10.0,
0.007505636662244797,-0.05776187404990196,0.10722240060567856,3462.0,10.0,
0.007559331599622965,-0.05740668997168541,0.10699999332427979,3468.0,10.0,
0.007690425496548414,-0.05526666343212128,0.10842254757881165,3468.0,10.0,
0.007638923358172178,-0.05580415576696396,0.10843314975500107,3468.0,10.0,
0.0077462466433644295,-0.05568178370594978,0.10992468148469925,3468.0,10.0,
0.00792431179434061,-0.055320583283901215,0.11146999150514603,3468.0,10.0,
0.00792613998055458,-0.055369775742292404,0.11061455309391022,3468.0,10.0,
0.008081450127065182,-0.055934153497219086,0.11213519424200058,3468.0,10.0,
0.00821803230792284,-0.056280843913555145,0.11368400603532791,3473.0,10.0,
0.008243530988693237,-0.056208644062280655,0.11526089906692505,3468.0,10.0,
0.008248916827142239,-0.056127436459064484,0.11808409541845322,3473.0,10.0,
0.008059578016400337,-0.05560692772269249,0.11980728060007095,3473.0,10.0,
0.008049296215176582,-0.05654904991388321,0.12156263738870621,3473.0,10.0,
0.008059299550950527,-0.05884850025177002,0.12333043664693832,3473.0,10.0,
0.008074789308011532,-0.05908632650971413,0.1243349015712738,3468.0,10.0,
0.007850094698369503,-0.0595165491104126,0.12616947293281555,3457.0,10.0,
0.007837606593966484,-0.05869044363498688,0.12808336317539215,3457.0,10.0,
0.0077730510383844376,-0.05880025774240494,0.1300315111875534,3457.0,10.0,
0.007526326924562454,-0.059411827474832535,0.13202893733978271,3457.0,10.0,
0.007436484098434448,-0.05955929681658745,0.13404643535614014,3457.0,10.0,
0.007635613437741995,-0.05904826149344444,0.1361280083656311,3462.0,10.0,
0.008916090242564678,-0.05953225865960121,0.1382148265838623,3462.0,10.0,
0.00736266141757369,-0.05817507952451706,0.14033623039722443,3462.0,10.0,
0.0070840176194906235,-0.057051997631788254,0.14496174454689026,3462.0,10.0,
0.010780847631394863,-0.05916367843747139,0.14728060364723206,3468.0,10.0,
0.01180320605635643,-0.05964416265487671,0.14963434636592865,3468.0,10.0,
0.011661886237561703,-0.05941654369235039,0.15207651257514954,3478.0,10.0,
0.011642121709883213,-0.06012123078107834,0.1562137007713318,3478.0,10.0,
0.011174416169524193,-0.05917341634631157,0.15886126458644867,3483.0,10.0,
0.011045271530747414,-0.05979446321725845,0.16155365109443665,3483.0,10.0,
0.01091056503355503,-0.05991995707154274,0.1643093228340149,3489.0,10.0,
0.010773038491606712,-0.06075475737452507,0.16710107028484344,3494.0,10.0,
0.010252384468913078,-0.057061295956373215,0.16721370816230774,3499.0,10.0,
0.010113615542650223,-0.05856699496507645,0.1698807179927826,3499.0,10.0,
0.007996056228876114,-0.05819888785481453,0.17256420850753784,3483.0,10.0,
0.008048823103308678,-0.05725399777293205,0.1752479076385498,3483.0,10.0,
0.008002317510545254,-0.05722203105688095,0.17683008313179016,3473.0,10.0,
0.00740930438041687,-0.057567398995161057,0.17949438095092773,3473.0,10.0,
0.007364416029304266,-0.057676587253808975,0.18218617141246796,3473.0,10.0,
0.007546278648078442,-0.05756378546357155,0.18490128219127655,3468.0,10.0,
0.0074662272818386555,-0.05753951892256737,0.18777461349964142,3473.0,10.0,
0.004876201972365379,-0.05460469797253609,0.19055084884166718,3473.0,10.0,
0.004696263466030359,-0.05444967374205589,0.19336582720279694,3473.0,10.0,
0.003987133037298918,-0.05433439090847969,0.19619767367839813,3478.0,10.0,
0.00400451710447669,-0.0539386011660099,0.19828464090824127,3478.0,10.0,
0.004012065939605236,-0.05190793424844742,0.20103570818901062,3483.0,10.0,
0.0040952786803245544,-0.0521756187081337,0.20379360020160675,3478.0,10.0,
0.0036348896101117134,-0.05157573148608208,0.20656801760196686,3478.0,10.0,
0.0045264121145009995,-0.0527719222009182,0.20938478410243988,3478.0,10.0,
0.0018523746402934194,-0.047624435275793076,0.21370021998882294,3483.0,10.0,
0.0018218262121081352,-0.047670867294073105,0.213700532913208,3483.0,10.0,
0.0013462044298648834,-0.0472867488861084,0.2192750871181488,3483.0,10.0,
0.0012295005144551396,-0.04666867107152939,0.21926872432231903,3483.0,10.0,
0.0010261014103889465,-0.04689918830990791,0.2252819985151291,3483.0,10.0,
0.0006059063598513603,-0.04660796746611595,0.2252790927886963,3489.0,10.0,
0.0003617077600210905,-0.04587531089782715,0.23098692297935486,3473.0,10.0,
0.0003617077600210905,-0.04587531089782715,0.23098692297935486,3468.0,10.0,
-0.00334317609667778,-0.04177888482809067,0.23912657797336578,3468.0,10.0,
-0.003414744511246681,-0.041591156274080276,0.23912495374679565,3468.0,10.0,
-0.00321810320019722,-0.04184599593281746,0.24245381355285645,3468.0,10.0,
-0.003503091400489211,-0.04146333411335945,0.2454797774553299,3473.0,10.0,
-0.0038579634856432676,-0.04145772010087967,0.24853657186031342,3478.0,10.0,
-0.004095037002116442,-0.04049677774310112,0.2525620460510254,3478.0,10.0,
-0.004370039328932762,-0.04048676788806915,0.2557417154312134,3483.0,10.0,
-0.004711169749498367,-0.04049598053097725,0.2589494287967682,3483.0,10.0,
-0.005046838894486427,-0.04037958383560181,0.2621585726737976,3483.0,10.0,
-0.005073253531008959,-0.03997854143381119,0.2659752368927002,3489.0,10.0,
-0.008104575797915459,-0.036231860518455505,0.26916372776031494,3489.0,10.0,
-0.008824646472930908,-0.036357227712869644,0.2723493278026581,3494.0,10.0,
-0.008899455890059471,-0.036824434995651245,0.27553045749664307,3494.0,10.0,
-0.008946139365434647,-0.036210522055625916,0.27994397282600403,3499.0,10.0,
-0.009024558588862419,-0.034127868711948395,0.28318527340888977,3499.0,10.0,
-0.009167768992483616,-0.035293493419885635,0.28644242882728577,3499.0,10.0,
-0.009217525832355022,-0.034647051244974136,0.2897040843963623,3504.0,10.0,
-0.00812714546918869,-0.034426674246788025,0.29296785593032837,3499.0,10.0,
-0.008080990985035896,-0.03387162461876869,0.2969214618206024,3489.0,10.0,
-0.009950019419193268,-0.033696457743644714,0.3001774847507477,3483.0,10.0,
-0.009943642653524876,-0.034351896494627,0.30340680480003357,3483.0,10.0,
-0.010407628491520882,-0.033999085426330566,0.30661332607269287,3483.0,10.0,
-0.009620916098356247,-0.03407721966505051,0.3106541335582733,3489.0,10.0,
-0.009172290563583374,-0.03150558099150658,0.31389501690864563,3489.0,10.0,
-0.010095900855958462,-0.035889945924282074,0.31714338064193726,3489.0,10.0,
-0.006607749965041876,-0.04282689094543457,0.32038962841033936,3489.0,10.0,
-0.006760799791663885,-0.043270841240882874,0.3241141438484192,3489.0,10.0,
-0.006478372495621443,-0.044013720005750656,0.32733312249183655,3494.0,10.0,
-0.006457947660237551,-0.04406055435538292,0.33050188422203064,3494.0,10.0,
-0.005758685991168022,-0.04414844140410423,0.33360207080841064,3499.0,10.0,
-0.006166103295981884,-0.043664440512657166,0.33663880825042725,3494.0,10.0,
-0.005698354449123144,-0.04415394738316536,0.3405592441558838,3494.0,10.0,
-0.005149791948497295,-0.045130591839551926,0.34358301758766174,3494.0,10.0,
-0.005034027621150017,-0.043968427926301956,0.34658995270729065,3494.0,10.0,
-0.004929307382553816,-0.044048577547073364,0.349542498588562,3499.0,10.0,
-0.004819306544959545,-0.04414046183228493,0.3514954745769501,3499.0,10.0,
-0.006003665272146463,-0.04855704680085182,0.3542569875717163,3499.0,10.0,
-0.006746684666723013,-0.04839648678898811,0.35697153210639954,3483.0,10.0,
-0.006582888774573803,-0.048269517719745636,0.3596508204936981,3483.0,10.0,
-0.005474349483847618,-0.04915335401892662,0.36257031559944153,3473.0,10.0,
-0.005348900333046913,-0.04913414642214775,0.36526116728782654,3473.0,10.0,
-0.0050985305570065975,-0.04909701272845268,0.36794421076774597,3473.0,10.0,
-0.005323608405888081,-0.05008125305175781,0.3706146478652954,3473.0,10.0,
-0.005484587047249079,-0.05064936727285385,0.3732717037200928,3478.0,10.0,
-0.005377818364650011,-0.050862956792116165,0.375154972076416,3478.0,10.0,
-0.005541967693716288,-0.05101403221487999,0.37772318720817566,3478.0,10.0,
-0.005444926675409079,-0.05120564252138138,0.38026660680770874,3473.0,10.0,
-0.005124398972839117,-0.049611303955316544,0.3827880620956421,3473.0,10.0,
-0.004926913883537054,-0.051079485565423965,0.38745659589767456,3468.0,10.0,
-0.0043137879110872746,-0.04910656437277794,0.3901088833808899,3468.0,10.0,
-0.004031652584671974,-0.049805618822574615,0.392753541469574,3468.0,10.0,
-0.0034530269913375378,-0.047595761716365814,0.3953935503959656,3473.0,10.0,
-0.002589559881016612,-0.044414471834897995,0.398752897977829,3473.0,10.0,
-0.0013769268989562988,-0.04638854041695595,0.40145328640937805,3478.0,10.0,
0.00020540975674521178,-0.04810493439435959,0.4041529595851898,3478.0,10.0,
0.0004543196992017329,-0.048138443380594254,0.4068484902381897,3478.0,10.0,
0.001951004029251635,-0.04613805562257767,0.40953898429870605,3478.0,10.0,
-0.0008834958425723016,-0.05627777427434921,0.4115862250328064,3478.0,10.0,
-0.00043033825932070613,-0.055690061300992966,0.41424649953842163,3483.0,10.0,
-0.0004683306615334004,-0.056213948875665665,0.41687217354774475,3483.0,10.0,
0.0004134521004743874,-0.05851541832089424,0.41944336891174316,3483.0,10.0,
0.0002804925024975091,-0.05749654769897461,0.42214497923851013,3483.0,10.0,
0.0003380148555152118,-0.05682861804962158,0.42469099164009094,3483.0,10.0,
0.0008228806545957923,-0.056999266147613525,0.42721760272979736,3489.0,10.0,
0.002252395963296294,-0.06030457839369774,0.4297163188457489,3489.0,10.0,
0.002746986225247383,-0.05939432606101036,0.43261587619781494,3489.0,10.0,
0.0024488160852342844,-0.05732596293091774,0.4351273775100708,3494.0,10.0,
0.0029246388003230095,-0.05593206360936165,0.43763184547424316,3489.0,10.0,
0.0036758845672011375,-0.056037064641714096,0.44013628363609314,3489.0,10.0,
0.005580881144851446,-0.053352925926446915,0.444370299577713,3494.0,10.0,
0.007016387302428484,-0.052890077233314514,0.44692862033843994,3494.0,10.0,
0.008627109229564667,-0.05415347218513489,0.44945719838142395,3494.0,10.0,
0.00970530416816473,-0.054164573550224304,0.45220449566841125,3499.0,10.0,
0.011720637790858746,-0.05854297801852226,0.4546448290348053,3494.0,10.0,
0.011902081780135632,-0.058319341391325,0.4547981917858124,3494.0,10.0,
0.012069037184119225,-0.05749313533306122,0.4570043683052063,3499.0,10.0,
0.012201650068163872,-0.05645548924803734,0.4591553211212158,3499.0,10.0,
0.016227763146162033,-0.05659150704741478,0.46121978759765625,3494.0,10.0,
0.020330900326371193,-0.05662328004837036,0.463274747133255,3494.0,10.0,
0.0215772595256567,-0.05901090055704117,0.46522215008735657,3489.0,10.0,
0.023020971566438675,-0.05900470167398453,0.46712741255760193,3489.0,10.0,
0.02581695467233658,-0.05543040111660957,0.468985915184021,3489.0,10.0,
0.02652685157954693,-0.0551111064851284,0.47082945704460144,3489.0,10.0,
0.026837382465600967,-0.05479982867836952,0.4717029631137848,3489.0,10.0,
0.0279778353869915,-0.05529986694455147,0.473463237285614,3489.0,10.0,
0.03067711740732193,-0.0506102554500103,0.4751816391944885,3489.0,10.0,
0.03188791126012802,-0.05337834358215332,0.4768882095813751,3489.0,10.0,
0.03410136699676514,-0.04142509400844574,0.47818368673324585,3489.0,10.0,
0.03520863130688667,-0.04434574767947197,0.47981545329093933,3489.0,10.0,
0.035886868834495544,-0.048418838530778885,0.4814548194408417,3489.0,10.0,
0.038958288729190826,-0.05556972324848175,0.4830963611602783,3483.0,10.0,
0.03995656222105026,-0.05743907392024994,0.4843750596046448,3483.0,10.0,
0.041727613657712936,-0.039033107459545135,0.48594287037849426,3483.0,10.0,
0.04311754181981087,-0.041666675359010696,0.48749056458473206,3489.0,10.0,
0.045025333762168884,-0.041219353675842285,0.4889967143535614,3489.0,10.0,
0.0472102127969265,-0.04277966916561127,0.49045777320861816,3489.0,10.0,
0.04787612706422806,-0.028717011213302612,0.49348172545433044,3489.0,10.0,
0.05152462422847748,-0.03330092132091522,0.4949672818183899,3489.0,10.0,
0.051989808678627014,-0.03594103083014488,0.49640095233917236,3489.0,10.0,
0.05444801226258278,-0.03522366285324097,0.49773848056793213,3489.0,10.0,
0.055178944021463394,-0.03529006615281105,0.5005068778991699,3489.0,10.0,
0.056791748851537704,-0.04061976820230484,0.5018118619918823,3489.0,10.0,
0.05875702202320099,-0.04037072882056236,0.5030888319015503,3483.0,10.0,
0.05945240333676338,-0.030911937355995178,0.5043458938598633,3489.0,10.0,
0.06157902255654335,-0.03392743319272995,0.5068495273590088,3489.0,10.0,
0.06301960349082947,-0.038110099732875824,0.508108377456665,3489.0,10.0,
0.06612908095121384,-0.04082687571644783,0.5092992186546326,3483.0,10.0,
0.06746365875005722,-0.040106840431690216,0.5104517936706543,3489.0,10.0,
0.06908760964870453,-0.03933160379528999,0.5115785002708435,3489.0,10.0,
0.07229679822921753,-0.030261756852269173,0.5151498317718506,3489.0,10.0,
0.07307365536689758,-0.03629644587635994,0.5163366794586182,3489.0,10.0,
0.07430540770292282,-0.03648216649889946,0.5174757838249207,3489.0,10.0,
0.07505328953266144,-0.03584732115268707,0.5185851454734802,3489.0,10.0,
0.07709892094135284,-0.03483140468597412,0.5205703973770142,3494.0,10.0,
0.07864158600568771,-0.03821367770433426,0.5216752886772156,3489.0,10.0,
0.08097794651985168,-0.03827271983027458,0.5227440595626831,3489.0,10.0,
0.0833640992641449,-0.03844713419675827,0.5237878561019897,3489.0,10.0,
0.08544226735830307,-0.03804299235343933,0.5263946652412415,3494.0,10.0,
0.08741208165884018,-0.03710813820362091,0.5274790525436401,3489.0,10.0,
0.08929886668920517,-0.03626377880573273,0.5285182595252991,3494.0,10.0,
0.0913274884223938,-0.03584197908639908,0.5294946432113647,3494.0,10.0,
0.09406817704439163,-0.034535523504018784,0.5304043889045715,3494.0,10.0,
0.09480462223291397,-0.033693067729473114,0.5307091474533081,3494.0,10.0,
0.0972001850605011,-0.03445368632674217,0.5314880609512329,3494.0,10.0,
0.09898504614830017,-0.03420422226190567,0.5322390794754028,3489.0,10.0,
0.10025829821825027,-0.033045798540115356,0.5329686403274536,3489.0,10.0,
0.1015104353427887,-0.031877532601356506,0.534180760383606,3489.0,10.0,
0.10307684540748596,-0.026075104251503944,0.5348749756813049,3489.0,10.0,
0.10381095856428146,-0.028765879571437836,0.5355252027511597,3489.0,10.0,
0.1060272678732872,-0.02879934012889862,0.5361348390579224,3483.0,10.0,
0.10801880061626434,-0.0278706643730402,0.5368021130561829,3483.0,10.0,
0.10993736237287521,-0.027303682640194893,0.5373833775520325,3483.0,10.0,
0.11174768954515457,-0.02783888950943947,0.5379613041877747,3483.0,10.0,
0.11364483088254929,-0.027268752455711365,0.5385481119155884,3483.0,10.0,
0.11502816528081894,-0.026689911261200905,0.538697361946106,3483.0,10.0,
0.11784978210926056,-0.026704343035817146,0.5392389297485352,3483.0,10.0,
0.1188550591468811,-0.019855909049510956,0.5397455096244812,3489.0,10.0,
0.12101469188928604,-0.028979036957025528,0.5402289628982544,3489.0,10.0,
0.11452995240688324,-0.005254469346255064,0.540663480758667,3483.0,10.0,
0.11570937931537628,-0.0048993732780218124,0.5402154326438904,3483.0,10.0,
0.11655823886394501,-0.004641987849026918,0.5404953360557556,3483.0,10.0,
0.11778233200311661,0.0023667574860155582,0.5407337546348572,3478.0,10.0,
0.11915631592273712,-0.007997154258191586,0.5410183072090149,3478.0,10.0,
0.1196296364068985,0.0010001563932746649,0.5411489605903625,3473.0,10.0,
0.1211743876338005,0.0009647180559113622,0.5414296388626099,3478.0,10.0,
0.12311850488185883,-0.010009480640292168,0.5417242050170898,3478.0,10.0,
0.12473209202289581,-0.00916994083672762,0.5419772267341614,3478.0,10.0,
0.12347442656755447,0.001999857369810343,0.5409773588180542,3478.0,10.0,
0.12419996410608292,0.0030039986595511436,0.5410687327384949,3478.0,10.0,
0.12624114751815796,-0.008760071359574795,0.5411494374275208,3473.0,10.0,
0.12571388483047485,0.002744561294093728,0.5411907434463501,3473.0,10.0,
0.1280180662870407,-0.006785882171243429,0.5412135124206543,3473.0,10.0,
0.1210828498005867,0.01735772378742695,0.5398988723754883,3473.0,10.0,
0.12357278168201447,0.018354706466197968,0.5397654175758362,3473.0,10.0,
0.12445124983787537,0.014886459335684776,0.5396136045455933,3468.0,10.0,
0.1258241981267929,0.016024881973862648,0.5394476056098938,3468.0,10.0,
0.12718291580677032,0.01717272959649563,0.5391600728034973,3462.0,10.0,
0.12887190282344818,0.01725052483379841,0.5389832258224487,3468.0,10.0,
0.1304256021976471,0.015404746867716312,0.5388083457946777,3468.0,10.0,
0.13179126381874084,0.016505897045135498,0.5386381149291992,3462.0,10.0,
0.13092346489429474,0.026944581419229507,0.5382818579673767,3462.0,10.0,
0.1347324252128601,0.016443874686956406,0.5381251573562622,3462.0,10.0,
0.13610638678073883,0.01751929521560669,0.537954568862915,3462.0,10.0,
0.13748477399349213,0.018595287576317787,0.537773847579956,3462.0,10.0,
0.1367589831352234,0.02418905682861805,0.5375677347183228,3462.0,10.0,
0.13850852847099304,0.021539218723773956,0.537093997001648,3462.0,10.0,
0.1399785727262497,0.017163556069135666,0.5368078947067261,3462.0,10.0,
0.14068183302879333,0.018333762884140015,0.5365123748779297,3457.0,10.0,
0.14206339418888092,0.019326232373714447,0.5362269878387451,3457.0,10.0,
0.14387372136116028,0.02287803776562214,0.5355573892593384,3457.0,10.0,
0.145792156457901,0.02692127227783203,0.5352370142936707,3457.0,10.0,
0.14938145875930786,0.01036637183278799,0.5349141955375671,3452.0,10.0,
0.1482774019241333,0.0062707336619496346,0.5345852375030518,3457.0,10.0,
0.14896239340305328,0.006960957311093807,0.5345425009727478,3457.0,10.0,
0.15106801688671112,0.010380665771663189,0.5342627763748169,3457.0,10.0,
0.15164026618003845,0.011512091383337975,0.5340104103088379,3457.0,10.0,
0.15235324203968048,0.010801508091390133,0.5337797403335571,3457.0,10.0,
0.15376977622509003,0.011574245989322662,0.5335885882377625,3457.0,10.0,
0.1549195945262909,0.012830205261707306,0.5343869924545288,3457.0,10.0,
0.156334787607193,0.013625577092170715,0.5343478918075562,3457.0,10.0,
0.15926511585712433,0.010717912577092648,0.534345269203186,3462.0,10.0,
0.16071246564388275,0.011474609375,0.5343520641326904,3457.0,10.0,
0.1609971523284912,0.018851779401302338,0.5346057415008545,3457.0,10.0,
0.16417525708675385,0.01260629203170538,0.5346800684928894,3462.0,10.0,
0.16109634935855865,0.021643053740262985,0.5347774028778076,3457.0,10.0,
0.1669967770576477,0.008017010986804962,0.5348750948905945,3462.0,10.0,
0.1682579070329666,0.011605218052864075,0.5353066325187683,3462.0,10.0,
0.16945385932922363,0.010411569848656654,0.5354165434837341,3462.0,10.0,
0.16953302919864655,0.008836513385176659,0.5355521440505981,3462.0,10.0,
0.1683596968650818,0.008231724612414837,0.53570955991745,3462.0,10.0,
0.16779856383800507,0.01081508956849575,0.5373427867889404,3468.0,10.0,
0.16935788094997406,0.009052291512489319,0.5375924706459045,3468.0,10.0,
0.1691618710756302,0.006785789970308542,0.5378508567810059,3468.0,10.0,
0.1722082942724228,0.002870111260563135,0.538124144077301,3468.0,10.0,
0.17547912895679474,0.007116870488971472,0.5384166240692139,3468.0,10.0,
0.17616522312164307,0.008267693221569061,0.5392729043960571,3468.0,10.0,
0.17845962941646576,0.006337062455713749,0.5396192669868469,3473.0,10.0,
0.18009300529956818,0.0075220768339931965,0.5399831533432007,3473.0,10.0,
0.18190628290176392,0.0062462035566568375,0.5403710007667542,3473.0,10.0,
0.18328680098056793,0.006927175913006067,0.5392387509346008,3473.0,10.0,
0.18470992147922516,0.007783951237797737,0.5395681858062744,3473.0,10.0,
0.18613213300704956,0.008665545843541622,0.5399032235145569,3473.0,10.0,
0.18674448132514954,0.007991857826709747,0.5402257442474365,3473.0,10.0,
0.185922309756279,0.006495834793895483,0.5417591333389282,3473.0,10.0,
0.18677540123462677,0.007303326390683651,0.5421082973480225,3473.0,10.0,
0.1881512999534607,0.008226501755416393,0.5424607992172241,3473.0,10.0,
0.18863169848918915,0.006329149007797241,0.5428310632705688,3473.0,10.0,
0.18999437987804413,0.007267240900546312,0.5431740283966064,3473.0,10.0,
0.19750361144542694,-0.0004932266310788691,0.5444656610488892,3473.0,10.0,
0.19767507910728455,-0.0107254758477211,0.5447759628295898,3473.0,10.0,
0.20007331669330597,0.0018238635966554284,0.5450564026832581,3473.0,10.0,
0.2007201910018921,0.003788790898397565,0.5453551411628723,3468.0,10.0,
0.20018190145492554,0.0013217853847891092,0.5461177825927734,3468.0,10.0,
0.20099586248397827,0.0002968057233374566,0.5464651584625244,3473.0,10.0,
0.20147304236888885,0.0017074571223929524,0.5467886924743652,3468.0,10.0,
0.20274801552295685,0.001652450766414404,0.5470886826515198,3473.0,10.0,
0.20407259464263916,0.0027796216309070587,0.5486494898796082,3468.0,10.0,
0.20537057518959045,0.0038117985241115093,0.54900723695755,3473.0,10.0,
0.20645199716091156,0.003471305826678872,0.549351692199707,3473.0,10.0,
0.21219661831855774,0.019192662090063095,0.5496865510940552,3473.0,10.0,
0.21351025998592377,0.02050415799021721,0.54987633228302,3473.0,10.0,
0.21366898715496063,0.021823354065418243,0.5502296090126038,3468.0,10.0,
0.21380718052387238,0.026159094646573067,0.5505730509757996,3473.0,10.0,
0.21505498886108398,0.027634743601083755,0.5509065389633179,3473.0,10.0,
0.2151285707950592,0.025809800252318382,0.5512261390686035,3473.0,10.0,
0.21700800955295563,0.026067277416586876,0.5520391464233398,3473.0,10.0,
0.21666590869426727,0.022042397409677505,0.5523065328598022,3473.0,10.0,
0.22090020775794983,0.03428511694073677,0.5524934530258179,3473.0,10.0,
0.22082093358039856,0.03367966040968895,0.55267333984375,3468.0,10.0,
0.2199835479259491,0.03750739246606827,0.5527852177619934,3468.0,10.0,
0.21916648745536804,0.03729966655373573,0.5529423952102661,3468.0,10.0,
0.21857121586799622,0.03707611560821533,0.5531045198440552,3468.0,10.0,
0.21821582317352295,0.034580595791339874,0.5532693862915039,3468.0,10.0,
0.2203979194164276,0.04003937169909477,0.553392231464386,3468.0,10.0,
0.21905896067619324,0.04594586044549942,0.5528138875961304,3468.0,10.0,
0.22001345455646515,0.05093981698155403,0.5528268814086914,3468.0,10.0,
0.2206709384918213,0.051550425589084625,0.5528592467308044,3468.0,10.0,
0.2215907871723175,0.053444210439920425,0.5529182553291321,3462.0,10.0,
0.2224864959716797,0.05534868314862251,0.5525118708610535,3462.0,10.0,
0.2215455323457718,0.05436623468995094,0.5525375008583069,3468.0,10.0,
0.22239148616790771,0.05627494305372238,0.5525482296943665,3468.0,10.0,
0.22201818227767944,0.05673155188560486,0.5525472164154053,3462.0,10.0,
0.22103580832481384,0.05562720447778702,0.5526694059371948,3462.0,10.0,
0.22180703282356262,0.05751637741923332,0.552618145942688,3462.0,10.0,
0.22256861627101898,0.05941876769065857,0.5525524020195007,3462.0,10.0,
0.22743035852909088,0.10353739559650421,0.5524205565452576,3462.0,10.0,
0.22824569046497345,0.10481387376785278,0.5523627996444702,3462.0,10.0,
0.22665433585643768,0.10869117081165314,0.5529072284698486,3457.0,10.0,
0.22859220206737518,0.11576975136995316,0.5529539585113525,3457.0,10.0,
0.2295038253068924,0.12823708355426788,0.5527282953262329,3457.0,10.0,
0.2300451695919037,0.15299208462238312,0.5526561141014099,3457.0,10.0,
0.2305675446987152,0.15570439398288727,0.5529816746711731,3457.0,10.0,
0.22974242269992828,0.15891551971435547,0.5530070066452026,3457.0,10.0,
0.22673100233078003,0.15955007076263428,0.5527080297470093,3457.0,10.0,
0.227807879447937,0.15913280844688416,0.5521093010902405,3457.0,10.0,
0.2262040376663208,0.16064397990703583,0.5511972308158875,3457.0,10.0,
0.23447507619857788,0.1700218766927719,0.5511826276779175,3457.0,10.0,
0.23400238156318665,0.16673290729522705,0.5506971478462219,3457.0,10.0,
0.2363024204969406,0.17552143335342407,0.5518818497657776,3462.0,10.0,
0.2340412586927414,0.1823476105928421,0.5520848631858826,3462.0,10.0,
0.2337573915719986,0.2018917053937912,0.5531065464019775,3468.0,10.0,
0.23285385966300964,0.20045310258865356,0.5533307790756226,3468.0,10.0,
0.23310302197933197,0.20803958177566528,0.5530118942260742,3468.0,10.0,
0.23002640902996063,0.2072475552558899,0.5508691072463989,3468.0,10.0,
0.2301771491765976,0.20927268266677856,0.5507416129112244,3468.0,10.0,
0.23288299143314362,0.21030285954475403,0.550462007522583,3462.0,10.0,
0.23534619808197021,0.21871373057365417,0.5505627393722534,3462.0,10.0,
0.22809149324893951,0.23728403449058533,0.5498683452606201,3452.0,10.0,
0.22683843970298767,0.24815206229686737,0.5471587777137756,3446.0,10.0,
0.22965005040168762,0.24052180349826813,0.5464087724685669,3446.0,10.0,
0.22390878200531006,0.2668394148349762,0.5459815263748169,3441.0,10.0,
0.2233142852783203,0.2745218873023987,0.5455737709999084,3441.0,10.0,
0.22296680510044098,0.27017712593078613,0.5449876189231873,3441.0,10.0,
0.22291752696037292,0.2725290060043335,0.5446243286132812,3441.0,10.0,
0.22378183901309967,0.2730361521244049,0.5442662835121155,3441.0,10.0,
0.22196730971336365,0.26785412430763245,0.5437924861907959,3441.0,10.0,
0.22077414393424988,0.27706408500671387,0.5426036715507507,3441.0,10.0,
0.2195149064064026,0.28648704290390015,0.5426122546195984,3441.0,10.0,
0.21802636981010437,0.290534108877182,0.5418463945388794,3446.0,10.0,
0.21457037329673767,0.2930889427661896,0.5428271889686584,3452.0,10.0,
0.21429204940795898,0.2952418327331543,0.5428391098976135,3452.0,10.0,
0.21008919179439545,0.29169830679893494,0.5425817966461182,3452.0,10.0,
0.20974057912826538,0.29372501373291016,0.5426620841026306,3452.0,10.0,
0.2273542732000351,0.29686596989631653,0.5442752838134766,3457.0,10.0,
0.22578710317611694,0.28893011808395386,0.5447924137115479,3457.0,10.0,
0.2283993661403656,0.2935011088848114,0.5460123419761658,3462.0,10.0,
0.23072387278079987,0.31243202090263367,0.547024130821228,3462.0,10.0,
0.23051494359970093,0.31433749198913574,0.5473361015319824,3462.0,10.0,
0.23028682172298431,0.3162447214126587,0.5476515889167786,3462.0,10.0,
0.23067380487918854,0.3140720725059509,0.5482277274131775,3468.0,10.0,
0.22437366843223572,0.31400108337402344,0.5508002042770386,3462.0,10.0,
0.21823085844516754,0.34539759159088135,0.5516983866691589,3462.0,10.0,
0.21955686807632446,0.35074684023857117,0.5519893765449524,3468.0,10.0,
0.21744295954704285,0.3506212532520294,0.5521981716156006,3462.0,10.0,
0.21656982600688934,0.34871068596839905,0.5524237751960754,3462.0,10.0,
0.2136073112487793,0.34366080164909363,0.5527715086936951,3462.0,10.0,
0.20871706306934357,0.3591178357601166,0.5516997575759888,3457.0,10.0,
0.20794552564620972,0.3612304925918579,0.5516589879989624,3457.0,10.0,
0.1953805834054947,0.3796628713607788,0.5491317510604858,3452.0,10.0,
0.19533608853816986,0.38329726457595825,0.548698902130127,3452.0,10.0,
0.19072367250919342,0.3782794177532196,0.547624945640564,3446.0,10.0,
0.18558181822299957,0.38943591713905334,0.5468913912773132,3446.0,10.0,
0.18551616370677948,0.392290323972702,0.5465466380119324,3446.0,10.0,
0.18517069518566132,0.39428678154945374,0.5462175607681274,3446.0,10.0,
0.18450231850147247,0.3961719870567322,0.5458953976631165,3446.0,10.0,
0.1837684065103531,0.3934193253517151,0.5460142493247986,3446.0,10.0,
0.17886880040168762,0.3908108174800873,0.5453782677650452,3446.0,10.0,
0.17735537886619568,0.4091191589832306,0.5434588193893433,3446.0,10.0,
0.1768653690814972,0.40956878662109375,0.5430285930633545,3446.0,10.0,
0.1729568988084793,0.40993741154670715,0.5426120162010193,3446.0,10.0,
0.17484210431575775,0.4146869480609894,0.5422306060791016,3446.0,10.0,
0.16844181716442108,0.4139939844608307,0.5428198575973511,3452.0,10.0,
0.15651419758796692,0.3977179229259491,0.5409977436065674,3441.0,10.0,
0.155341237783432,0.3991435468196869,0.540706992149353,3441.0,10.0,
0.15432357788085938,0.40686729550361633,0.5393064618110657,3441.0,10.0,
0.15316630899906158,0.4076603353023529,0.538594663143158,3441.0,10.0,
0.15020062029361725,0.40932539105415344,0.5378381609916687,3436.0,10.0,
0.1488545536994934,0.408586323261261,0.5374481678009033,3431.0,10.0,
0.14975689351558685,0.40910428762435913,0.5370541214942932,3431.0,10.0,
0.15164972841739655,0.40988150238990784,0.5366458892822266,3431.0,10.0,
0.15238258242607117,0.4088435471057892,0.5351678729057312,3425.0,10.0,
0.149689182639122,0.4000040888786316,0.5335603356361389,3431.0,10.0,
0.16118116676807404,0.38952115178108215,0.5332290530204773,3431.0,10.0,
0.18006353080272675,0.41058406233787537,0.5327203869819641,3431.0,10.0,
0.17868314683437347,0.4127798080444336,0.5332716107368469,3436.0,10.0,
0.17399722337722778,0.4128015637397766,0.5330097675323486,3436.0,10.0,
0.17014187574386597,0.41230863332748413,0.5320974588394165,3436.0,10.0,
0.1693112552165985,0.4121471047401428,0.5321279764175415,3436.0,10.0,
0.16780593991279602,0.41425183415412903,0.5317791700363159,3436.0,10.0,
0.16776110231876373,0.4214647710323334,0.5320900082588196,3446.0,10.0,
0.16591952741146088,0.41877299547195435,0.5320358872413635,3441.0,10.0,
0.16191206872463226,0.41081058979034424,0.5322493314743042,3441.0,10.0,
0.1611143797636032,0.41140609979629517,0.532394289970398,3441.0,10.0,
0.16963733732700348,0.4210667908191681,0.5335855484008789,3441.0,10.0,
0.15498405694961548,0.44669821858406067,0.5337178111076355,3441.0,10.0,
0.1529984325170517,0.4461189806461334,0.5338462591171265,3441.0,10.0,
0.1473863124847412,0.45748499035835266,0.5343402624130249,3441.0,10.0,
0.13898436725139618,0.4643224775791168,0.5371206998825073,3452.0,10.0,
0.13383767008781433,0.4547407031059265,0.5375807285308838,3452.0,10.0,
0.12991006672382355,0.464185893535614,0.536899209022522,3446.0,10.0,
0.11885841190814972,0.4673774838447571,0.5361891388893127,3441.0,10.0,
0.12065058946609497,0.467208594083786,0.5361723899841309,3436.0,10.0,
0.12040598690509796,0.4621512293815613,0.5361495614051819,3441.0,10.0,
0.1167006865143776,0.47468703985214233,0.5367544293403625,3441.0,10.0,
0.11545953899621964,0.47481486201286316,0.5366998910903931,3441.0,10.0,
0.11005667597055435,0.4774269759654999,0.5365697145462036,3441.0,10.0,
0.10679947584867477,0.47256094217300415,0.536008894443512,3436.0,10.0,
0.10306665301322937,0.4833487570285797,0.5342673659324646,3431.0,10.0,
0.10035113245248795,0.47921645641326904,0.5339921712875366,3431.0,10.0,
0.0932622104883194,0.4721466600894928,0.5349121689796448,3431.0,10.0,
0.08999384939670563,0.49290528893470764,0.5343999862670898,3431.0,10.0,
0.08604202419519424,0.48754212260246277,0.5339995622634888,3436.0,10.0,
0.08183547109365463,0.48293882608413696,0.5357901453971863,3436.0,10.0,
0.07038626074790955,0.4840029776096344,0.5372017621994019,3441.0,10.0,
0.06588666886091232,0.48565736413002014,0.5383409857749939,3441.0,10.0,
0.06209916993975639,0.4862756133079529,0.5388157963752747,3446.0,10.0,
0.060033250600099564,0.48947012424468994,0.5389671325683594,3446.0,10.0,
0.060195811092853546,0.4848567247390747,0.5399541258811951,3446.0,10.0,
0.05020487308502197,0.49224165081977844,0.5414055585861206,3446.0,10.0,
0.0482664480805397,0.4961514174938202,0.5415908098220825,3446.0,10.0,
0.0470549613237381,0.49015387892723083,0.5417382717132568,3446.0,10.0,
0.043898869305849075,0.48560795187950134,0.5418450236320496,3446.0,10.0,
0.03967560455203056,0.5070655345916748,0.5421949028968811,3441.0,10.0,
0.03609198331832886,0.5058047771453857,0.5423691272735596,3441.0,10.0,
0.03430553525686264,0.5156670212745667,0.5418276190757751,3441.0,10.0,
0.03402971103787422,0.516451895236969,0.541828989982605,3441.0,10.0,
0.030062610283493996,0.5158740282058716,0.5418267846107483,3441.0,10.0,
0.028340935707092285,0.5153346657752991,0.5397966504096985,3441.0,10.0,
0.02083558961749077,0.5193380117416382,0.5391987562179565,3431.0,10.0,
0.01656007207930088,0.5212947726249695,0.5393096804618835,3431.0,10.0,
0.016294684261083603,0.519775927066803,0.5390554070472717,3431.0,10.0,
0.013625440187752247,0.5203945636749268,0.538536012172699,3425.0,10.0,
0.011324552819132805,0.5204585194587708,0.5382713079452515,3425.0,10.0,
0.009135395288467407,0.520429253578186,0.5365824699401855,3425.0,10.0,
0.007390860468149185,0.5262550115585327,0.5357335805892944,3425.0,10.0,
0.0002014117781072855,0.5249677300453186,0.534652829170227,3420.0,10.0,
-0.0007073462475091219,0.5261890292167664,0.5342437028884888,3420.0,10.0,
-0.0015892967348918319,0.5249835848808289,0.5338606834411621,3415.0,10.0,
-0.002201366936787963,0.523646354675293,0.5334876179695129,3420.0,10.0,
-0.0028956602327525616,0.52621990442276,0.5333887934684753,3415.0,10.0,
-0.00715167261660099,0.5310865044593811,0.5326840281486511,3420.0,10.0,
-0.009174248203635216,0.530400276184082,0.5323571562767029,3420.0,10.0,
-0.016054345294833183,0.5269350409507751,0.5306383371353149,3420.0,10.0,
-0.01780790463089943,0.5275757908821106,0.530523419380188,3420.0,10.0,
-0.019433332607150078,0.5287281274795532,0.5304803252220154,3425.0,10.0,
-0.02198847383260727,0.5296550393104553,0.5313627123832703,3425.0,10.0,
-0.022657101973891258,0.5317223072052002,0.5313268899917603,3436.0,10.0,
-0.027733739465475082,0.566176176071167,0.5301483869552612,3431.0,10.0,
-0.029308054596185684,0.574311375617981,0.5300016403198242,3431.0,10.0,
-0.030860820785164833,0.5788195729255676,0.5298895239830017,3436.0,10.0,
-0.03184160962700844,0.5830394625663757,0.5298399925231934,3431.0,10.0,
-0.034433841705322266,0.5845766067504883,0.5314849019050598,3431.0,10.0,
-0.0345480851829052,0.585847795009613,0.5315917134284973,3431.0,10.0,
-0.038252297788858414,0.5755346417427063,0.5317153930664062,3436.0,10.0,
-0.044159602373838425,0.5804893374443054,0.5307646989822388,3436.0,10.0,
-0.04547584801912308,0.5839990377426147,0.5307477116584778,3436.0,10.0,
-0.04730245843529701,0.5846660137176514,0.5307292342185974,3436.0,10.0,
-0.049138959497213364,0.5857465863227844,0.5326488614082336,3431.0,10.0,
-0.05343112349510193,0.5876439809799194,0.532812237739563,3431.0,10.0,
-0.05771355330944061,0.5890457630157471,0.5330013036727905,3431.0,10.0,
-0.0633351057767868,0.5772410035133362,0.532637894153595,3425.0,10.0,
-0.06844154745340347,0.5791405439376831,0.5306839346885681,3420.0,10.0,
-0.07124888896942139,0.560531735420227,0.5300230979919434,3420.0,10.0,
-0.07350557297468185,0.5638289451599121,0.529677152633667,3415.0,10.0,
-0.07433249801397324,0.5679807662963867,0.5297149419784546,3415.0,10.0,
-0.07736161351203918,0.5754157304763794,0.5294318199157715,3415.0,10.0,
-0.07800434529781342,0.5757009387016296,0.529170572757721,3415.0,10.0,
-0.07771538197994232,0.5755701065063477,0.5289252996444702,3415.0,10.0,
-0.08233510702848434,0.5766651630401611,0.5284519791603088,3420.0,10.0,
-0.08413911610841751,0.5764505863189697,0.5282465815544128,3420.0,10.0,
-0.0858149603009224,0.5776157379150391,0.5280553698539734,3425.0,10.0,
-0.08734215050935745,0.5831971764564514,0.5278497338294983,3425.0,10.0,
-0.08768382668495178,0.5759407877922058,0.5276395678520203,3425.0,10.0,
-0.09102721512317657,0.5646042823791504,0.5272141098976135,3425.0,10.0,
-0.09473971277475357,0.5554553866386414,0.5264502763748169,3420.0,10.0,
-0.09655223041772842,0.5548883080482483,0.5261631608009338,3415.0,10.0,
-0.09968572109937668,0.5635855793952942,0.5253369808197021,3415.0,10.0,
-0.10212738066911697,0.5646028518676758,0.5247195363044739,3415.0,10.0,
-0.1036081463098526,0.5542340278625488,0.524433434009552,3415.0,10.0,
-0.10582540184259415,0.5555399060249329,0.5251917243003845,3415.0,10.0,
-0.1051803007721901,0.5394015312194824,0.5242300629615784,3415.0,10.0,
-0.13664402067661285,0.5491901636123657,0.5233800411224365,3362.0,10.0,
-0.13778898119926453,0.5422202348709106,0.5225470066070557,3367.0,10.0,
-0.13387137651443481,0.543225884437561,0.5214327573776245,3378.0,10.0,
-0.1448950320482254,0.5591856241226196,0.5199752449989319,3378.0,10.0,
-0.16414259374141693,0.5609316825866699,0.5183337330818176,3399.0,10.0,
-0.1710081249475479,0.5484538674354553,0.5109827518463135,3362.0,10.0,
-0.2789725959300995,0.5994598865509033,0.4805513918399811,3341.0,10.0,
-0.3243272304534912,0.6172685027122498,0.4480988681316376,3325.0,10.0,
-0.3598969578742981,0.6391448974609375,0.43811431527137756,3351.0,10.0,
-0.48850059509277344,0.7218605279922485,0.4281404912471771,3351.0,10.0,
-1.575865387916565,1.4585367441177368,0.2502295970916748,3367.0,10.0,
-1.875049352645874,1.663954496383667,0.21112626791000366,3283.0,10.0,
0.0017861798405647278,-0.0024040276184678078,-0.0006890115328133106,3283.0,10.0,
0.005803109612315893,-0.009874893352389336,0.25547119975090027,3378.0,10.0,
0.009532930329442024,-0.015543690882623196,0.24724620580673218,3404.0,10.0,
0.018648268654942513,-0.02994443103671074,0.236233651638031,3425.0,10.0,
0.026481790468096733,-0.04353923723101616,0.23255832493305206,3325.0,10.0,
0.038801245391368866,-0.06543868035078049,0.2119978368282318,3283.0,10.0,
0.06734701246023178,-0.10641416907310486,0.0544494204223156,3225.0,10.0,
0.10628710687160492,-0.1579662412405014,0.010552309453487396,3314.0,10.0,
0.10054326802492142,-0.1506786048412323,-0.005835920572280884,3309.0,10.0,
0.10367803275585175,-0.23880502581596375,-0.15207648277282715,3182.0,10.0,
-0.04214107245206833,-0.2946578860282898,0.16279298067092896,3193.0,10.0,
-0.04403475672006607,-0.2780127227306366,0.15829269587993622,3278.0,10.0,
-0.012880237773060799,-0.2215232253074646,0.40502774715423584,3409.0,10.0,
-0.02761598862707615,-0.2025238275527954,0.40015095472335815,3473.0,10.0,
-0.04686257988214493,-0.1664440780878067,0.4055216312408447,3494.0,10.0,
0.20420339703559875,-0.5618147253990173,1.0347392559051514,3399.0,10.0,
0.22032198309898376,-0.5298458337783813,1.0388705730438232,3293.0,10.0,
0.272003173828125,-0.46612298488616943,1.1230683326721191,3388.0,10.0,
0.405940443277359,-0.22463704645633698,1.2669756412506104,3415.0,10.0,
0.002069904003292322,0.004945789929479361,0.04973575100302696,3140.0,10.0,
0.0041359891183674335,0.01661958545446396,0.12702609598636627,3014.0,10.0,
0.00338095985352993,0.01740037463605404,0.12792935967445374,3024.0,10.0,
0.0016934288432821631,0.017041288316249847,0.132307767868042,3056.0,10.0,
0.0002718005271162838,0.017825599759817123,0.13524089753627777,3103.0,10.0,
-0.0010935381287708879,0.016844812780618668,0.13728812336921692,3146.0,10.0,
-0.008762289769947529,0.010083001106977463,0.12385047227144241,3167.0,10.0,
-0.022400807589292526,-0.005345676094293594,0.10752607136964798,3219.0,10.0,
-0.02039090171456337,-0.015939561650156975,0.06815678626298904,3283.0,10.0,
0.004843289032578468,-0.04210389778017998,-0.0011847817804664373,3373.0,10.0,
-0.022986803203821182,-0.03723755478858948,0.007818711921572685,3230.0,10.0,
-0.05189172551035881,-0.05901627615094185,0.0006789262406527996,3209.0,10.0,
-0.04977547749876976,-0.08949051052331924,-0.002769672544673085,3283.0,10.0,
-0.05181910842657089,-0.10487384349107742,-0.008679453283548355,3357.0,10.0,
-0.04363207519054413,-0.12367232143878937,-0.018437111750245094,3378.0,10.0,
-0.043256647884845734,-0.16906768083572388,0.0003591908607631922,3351.0,10.0,
-0.04801081493496895,-0.1893131285905838,-0.005115097854286432,3336.0,10.0,
-0.05558130517601967,-0.23356185853481293,-0.01942271739244461,3346.0,10.0,
-0.07950738072395325,-0.4225718379020691,-0.06453622877597809,3431.0,10.0,
-0.0869637057185173,-0.4430607557296753,-0.0653936043381691,3399.0,10.0,
-0.12639710307121277,-0.649757981300354,-0.15501807630062103,3425.0,10.0,
-0.14635027945041656,-0.7843723297119141,-0.23287320137023926,3415.0,10.0,
-0.15031519532203674,-0.8423342108726501,-0.2778583765029907,3404.0,10.0,
-0.14006362855434418,-1.0182393789291382,-0.42466849088668823,3198.0,10.0,
0.46178898215293884,-1.1401530504226685,0.149912029504776,3167.0,10.0,
0.49897703528404236,-1.1753759384155273,0.16217391192913055,3130.0,10.0,
0.6662645936012268,-1.3352410793304443,0.20787522196769714,3130.0,10.0,
0.754673421382904,-1.3721388578414917,0.24469856917858124,3130.0,10.0,
0.7965347170829773,-1.4026215076446533,0.2874419093132019,3182.0,10.0,
0.7974899411201477,-1.5444661378860474,0.340709924697876,3256.0,10.0,
0.7977838516235352,-1.7198280096054077,0.44379252195358276,3314.0,10.0,
0.9241721630096436,-1.7843202352523804,0.527418315410614,3299.0,10.0,
0.9881676435470581,-1.8162301778793335,0.5720081925392151,3336.0,10.0,
1.0541020631790161,-1.848423957824707,0.6170567274093628,3346.0,10.0,
1.1216380596160889,-1.880817174911499,0.6620296239852905,3320.0,10.0,
1.1906007528305054,-1.9133127927780151,0.70697420835495,3325.0,10.0,
1.3322087526321411,-1.978623390197754,0.7969219088554382,3336.0,10.0,
1.38935387134552,-2.018080949783325,0.8578524589538574,3336.0,10.0,
1.6546348333358765,-2.175737142562866,1.0834815502166748,3362.0,10.0,
1.7367587089538574,-2.290334701538086,1.236039161682129,3341.0,10.0,
1.8262423276901245,-2.3241126537323,1.2706711292266846,3320.0,10.0,
0.0,0.0,0.0,3415.0,10.0,
0.0,0.0,-0.0003618069749791175,3283.0,10.0,
0.00048006256110966206,-0.0001528465945739299,1.9777482748031616,3103.0,10.0,
0.022997671738266945,-0.006997673772275448,2.0441129207611084,3747.0,10.0,
0.03377925232052803,-0.01025362778455019,2.008857488632202,3779.0,10.0,
0.04750713333487511,-0.009372999891638756,1.0093181133270264,3779.0,10.0,
0.05202304944396019,-0.011514135636389256,0.9745182991027832,3779.0,10.0,
0.05747988820075989,-0.013681466691195965,0.9376830458641052,3779.0,10.0,
0.09055620431900024,-0.031126007437705994,1.018221378326416,3784.0,10.0,
0.10362053662538528,-0.040975309908390045,1.079932689666748,3784.0,10.0,
0.11285747587680817,-0.04471704736351967,1.0435965061187744,3784.0,10.0,
0.14890238642692566,-0.056765392422676086,0.9197971224784851,3784.0,20.0,
0.22096598148345947,-0.1168706864118576,1.2678172588348389,3784.0,20.0,
0.2369106113910675,-0.12554213404655457,1.2153058052062988,3784.0,20.0,
0.2471577376127243,-0.07327444851398468,0.6790472865104675,3784.0,20.0,
0.2883409261703491,-0.08306068181991577,0.5606395602226257,3784.0,20.0,
0.365782231092453,-0.1124463900923729,0.4847833812236786,3784.0,20.0,
0.4120465815067291,-0.12599976360797882,0.36112383008003235,3784.0,20.0,
0.45488664507865906,-0.13950370252132416,0.2333090752363205,3784.0,20.0,
0.7378495335578918,-0.2610418200492859,0.3526081144809723,3784.0,20.0,
0.7730351090431213,-0.27161768078804016,0.2987915873527527,3784.0,20.0,
0.851650059223175,-0.2983076572418213,0.18646641075611115,3790.0,20.0,
1.270898461341858,-0.46208876371383667,0.16746391355991364,3790.0,20.0,
1.3242008686065674,-0.4802752733230591,0.11922916769981384,3790.0,20.0,
1.5320967435836792,-0.5537828207015991,0.04864073544740677,3790.0,20.0,
1.8884313106536865,-0.6656004786491394,-0.2622678577899933,3790.0,20.0,
2.023939847946167,-0.7083455920219421,-0.37174856662750244,3795.0,20.0,
2.1664462089538574,-0.7532172203063965,-0.4840216040611267,3795.0,20.0,
2.318159341812134,-0.8017823100090027,-0.5979270935058594,3790.0,20.0,
2.3955018520355225,-0.8264691829681396,-0.6560564637184143,3790.0,20.0,
2.6319806575775146,-0.9006587266921997,-0.8357442617416382,3790.0,20.0,
2.9420175552368164,-0.994757354259491,-1.0948649644851685,3795.0,20.0,
3.0292446613311768,-1.0218315124511719,-1.1585928201675415,3795.0,20.0,
3.1168105602264404,-1.0486830472946167,-1.2233381271362305,3795.0,20.0,
3.282191038131714,-1.0985469818115234,-1.3613543510437012,3795.0,20.0,
3.3746259212493896,-1.126827597618103,-1.4274123907089233,3795.0,20.0,
3.5482611656188965,-1.1791361570358276,-1.569247841835022,3795.0,20.0,
3.639371633529663,-1.2067484855651855,-1.6398353576660156,3795.0,20.0,
3.917495012283325,-1.2903014421463013,-1.8568974733352661,3795.0,20.0,
4.004228591918945,-1.3159558773040771,-1.9358004331588745,3795.0,20.0,
4.099734306335449,-1.3445287942886353,-2.0106852054595947,3795.0,20.0,
4.188342571258545,-1.3706897497177124,-2.091567039489746,3795.0,20.0,
4.2859673500061035,-1.3994532823562622,-2.1680686473846436,3795.0,20.0,
4.389456272125244,-1.4304194450378418,-2.2418739795684814,3795.0,20.0,
4.484037399291992,-1.4582723379135132,-2.3233282566070557,3795.0,20.0,
4.775021553039551,-1.544130563735962,-2.572087287902832,3795.0,20.0,
0.0,0.0,0.0,3795.0,20.0,
1.1869457239299663e-06,1.1458841981948353e-05,0.7049947381019592,3795.0,20.0,
3.30291768477764e-05,1.8895372704719193e-05,0.7022256851196289,3795.0,20.0,
