time,stateEstimate.x,stateEstimate.y,stateEstimate.z,
7277,-0.019622663035988808,-0.008538424968719482,0.00273022404871881,
7287,-0.018172794952988625,-0.008745476603507996,0.002699801931157708,
7297,-0.018782025203108788,-0.008948718197643757,0.0031951996497809887,
7307,-0.018655968829989433,-0.00900629349052906,0.003198665101081133,
7317,-0.015218205749988556,-0.008143072947859764,0.003182309679687023,
7327,-0.01523686945438385,-0.007276526652276516,0.003198054851964116,
7337,-0.015258950181305408,-0.007927896454930305,0.0027611618861556053,
7347,-0.02083967812359333,-0.007075461558997631,0.002908499911427498,
7357,-0.020191021263599396,-0.007290794048458338,0.0029140401165932417,
7367,-0.01997152715921402,-0.0075008743442595005,0.0029078284278512,
7377,-0.02060324139893055,-0.007925551384687424,0.0028907416854053736,
7387,-0.021881451830267906,-0.006663362495601177,0.0025166182313114405,
7397,-0.02000088058412075,-0.006874515675008297,0.0025389855727553368,
7407,-0.013512532226741314,-0.008122947998344898,0.0025653475895524025,
7417,0.0,0.0,0.0,
7427,2.7641566703096032e-05,-1.033132866723463e-05,0.0029996014200150967,
7437,0.00012268463615328074,-4.5375832996796817e-05,0.002998897572979331,
7447,0.00026065591373480856,-0.0002061540581053123,0.002974744886159897,
7457,0.0003800353151746094,-0.0002983907761517912,0.002973626833409071,
7467,0.0005215647979639471,-0.00036858205567114055,0.001971609191969037,
7477,0.0004975515767000616,0.00010036246385425329,0.0020035170018672943,
7487,0.00042551360093057156,-0.0002898175152949989,0.0020180963911116123,
7497,0.0007071463041938841,-0.0003175421734340489,0.0020071978215128183,
7507,0.0010405797511339188,0.0002000219392357394,0.0027338562067598104,
7517,0.0003235350304748863,-0.00026824409724213183,0.002788662211969495,
7527,0.0012035687686875463,-0.0006059572915546596,0.002803051145747304,
7537,0.0012640146305784583,0.0003147838287986815,0.002833245089277625,
7547,0.0013193369377404451,-0.00042585289338603616,0.0028671722393482924,
7557,-5.1806891860906035e-06,-0.0008448224980384111,0.002945567714050412,
7567,0.0012741385726258159,-0.0008698898018337786,0.002986375242471695,
7577,0.001148525858297944,-0.00028008531080558896,0.00301528163254261,
7587,-0.00011038946831831709,-0.00012097365834051743,0.0030437675304710865,
7597,-0.00011958956019952893,-0.0009537988225929439,0.0030444064177572727,
7607,-0.00019564290414564312,-0.0010251195635646582,0.0030587068758904934,
7617,0.0017591930227354169,-0.0010284639429301023,0.0031142833177000284,
7627,-2.9218792406027205e-05,-3.5434164601610973e-05,0.0031796679832041264,
7637,0.0018103435868397355,-0.001056909211911261,0.003881273325532675,
7647,0.001933854422532022,-0.0011175654362887144,0.003943868447095156,
7657,0.0005165860638953745,-0.0008757379837334156,0.004034064710140228,
7667,0.0014542636927217245,-0.0008713623392395675,0.0041086142882704735,
7677,0.0005083032883703709,7.827817898942158e-05,0.004187808837741613,
7687,-0.0018367210868746042,-0.002049241214990616,0.0037909969687461853,
7697,-0.0006069843657314777,-0.000367473199730739,0.003919693175703287,
7707,0.0008347938419319689,-0.0006109920213930309,0.003998321481049061,
7717,0.00036103863385505974,-0.0010860004695132375,0.004048262257128954,
7727,0.0015603164210915565,-0.0006018993444740772,0.0036600723396986723,
7737,0.0015457994304597378,-0.0015551125397905707,0.003684852970764041,
7747,-0.0003788346366491169,-0.000819257227703929,0.003733273595571518,
7757,0.0015418308321386576,-0.0010543495882302523,0.003790921298786998,
7767,0.0003407647309359163,-0.000569948460906744,0.0035060413647443056,
7777,0.002249046927317977,-0.0005745298112742603,0.003524801228195429,
7787,0.0017524814466014504,-0.000578138220589608,0.003544143633916974,
7797,0.0017454084008932114,-0.00010503936209715903,0.0035536526702344418,
7807,0.001739785773679614,0.0003610312123782933,0.002586804097518325,
7817,-0.00041058080387301743,-0.0015581921907141805,0.0025785325560718775,
7827,-0.004441653378307819,0.0013097547926008701,0.0024943011812865734,
7837,-0.0031897234730422497,0.001285092905163765,0.002556978724896908,
7847,-0.004328418988734484,7.560008089058101e-05,0.0025084838271141052,
7857,-0.0056892395950853825,-0.0006443014135584235,0.002643412910401821,
7867,-0.005626713391393423,-0.00016858770686667413,0.0026339043397456408,
7877,-0.0008372199954465032,-0.0001718829880701378,0.0028707615565508604,
7887,-0.001786426524631679,-0.0006506072240881622,0.0028543327935039997,
7897,-0.0008086338639259338,-0.000653555616736412,0.002518467837944627,
7907,0.00204525887966156,-0.0013643668498843908,0.0024727655109018087,
7917,0.0029714638367295265,-0.0013571110321208835,0.0024096101988106966,
7927,0.005771510303020477,-0.0013479600893333554,0.0022577992640435696,
7937,0.005942308809608221,-0.0008717513992451131,0.0028978423215448856,
7947,0.007773067802190781,-0.000402630161261186,0.0028148244600743055,
7957,0.005131575278937817,-0.0008750305860303342,0.003016538918018341,
7967,0.004859534092247486,-0.0013438515597954392,0.0030391120817512274,
7977,0.004823900759220123,-0.0008682806510478258,0.003055825363844633,
7987,0.00572170689702034,-0.000403166632167995,0.002212263410910964,
7997,0.005685472395271063,-0.0008728754473850131,0.002178148366510868,
8007,0.004730796907097101,-0.0011056282091885805,0.0021708894055336714,
8017,0.005172661505639553,-0.0001814295828808099,0.002126810373738408,
8027,0.005386528093367815,-0.00013975139881949872,0.002051477786153555,
8037,0.007804094813764095,-0.0013791030505672097,0.001973744947463274,
8047,0.00551748787984252,-0.00013839808525517583,0.0020373151637613773,
8057,0.004752779379487038,-0.0011186575284227729,0.0020208514761179686,
8067,0.005215533077716827,-0.0011108267353847623,0.001986707793548703,
8077,0.0063941581174731255,-0.00038985261926427484,0.0019389449153095484,
8087,0.005627290811389685,-0.0011170257348567247,0.0019211830804124475,
8097,0.005596011411398649,-0.0003960053145419806,0.0018872084328904748,
8107,0.005329142790287733,-0.0008832330931909382,0.001857215422205627,
8117,0.004132446367293596,-0.0006476012640632689,0.0014892184408381581,
8127,0.0057930112816393375,-0.00017592989024706185,0.0014407045673578978,
8137,0.005535246804356575,-0.0008852988248690963,0.001398306107148528,
8147,0.0043432149104774,-0.0013544149696826935,0.0013599133817479014,
8157,0.0055053988471627235,-0.0013481236528605223,0.001587402424775064,
8167,0.004316577222198248,-0.0008772017899900675,0.0015643342630937696,
8177,0.004308475647121668,4.718824857263826e-05,0.0015305336564779282,
8187,0.004303335212171078,-0.0006569598335772753,0.001503335079178214,
8197,0.006376225035637617,-0.0006612677243538201,0.0020592291839420795,
8207,0.008193478919565678,0.000258024811046198,0.002034701406955719,
8217,0.008624542504549026,-0.0006668747519142926,0.0020353971049189568,
8227,0.008890095166862011,-0.0006530109094455838,0.0020311418920755386,
8237,0.009324234910309315,6.957477307878435e-05,0.002020054031163454,
8247,0.013858371414244175,0.001738802413456142,0.0030657940078526735,
8257,0.014372705481946468,0.0018826313316822052,0.0031109501142054796,
8267,0.01351071521639824,0.0008469761814922094,0.0032720095477998257,
8277,0.013163170777261257,0.0008275028085336089,0.00337371788918972,
8287,0.01455929595977068,0.0030524490866810083,0.0028174538165330887,
8297,0.013726348988711834,0.0027675165329128504,0.0029117404483258724,
8307,0.013888095505535603,0.002983823651447892,0.0029484773986041546,
8317,0.014060236513614655,0.002950619673356414,0.0029921927489340305,
8327,0.012798402458429337,0.0021986437495797873,0.0034527177922427654,
8337,0.011305262334644794,0.0009726696880534291,0.0035570613108575344,
8347,0.014630480669438839,0.0019224568968638778,0.0035855507012456656,
8357,0.012670835480093956,0.001910760416649282,0.0037312451750040054,
8367,0.01361335813999176,0.0016716227401047945,0.004603690002113581,
8377,0.01263196300715208,0.0009592057904228568,0.004739913158118725,
8387,0.013300061225891113,0.0014220094308257103,0.00484493188560009,
8397,0.013499929569661617,0.0018805043073371053,0.004953685682266951,
8407,0.012774922885000706,0.0011737588793039322,0.005087066907435656,
8417,0.013183755800127983,0.003004093188792467,0.004387010354548693,
8427,0.012701105326414108,0.0029850348364561796,0.004462023265659809,
8437,0.012911098077893257,0.0022846409119665623,0.004539915826171637,
8447,0.012666730210185051,0.0015960303135216236,0.004619578830897808,
8457,0.014217481017112732,0.0015820191474631429,0.004024293273687363,
8467,0.012618344277143478,0.0015773237682878971,0.004089405294507742,
8477,0.01373367290943861,0.002473607659339905,0.004120505880564451,
8487,0.014388705603778362,0.0026883610989898443,0.00414989935234189,
8497,0.013466957025229931,0.0006693772738799453,0.0037724755238741636,
8507,0.013682210817933083,0.0017855201149359345,0.0037949802353978157,
8517,0.013007299043238163,0.0006748668965883553,0.003823575098067522,
8527,0.014105916023254395,0.002223332179710269,0.0038478223141282797,
8537,0.013444250449538231,0.0006789409089833498,0.0038919681683182716,
8547,0.012983081862330437,0.0008924815338104963,0.0031773243099451065,
8557,0.01341523602604866,0.0017677184659987688,0.003160676686093211,
8567,0.012973318807780743,0.0026427037082612514,0.003140858607366681,
8577,0.01318677980452776,0.0011173912789672613,0.0031412870157510042,
8587,0.012517105787992477,0.00132952316198498,0.0022931317798793316,
8597,0.006662784609943628,0.0008944948785938323,0.0022108994890004396,
8607,0.005597873590886593,0.0011079369578510523,0.002105307998135686,
8617,0.005396533757448196,0.0011139558628201485,0.002049310365691781,
8627,0.006697105709463358,0.0009014039533212781,0.002062326529994607,
8637,0.005417711101472378,0.000901060935575515,0.0019687239546328783,
8647,0.005432795267552137,0.0006886545452289283,0.0019220351241528988,
8657,0.0073690274730324745,0.0009068087092600763,0.0019694813527166843,
8667,0.0075908927246928215,0.0017594965174794197,0.0019553445745259523,
8677,0.006316153798252344,0.0006932507967576385,0.0018900457071140409,
8687,0.005444214213639498,0.00026207236805930734,0.0018135831924155354,
8697,0.005449606571346521,0.0006903571193106472,0.0017755096778273582,
8707,0.005461732856929302,0.0009050313383340836,0.0017343350918963552,
8717,0.0050472174771130085,-0.00015177892055362463,0.0018039654241874814,
8727,0.005480448715388775,0.0004857870808336884,0.0017845783149823546,
8737,0.005482683423906565,6.852464866824448e-05,0.0017439674120396376,
8747,0.0054810927249491215,0.0011229095980525017,0.0017155921086668968,
8757,0.006305065006017685,0.001122599933296442,0.0022053078282624483,
8767,0.006170392502099276,0.0011297414312139153,0.0021951901726424694,
8777,0.009939538314938545,0.005995472427457571,0.0022155186161398888,
8787,0.010595401749014854,0.005979097913950682,0.0022099146153777838,
8797,0.010798424482345581,0.00464687729254365,0.0025600632652640343,
8807,0.010133195668458939,0.005729226395487785,0.0025706375017762184,
8817,0.013621874153614044,0.007025279104709625,0.0024875886738300323,
8827,0.014475630596280098,0.008089535869657993,0.0024282094091176987,
8837,0.013387464918196201,0.006998567376285791,0.0026089900638908148,
8847,0.012498000636696815,0.006982652936130762,0.0028249823953956366,
8857,0.013138462789356709,0.0069756233133375645,0.00284811039455235,
8867,0.012702451087534428,0.007180049084126949,0.0028952958527952433,
8877,0.012477194890379906,0.006961865816265345,0.002948944689705968,
8887,0.012478242628276348,0.007155501749366522,0.002586050657555461,
8897,0.010552817024290562,0.00821218267083168,0.0026038051582872868,
8907,0.011196115985512733,0.007142537739127874,0.0026582980062812567,
8917,0.012042437680065632,0.007983201183378696,0.002654083538800478,
8927,0.013520943000912666,0.008181797340512276,0.002399595221504569,
8937,0.009933952242136002,0.008387704379856586,0.0024776931386440992,
8947,0.015184973366558552,0.00985500868409872,0.00251348246820271,
8957,0.015598255209624767,0.00943346694111824,0.0025446442887187004,
8967,0.01539140660315752,0.008808290585875511,0.0026090992614626884,
8977,0.015644874423742294,0.009048910811543465,0.0027739719953387976,
8987,0.01590031199157238,0.009287671186029911,0.002791512059047818,
8997,0.01702355034649372,0.009255794808268547,0.002785604912787676,
9007,0.01836918666958809,0.007629965897649527,0.002800192916765809,
9017,0.018720978870987892,0.007730887271463871,0.0017039017984643579,
9027,0.01866631954908371,0.008433257229626179,0.001674203434959054,
9037,0.017671719193458557,0.006520761176943779,0.0017124656587839127,
9047,0.01834297925233841,0.007470291573554277,0.0016678659012541175,
9057,0.017375674098730087,0.007686013355851173,0.001424121204763651,
9067,0.017809724435210228,0.008603793568909168,0.0013695152010768652,
9077,0.017543768510222435,0.007656570058315992,0.0013473310973495245,
9087,0.017974914982914925,0.008336668834090233,0.0012951950775459409,
9097,0.019322248175740242,0.007638382259756327,0.0012311885366216302,
9107,0.02066757157444954,0.008318317122757435,0.001457594451494515,
9117,0.018831772729754448,0.0076330890879035,0.0015136983711272478,
9127,0.01723119243979454,0.007626387290656567,0.0015293351607397199,
9137,0.018332716077566147,0.007401915732771158,0.0015019915299490094,
9147,0.017467668280005455,0.007865089923143387,0.0028407033532857895,
9157,0.017232684418559074,0.008299194276332855,0.002887549577280879,
9167,0.01811368577182293,0.008293656632304192,0.0029313918203115463,
9177,0.017229164019227028,0.008066322654485703,0.0029935152269899845,
9187,0.01851268671452999,0.007620461750775576,0.002245861804112792,
9197,0.01503939088433981,0.007398394867777824,0.0022933706641197205,
9207,0.018289297819137573,0.007400658912956715,0.002358405152335763,
9217,0.019141320139169693,0.007401150185614824,0.0023572235368192196,
9227,0.019142210483551025,0.007186314091086388,0.002605848480015993,
9237,0.018923558294773102,0.0031246317084878683,0.0026206667535007,
9247,0.017862383276224136,0.0031278557144105434,0.0026618717238307,
9257,0.021037645637989044,0.0020761643536388874,0.002640778897330165,
9267,0.02398645505309105,0.005039067007601261,0.002718889620155096,
9277,0.022088194265961647,0.0060939849354326725,0.003355490742251277,
9287,0.023973306640982628,0.005253657232969999,0.003352783853188157,
9297,0.023334557190537453,0.005464328918606043,0.0034526630770415068,
9307,0.02479267120361328,0.005465526599436998,0.003451574593782425,
9317,0.024995697662234306,0.005256337579339743,0.0033087520860135555,
9327,0.021258486434817314,0.0044250995852053165,0.0035061538219451904,
9337,0.024370228871703148,0.0064974576234817505,0.0035608517937362194,
9347,0.025401553139090538,0.006088461726903915,0.0035779867321252823,
9357,0.025373922660946846,0.006512392312288284,0.0026404669042676687,
9367,0.02619955874979496,0.007132899481803179,0.002607664093375206,
9377,0.025586137548089027,0.006724316626787186,0.0026372242718935013,
9387,0.0245670173317194,0.004883588757365942,0.0026836972683668137,
9397,0.025792596861720085,0.005903133191168308,0.0026669511571526527,
9407,0.024387245997786522,0.006511985324323177,0.0032255141995847225,
9417,0.02133619785308838,0.004478191025555134,0.003299873322248459,
9427,0.022964421659708023,0.004678730852901936,0.0033567266073077917,
9437,0.02073655277490616,0.0046766637824475765,0.0033909580670297146,
9447,0.020343860611319542,0.004266730044037104,0.0040306453593075275,
9457,0.021151617169380188,0.005076741334050894,0.004124962724745274,
9467,0.02317841723561287,0.005478797946125269,0.004219363443553448,
9477,0.022376202046871185,0.0054786731489002705,0.004294324666261673,
9487,0.02418968640267849,0.0054854704067111015,0.003462777240201831,
9497,0.02435247227549553,0.0054502934217453,0.0034789990168064833,
9507,0.026691555976867676,0.005454540252685547,0.0034583972301334143,
9517,0.031140265986323357,0.006305840332061052,0.00329884747043252,
9527,0.02902207151055336,0.005454747471958399,0.003558940486982465,
9537,0.026914140209555626,0.006930660456418991,0.003465944202616811,
9547,0.023540785536170006,0.006930205971002579,0.0035573013592511415,
9557,0.02417866699397564,0.006712521892040968,0.0035897111520171165,
9567,0.02250630035996437,0.006091632414609194,0.0036050674971193075,
9577,0.024152066558599472,0.006941129453480244,0.002222437411546707,
9587,0.024193141609430313,0.006983481347560883,0.0021612404379993677,
9597,0.023313770070672035,0.006107907742261887,0.0021014318335801363,
9607,0.025069937109947205,0.006778004579246044,0.002058801706880331,
9617,0.024425974115729332,0.006769488099962473,0.0015869077760726213,
9627,0.027453498914837837,0.011308908462524414,0.0014697707956656814,
9637,0.027651816606521606,0.011586745269596577,0.0013607791624963284,
9647,0.027403056621551514,0.01270292978733778,0.0012292901519685984,
9657,0.02874489687383175,0.012673882767558098,0.0014658909058198333,
9667,0.02424921840429306,0.012613599188625813,0.0015278588980436325,
9677,0.025357434526085854,0.013735441491007805,0.0014508621534332633,
9687,0.031033407896757126,0.011650185100734234,0.0015261556254699826,
9697,0.03210695832967758,0.012243892066180706,0.0014121467247605324,
9707,0.030603744089603424,0.012822863645851612,0.0020551758352667093,
9717,0.03061201609671116,0.012957647442817688,0.002021433785557747,
9727,0.02998732402920723,0.012690630741417408,0.0020117545500397682,
9737,0.030053548514842987,0.012372219003736973,0.0019676191732287407,
9747,0.03168684244155884,0.012677278369665146,0.002320830011740327,
9757,0.02979605831205845,0.012683608569204807,0.0023700844030827284,
9767,0.029962530359625816,0.012880217283964157,0.0023458211217075586,
9777,0.031909771263599396,0.013029804453253746,0.002288086572661996,
9787,0.0321630984544754,0.01321657095104456,0.0017719301395118237,
9797,0.03066498413681984,0.017926761880517006,0.0016686421586200595,
9807,0.03162847086787224,0.014651897363364697,0.0017862918321043253,
9817,0.02316437102854252,0.016994541510939598,0.0018869820050895214,
9827,0.0221681147813797,0.016863958910107613,0.0018497329438105226,
9837,0.027003835886716843,0.018352625891566277,0.0012702561216428876,
9847,0.024564828723669052,0.017062706872820854,0.0012481410522013903,
9857,0.023368535563349724,0.021386750042438507,0.0010492366272956133,
9867,0.024200307205319405,0.021575240418314934,0.0010734886163845658,
9877,0.022737715393304825,0.022006161510944366,0.000596925150603056,
9887,0.024433892220258713,0.022569485008716583,0.0005701151676476002,
9897,0.024276433512568474,0.023103302344679832,0.0004635500954464078,
9907,0.023859303444623947,0.0232507586479187,0.00039365675183944404,
9917,0.024945970624685287,0.0233224555850029,0.0006222419324330986,
9927,0.016047032549977303,0.02414635941386223,0.0004585779388435185,
9937,0.016968442127108574,0.025658976286649704,0.00045069793122820556,
9947,0.02062131091952324,0.02772419899702072,0.000590869749430567,
9957,0.02209043875336647,0.02859041467308998,0.0005482127889990807,
9967,0.019278312101960182,0.03480582684278488,-0.00020344620861578733,
9977,0.024195024743676186,0.03423765301704407,-1.1034426279366016e-05,
9987,0.022897595539689064,0.03505526855587959,-9.435512765776366e-05,
9997,0.022382356226444244,0.03483888879418373,1.8891363652073778e-05,
10007,0.02066873013973236,0.03578446805477142,0.0004012958670500666,
10017,0.021356863901019096,0.03521275892853737,0.0006366025772877038,
10027,0.021227316930890083,0.034493472427129745,0.0008864953415468335,
10037,0.020980266854166985,0.035227254033088684,0.0010457630269229412,
10047,0.02325652725994587,0.03320342302322388,0.0013414504937827587,
10057,0.020145682618021965,0.029559770599007607,0.0016826195642352104,
10067,0.02620181441307068,0.03136269003152847,0.002293639350682497,
10077,0.026601804420351982,0.03000456653535366,0.002705307211726904,
10087,0.02730138786137104,0.030951663851737976,0.001986922463402152,
10097,0.02781466767191887,0.029709603637456894,0.0023702862672507763,
10107,0.026244452223181725,0.030183957889676094,0.0028537579346448183,
10117,0.026242297142744064,0.030328208580613136,0.0033191097900271416,
10127,0.03010277822613716,0.02931441366672516,0.0036885025911033154,
10137,0.029492413625121117,0.028383266180753708,0.0028045657090842724,
10147,0.028531931340694427,0.0280836783349514,0.0033172538969665766,
10157,0.02871204912662506,0.02803781069815159,0.0037894088309258223,
10167,0.028544483706355095,0.02800613082945347,0.004314001649618149,
10177,0.02991720288991928,0.027033179998397827,0.0029243396129459143,
10187,0.028898268938064575,0.025001246482133865,0.0034506937954574823,
10197,0.028916683048009872,0.024439025670289993,0.004029205068945885,
10207,0.029106618836522102,0.025667140260338783,0.004752235487103462,
10217,0.030345872044563293,0.02391917258501053,0.0033271703869104385,
10227,0.028384096920490265,0.02573452703654766,0.004102206323295832,
10237,0.02856251783668995,0.025492986664175987,0.004763026721775532,
10247,0.029066674411296844,0.02519427426159382,0.005438704043626785,
10257,0.028680065646767616,0.02576971985399723,0.006150797940790653,
10267,0.0283444132655859,0.027835698798298836,0.0044838059693574905,
10277,0.029286794364452362,0.027079731225967407,0.005117044784128666,
10287,0.029438627883791924,0.026521185413002968,0.005783856380730867,
10297,0.03542708232998848,0.02241692878305912,0.006609871983528137,
10307,0.03604302182793617,0.022807013243436813,0.004414865747094154,
10317,0.03508589044213295,0.02353232353925705,0.005037364549934864,
10327,0.03637797385454178,0.023069465532898903,0.00562538206577301,
10337,0.03738496080040932,0.024067718535661697,0.006266940385103226,
10347,0.03772281855344772,0.023944953456521034,0.005804486572742462,
10357,0.038067083805799484,0.027607426047325134,0.0064339470118284225,
10367,0.03761359304189682,0.027711885049939156,0.007106069475412369,
10377,0.037790946662425995,0.028133772313594818,0.007772450335323811,
10387,0.03856666386127472,0.028128348290920258,0.008461320772767067,
10397,0.0400221087038517,0.03009786084294319,0.009362204931676388,
10407,0.03876730799674988,0.030428042635321617,0.010219389572739601,
10417,0.03854561224579811,0.03046572580933571,0.011077240109443665,
10427,0.037998054176568985,0.03028169274330139,0.01198154129087925,
10437,0.03832756355404854,0.03035808354616165,0.01528504304587841,
10447,0.04110075533390045,0.0327453538775444,0.01627369038760662,
10457,0.04264119267463684,0.03321966901421547,0.0173058919608593,
10467,0.042176298797130585,0.03317290171980858,0.018479488790035248,
10477,0.042571235448122025,0.033406708389520645,0.021794764325022697,
10487,0.043006740510463715,0.03352559730410576,0.02312140353024006,
10497,0.04475383087992668,0.034312281757593155,0.024432452395558357,
10507,0.04393991082906723,0.03446536138653755,0.025844436138868332,
10517,0.04451346769928932,0.03451032191514969,0.027249490842223167,
10527,0.044006120413541794,0.0345606654882431,0.032246410846710205,
10537,0.04554089158773422,0.0344092957675457,0.03385239839553833,
10547,0.045686766505241394,0.03493327647447586,0.03547033667564392,
10557,0.045622892677783966,0.03532689809799194,0.03712194040417671,
10567,0.04565473273396492,0.03519343212246895,0.043105244636535645,
10577,0.04364604130387306,0.03723013401031494,0.04497401788830757,
10587,0.043669041246175766,0.03711950033903122,0.04687253013253212,
10597,0.04352687671780586,0.03663283959031105,0.048755206167697906,
10607,0.043691687285900116,0.03667411953210831,0.06102883070707321,
10617,0.042675264179706573,0.03452847898006439,0.0634097009897232,
10627,0.04759843274950981,0.03235509619116783,0.06584682315587997,
10637,0.04720958322286606,0.03226307034492493,0.06817248463630676,
10647,0.048091575503349304,0.03180108591914177,0.06796253472566605,
10657,0.047071393579244614,0.031125273555517197,0.0700249969959259,
10667,0.04755163565278053,0.03141196444630623,0.07205294072628021,
10677,0.0492844320833683,0.03149201720952988,0.07401344925165176,
10687,0.04911492392420769,0.029863042756915092,0.07587738335132599,
10697,0.04899480566382408,0.02929026074707508,0.07853706181049347,
10707,0.048405539244413376,0.029082046821713448,0.08036290854215622,
10717,0.04846945032477379,0.02875998057425022,0.08211355656385422,
10727,0.04835350066423416,0.02699621580541134,0.08374810218811035,
10737,0.04809609055519104,0.02633323147892952,0.08508435636758804,
10747,0.047406528145074844,0.02589191123843193,0.086641326546669,
10757,0.04772280156612396,0.02592385746538639,0.08815817534923553,
10767,0.0484909862279892,0.02574443817138672,0.08960037678480148,
10777,0.049019601196050644,0.02568127028644085,0.08943197876214981,
10787,0.04787188023328781,0.024567263200879097,0.09065234661102295,
10797,0.049745865166187286,0.024367142468690872,0.09187856316566467,
10807,0.04926900193095207,0.023553868755698204,0.09303557872772217,
10817,0.049007847905159,0.02321033924818039,0.09418186545372009,
10827,0.048754479736089706,0.022675348445773125,0.09403970837593079,
10837,0.048733435571193695,0.022232018411159515,0.09510797262191772,
10847,0.04868173599243164,0.02126993052661419,0.096183642745018,
10857,0.048619817942380905,0.021148519590497017,0.09731194376945496,
10867,0.04860445857048035,0.02079569548368454,0.09635375440120697,
10877,0.04875141382217407,0.019955605268478394,0.09735352545976639,
10887,0.04874582588672638,0.020522689446806908,0.09840451180934906,
10897,0.048694923520088196,0.020125197246670723,0.09943819791078568,
10907,0.04975686967372894,0.020479071885347366,0.09915852546691895,
10917,0.049792755395174026,0.018107768148183823,0.1001790463924408,
10927,0.050134606659412384,0.01778588816523552,0.10126521438360214,
10937,0.050269965082407,0.017499301582574844,0.10235544294118881,
10947,0.05044255778193474,0.01756124384701252,0.1017819419503212,
10957,0.04553750529885292,0.0167616605758667,0.10285430401563644,
10967,0.04494223743677139,0.016774408519268036,0.10396511107683182,
10977,0.04357856139540672,0.016097646206617355,0.10508789867162704,
10987,0.04360733553767204,0.015818197280168533,0.10633306950330734,
10997,0.04367401450872421,0.015848521143198013,0.10517226904630661,
11007,0.040939245373010635,0.014883863739669323,0.1063544750213623,
11017,0.04074736684560776,0.01492291409522295,0.10770101100206375,
11027,0.039894212037324905,0.0146956080570817,0.1090906411409378,
11037,0.04042718932032585,0.013968047685921192,0.10959843546152115,
11047,0.03966453671455383,0.014323740266263485,0.11113494634628296,
11057,0.040668126195669174,0.013744370080530643,0.11279274523258209,
11067,0.04204350709915161,0.013386109843850136,0.11453379690647125,
11077,0.04219931736588478,0.013768595643341541,0.11544490605592728,
11087,0.04234928637742996,0.015871969982981682,0.11747542023658752,
11097,0.0424075722694397,0.01518783438950777,0.11939715594053268,
11107,0.042238544672727585,0.01539562363177538,0.12138346582651138,
11117,0.04207129776477814,0.015357865020632744,0.12343074381351471,
11127,0.042217373847961426,0.015318479388952255,0.1281479001045227,
11137,0.04220817983150482,0.01573910564184189,0.13045746088027954,
11147,0.04174306243658066,0.015737004578113556,0.13282017409801483,
11157,0.04153064638376236,0.01573566533625126,0.13523052632808685,
11167,0.04141722247004509,0.01577313244342804,0.13719488680362701,
11177,0.04145177826285362,0.015999412164092064,0.13966402411460876,
11187,0.04058502987027168,0.016234174370765686,0.1421699970960617,
11197,0.04056626185774803,0.015303230844438076,0.14472931623458862,
11207,0.042422402650117874,0.01631939597427845,0.14720192551612854,
11217,0.04239986464381218,0.014682567678391933,0.14986132085323334,
11227,0.040762417018413544,0.018782705068588257,0.15255729854106903,
11237,0.041424788534641266,0.018737688660621643,0.1552973985671997,
11247,0.04096027463674545,0.019666269421577454,0.15807227790355682,
11257,0.04090466722846031,0.019926361739635468,0.16292394697666168,
11267,0.0405767560005188,0.019929207861423492,0.16592341661453247,
11277,0.040502604097127914,0.02011936530470848,0.16896912455558777,
11287,0.040626462548971176,0.020072555169463158,0.17205405235290527,
11297,0.040795907378196716,0.020092111080884933,0.17954671382904053,
11307,0.04100643843412399,0.015256136655807495,0.1829535961151123,
11317,0.041021037846803665,0.015258410014212132,0.18637846410274506,
11327,0.04079404100775719,0.01514833327382803,0.18984374403953552,
11337,0.04076795279979706,0.014064834453165531,0.1919870525598526,
11347,0.04078160226345062,0.013999133370816708,0.19537712633609772,
11357,0.040617842227220535,0.013478084467351437,0.19875848293304443,
11367,0.04222575202584267,0.017547663301229477,0.20216886699199677,
11377,0.042558155953884125,0.01461724378168583,0.205509752035141,
11387,0.040662575513124466,0.01526847667992115,0.20540055632591248,
11397,0.04276997596025467,0.011890757828950882,0.20851263403892517,
11407,0.0440036803483963,0.011891077272593975,0.21163147687911987,
11417,0.04271586611866951,0.010888825170695782,0.214751198887825,
11427,0.04218481108546257,0.011205420829355717,0.21676187217235565,
11437,0.04294535890221596,0.010944526642560959,0.21976695954799652,
11447,0.042541272938251495,0.010706464760005474,0.22275996208190918,
11457,0.04297895357012749,0.01066967099905014,0.2257370948791504,
11467,0.04340820014476776,0.010624077171087265,0.22763493657112122,
11477,0.04213029518723488,0.010662504471838474,0.23052005469799042,
11487,0.04358815401792526,0.012367164716124535,0.23338888585567474,
11497,0.04353974387049675,0.01091382373124361,0.23623785376548767,
11507,0.043914247304201126,0.011478426866233349,0.23979732394218445,
11517,0.04099327325820923,0.013669806532561779,0.24265138804912567,
11527,0.04308224469423294,0.011726507917046547,0.24550259113311768,
11537,0.0425664484500885,0.01138666458427906,0.24835869669914246,
11547,0.042803071439266205,0.008820860646665096,0.25120431184768677,
11557,0.040277738124132156,0.011100703850388527,0.2539724111557007,
11567,0.044196926057338715,0.010364918038249016,0.25678884983062744,
11577,0.044379930943250656,0.010246229358017445,0.2596071660518646,
11587,0.048448070883750916,0.013459442183375359,0.26239022612571716,
11597,0.05338883772492409,0.016405683010816574,0.265949547290802,
11607,0.05606788396835327,0.017024841159582138,0.2687431275844574,
11617,0.05686236172914505,0.016929104924201965,0.2715849280357361,
11627,0.058174893260002136,0.017725735902786255,0.27441659569740295,
11637,0.061473626643419266,0.017388969659805298,0.278300940990448,
11647,0.059905100613832474,0.017148826271295547,0.28134533762931824,
11657,0.06032830849289894,0.016465947031974792,0.2843216359615326,
11667,0.061672866344451904,0.016133971512317657,0.28725966811180115,
11677,0.06336865574121475,0.01588873565196991,0.29019102454185486,
11687,0.06566818058490753,0.015902729704976082,0.2963092029094696,
11697,0.06700027734041214,0.017414968460798264,0.29941442608833313,
11707,0.0696290135383606,0.017460189759731293,0.3024396598339081,
11717,0.0722411647439003,0.017732394859194756,0.3054424226284027,
11727,0.07333575189113617,0.016951212659478188,0.30837810039520264,
11737,0.07560455799102783,0.015363401733338833,0.3113442063331604,
11747,0.0790998712182045,0.015299676917493343,0.31422773003578186,
11757,0.08284083008766174,0.01522942166775465,0.317080557346344,
11767,0.08672861754894257,0.01516494620591402,0.3179777264595032,
11777,0.09030289947986603,0.016241146251559258,0.32069140672683716,
11787,0.0942770317196846,0.01794067770242691,0.3233449459075928,
11797,0.09899435937404633,0.0179380401968956,0.3259057104587555,
11807,0.10183562338352203,0.017643067985773087,0.3273010849952698,
11817,0.10606929659843445,0.016764026135206223,0.3296622931957245,
11827,0.10766112804412842,0.01932360604405403,0.3320828378200531,
11837,0.11060728132724762,0.018748227506875992,0.3343833088874817,
11847,0.11277458071708679,0.018905440345406532,0.3366897702217102,
11857,0.1131277084350586,0.018934568390250206,0.3384536802768707,
11867,0.11236773431301117,0.01869918406009674,0.3407168984413147,
11877,0.1146330013871193,0.017604395747184753,0.34305456280708313,
11887,0.11643483489751816,0.018118150532245636,0.3451809585094452,
11897,0.11887769401073456,0.018729912117123604,0.346529483795166,
11907,0.11920508742332458,0.019378094002604485,0.3485505282878876,
11917,0.12349053472280502,0.01877087540924549,0.35039544105529785,
11927,0.12426406145095825,0.014943404123187065,0.3523431122303009,
11937,0.1258077323436737,0.013445957563817501,0.3521629571914673,
11947,0.13326647877693176,0.013072834350168705,0.3536432683467865,
11957,0.13844254612922668,0.012056270614266396,0.3551674485206604,
11967,0.14554007351398468,0.01173562090843916,0.35662582516670227,
11977,0.144099161028862,0.011342711746692657,0.3584423363208771,
11987,0.14215007424354553,0.010933378711342812,0.3593218922615051,
11997,0.14774781465530396,0.010009214282035828,0.36073631048202515,
12007,0.14928503334522247,0.011711858212947845,0.36227816343307495,
12017,0.14986135065555573,0.011328605934977531,0.3638473153114319,
12027,0.1460966020822525,0.009540359489619732,0.3639025092124939,
12037,0.15078069269657135,0.008738715201616287,0.3652012050151825,
12047,0.15114042162895203,0.008136970922350883,0.3666324019432068,
12057,0.15421104431152344,0.00864130724221468,0.36798250675201416,
12067,0.15676088631153107,0.0084327831864357,0.366242378950119,
12077,0.1636478453874588,0.007357123773545027,0.36726462841033936,
12087,0.16739577054977417,0.006837225519120693,0.36836057901382446,
12097,0.1787719577550888,0.0053122988902032375,0.36926475167274475,
12107,0.18623065948486328,0.005741288419812918,0.3702784776687622,
12117,0.18957571685314178,0.00557004613801837,0.36968326568603516,
12127,0.198867067694664,0.005279529839754105,0.3705887794494629,
12137,0.20407778024673462,0.005785342771559954,0.37161245942115784,
12147,0.21120759844779968,0.005618676543235779,0.37258806824684143,
12157,0.21472148597240448,0.00562862865626812,0.37205472588539124,
12167,0.22151365876197815,0.00638041365891695,0.372930109500885,
12177,0.2316601723432541,0.005136481486260891,0.3737312853336334,
12187,0.23516498506069183,0.005437783431261778,0.3747292160987854,
12197,0.24091577529907227,0.006395301315933466,0.374424546957016,
12207,0.25223004817962646,0.007089834660291672,0.37520232796669006,
12217,0.2555653750896454,0.0072116004303097725,0.37617558240890503,
12227,0.2619740664958954,0.00786991324275732,0.3770981431007385,
12237,0.26553094387054443,0.007851075381040573,0.378115713596344,
12247,0.2827903628349304,0.00743560865521431,0.3762088418006897,
12257,0.28663912415504456,0.007259334437549114,0.37711217999458313,
12267,0.2983105480670929,0.005359658505767584,0.37785813212394714,
12277,0.30639272928237915,0.004964879248291254,0.3787323236465454,
12287,0.3156469166278839,0.0016319022979587317,0.3784778416156769,
12297,0.31892356276512146,0.0012817217502743006,0.3794918358325958,
12307,0.3243323266506195,0.00023268850054591894,0.38051939010620117,
12317,0.33207160234451294,-0.0007578737568110228,0.3815484642982483,
12327,0.33525609970092773,-0.0008911230834200978,0.38406768441200256,
12337,0.3420504629611969,-0.0008508523460477591,0.3852493464946747,
12347,0.3538097143173218,-0.0009030678775161505,0.3863794803619385,
12357,0.3576275408267975,-0.0007289350032806396,0.38775473833084106,
12367,0.363885760307312,-0.0036328472197055817,0.3891142010688782,
12377,0.37580814957618713,-0.0035435697063803673,0.38930264115333557,
12387,0.37996363639831543,-0.0033797319047152996,0.3906855285167694,
12397,0.38417795300483704,-0.006201508454978466,0.39210066199302673,
12407,0.3876124322414398,-0.007661381270736456,0.3935842216014862,
12417,0.38205471634864807,-0.009928541257977486,0.3928489685058594,
12427,0.38312292098999023,-0.009836302138864994,0.394264817237854,
12437,0.38446539640426636,-0.0057919505052268505,0.3956924378871918,
12447,0.38521212339401245,-0.00512691680341959,0.39713022112846375,
12457,0.38512885570526123,0.005800761282444,0.3972139060497284,
12467,0.3890804350376129,0.005711302626878023,0.3984631896018982,
12477,0.3924295902252197,0.008648081682622433,0.39972811937332153,
12487,0.40475785732269287,0.006684467662125826,0.4008452594280243,
12497,0.40746787190437317,0.006403227336704731,0.40117955207824707,
12507,0.4045838713645935,0.008637383580207825,0.40247079730033875,
12517,0.40223053097724915,0.006740858778357506,0.4037625789642334,
12527,0.4034425914287567,0.007259873673319817,0.4050109386444092,
12537,0.40446287393569946,0.0010828027734532952,0.4062938690185547,
12547,0.4027179181575775,0.008057194761931896,0.4068729281425476,
12557,0.4009837806224823,0.0002713495632633567,0.40810391306877136,
12567,0.4040578603744507,-6.406455941032618e-05,0.4092671573162079,
12577,0.3960598409175873,0.003945363685488701,0.41059014201164246,
12587,0.384408175945282,0.0207072626799345,0.41004854440689087,
12597,0.3947750926017761,0.02185780182480812,0.41104260087013245,
12607,0.3939606249332428,0.01916051283478737,0.412135511636734,
12617,0.39033499360084534,0.0224594809114933,0.4132373034954071,
12627,0.4014647901058197,0.017231572419404984,0.41376781463623047,
12637,0.4037003219127655,0.014606371521949768,0.4148003160953522,
12647,0.40747344493865967,0.013508421368896961,0.41584888100624084,
12657,0.4233168661594391,0.015561938285827637,0.4170658588409424,
12667,0.42314159870147705,0.015546616166830063,0.41810142993927,
12677,0.4281277656555176,0.015282182954251766,0.4230848252773285,
12687,0.4428744316101074,0.01473558321595192,0.424345999956131,
12697,0.45001763105392456,0.013932964764535427,0.425570011138916,
12707,0.4590502381324768,0.016409730538725853,0.4268609881401062,
12717,0.46725398302078247,0.014343252405524254,0.43073150515556335,
12727,0.4717460572719574,0.014072943478822708,0.4323086142539978,
12737,0.47523781657218933,0.010330689139664173,0.43399757146835327,
12747,0.467632532119751,-0.015186118893325329,0.4357757270336151,
12757,0.4707946479320526,-0.01583063416182995,0.44077256321907043,
12767,0.4791565537452698,-0.016043037176132202,0.44308024644851685,
12777,0.4820898473262787,-0.015727875754237175,0.4455539584159851,
12787,0.4839920103549957,-0.014842703007161617,0.44821488857269287,
12797,0.4910876154899597,-0.019282128661870956,0.4502005875110626,
12807,0.4917062520980835,-0.020748445764183998,0.45320987701416016,
12817,0.4974913001060486,-0.020279960706830025,0.4564589858055115,
12827,0.5027860999107361,-0.020837657153606415,0.459918349981308,
12837,0.5039795637130737,-0.022625107318162918,0.4635592997074127,
12847,0.5177960395812988,-0.02200247161090374,0.46624311804771423,
12857,0.5212138295173645,-0.022547636181116104,0.47024041414260864,
12867,0.526303768157959,-0.022486817091703415,0.4744245409965515,
12877,0.5335919260978699,-0.023665595799684525,0.4787934720516205,
12887,0.5344524383544922,-0.026178179308772087,0.48111286759376526,
12897,0.5415003895759583,-0.024771759286522865,0.4857022166252136,
12907,0.5462612509727478,-0.022287899628281593,0.4904530942440033,
12917,0.5504052639007568,-0.02058064192533493,0.4953618347644806,
12927,0.5392694473266602,-0.043922122567892075,0.4976499676704407,
12937,0.5439671874046326,-0.044995155185461044,0.5026724338531494,
12947,0.5446720719337463,-0.048809029161930084,0.5077952742576599,
12957,0.5470961928367615,-0.04653020575642586,0.5130458474159241,
12967,0.5496047139167786,-0.043026749044656754,0.5184152722358704,
12977,0.5514348745346069,-0.04131098464131355,0.5219146609306335,
12987,0.551548182964325,-0.04190380498766899,0.5273503065109253,
12997,0.5537415146827698,-0.046576403081417084,0.5328539609909058,
13007,0.5564759373664856,-0.036464206874370575,0.538439929485321,
13017,0.5454308986663818,-0.0491863451898098,0.5428590774536133,
13027,0.5289957523345947,-0.028665738180279732,0.5484241843223572,
13037,0.5309744477272034,-0.028129754588007927,0.5539907217025757,
13047,0.5302798748016357,-0.028364164754748344,0.5595780611038208,
13057,0.5304784178733826,-0.029646622017025948,0.5624769330024719,
13067,0.5335628390312195,-0.029119111597537994,0.567927360534668,
13077,0.5365013480186462,-0.02912088856101036,0.5733682513237,
13087,0.5384235382080078,-0.029333723708987236,0.5787808299064636,
13097,0.5418860912322998,-0.028691750019788742,0.584161639213562,
13107,0.5432270169258118,-0.032142799347639084,0.5874315500259399,
13117,0.5426441431045532,-0.032316215336322784,0.5926188230514526,
13127,0.5443309545516968,-0.031221628189086914,0.5977516174316406,
13137,0.5455621480941772,-0.04089647904038429,0.6028223037719727,
13147,0.546865701675415,-0.0318601131439209,0.6098355054855347,
13157,0.5240405797958374,-0.00393660506233573,0.6148597002029419,
13167,0.5231841802597046,-0.0036137427669018507,0.6197752952575684,
13177,0.5250488519668579,-0.0031588745769113302,0.6245994567871094,
13187,0.5270913243293762,-0.0028246152214705944,0.6310190558433533,
13197,0.5292435884475708,-0.0027672965079545975,0.6358035206794739,
13207,0.5285792350769043,-0.0024181732442229986,0.6404935717582703,
13217,0.5301387310028076,-0.002207626588642597,0.6450815200805664,
13227,0.5358694791793823,0.0018221925711259246,0.6503971815109253,
13237,0.5345085263252258,-0.0006051689852029085,0.6548394560813904,
13247,0.5360251665115356,-0.0011346389073878527,0.6591765880584717,
13257,0.535645067691803,-0.0007710778736509383,0.6634250283241272,
13267,0.5571487545967102,0.009124974720180035,0.6675487756729126,
13277,0.5599724650382996,0.008684372529387474,0.6730864644050598,
13287,0.5623196363449097,0.007605134509503841,0.6770883202552795,
13297,0.5673494338989258,0.011189443990588188,0.6809536218643188,
13307,0.5698007345199585,0.010887584649026394,0.6846904158592224,
13317,0.5727213621139526,0.01103855948895216,0.6893105506896973,
13327,0.5754096508026123,0.011653240770101547,0.6929022669792175,
13337,0.5746476650238037,0.012504041194915771,0.6963880658149719,
13347,0.573680579662323,0.012089135125279427,0.6997553110122681,
13357,0.5833041667938232,0.012598836794495583,0.7044109106063843,
13367,0.5838820934295654,0.014205854386091232,0.707621693611145,
13377,0.5868201851844788,0.015472845174372196,0.7107090950012207,
13387,0.5932684540748596,0.014126951806247234,0.7136843800544739,
13397,0.593575656414032,0.013693790882825851,0.7165742516517639,
13407,0.5969261527061462,0.012855781242251396,0.7206552624702454,
13417,0.6039491295814514,0.01187745202332735,0.7233511209487915,
13427,0.6077584028244019,0.012044171802699566,0.7259432077407837,
13437,0.609268307685852,0.009977328591048717,0.7284513115882874,
13447,0.6103470325469971,0.01017268467694521,0.7314017415046692,
13457,0.6198583245277405,0.009694598615169525,0.7339013814926147,
13467,0.6245702505111694,0.009579370729625225,0.7360512018203735,
13477,0.6246403455734253,0.009925205260515213,0.738113284111023,
13487,0.6256430745124817,0.010763167403638363,0.7395876049995422,
13497,0.6379484534263611,0.011535819619894028,0.7414010763168335,
13507,0.6385065913200378,0.012632006779313087,0.7431628108024597,
13517,0.6413711905479431,0.013605163432657719,0.744844913482666,
13527,0.6512719988822937,0.01431447546929121,0.7464594841003418,
13537,0.6518512964248657,0.014813774265348911,0.7479664087295532,
13547,0.6657830476760864,0.013445667922496796,0.7493577003479004,
13557,0.6663627624511719,0.012078800238668919,0.7507012486457825,
13567,0.6680936217308044,0.01216853316873312,0.7519795894622803,
13577,0.6839066743850708,0.011299572885036469,0.7526402473449707,
13587,0.6838091015815735,0.011852500028908253,0.7537678480148315,
13597,0.6837242245674133,0.011342491023242474,0.7548301219940186,
13607,0.6990094780921936,0.010926976799964905,0.7557744979858398,
13617,0.6991056203842163,0.010921095497906208,0.7577781677246094,
13627,0.6994057893753052,0.010849256068468094,0.7586585879325867,
13637,0.712420642375946,0.010862201452255249,0.7594379782676697,
13647,0.714390218257904,0.010849034413695335,0.7601591348648071,
13657,0.7180199027061462,0.011242990382015705,0.7620686292648315,
13667,0.727238118648529,0.011719864793121815,0.762736976146698,
13677,0.7295315861701965,0.01225216407328844,0.7633342146873474,
13687,0.7369487881660461,0.009756694547832012,0.7638483643531799,
13697,0.7401197552680969,0.010423779487609863,0.7643621563911438,
13707,0.7439784407615662,0.012211562134325504,0.7647814750671387,
13717,0.7506750822067261,0.01102455984801054,0.7651510238647461,
13727,0.7488759160041809,0.011173059232532978,0.7654969692230225,
13737,0.748377799987793,0.011190089397132397,0.7658005356788635,
13747,0.762283205986023,0.009976349771022797,0.7658905386924744,
13757,0.7587196230888367,0.010711018927395344,0.7661365270614624,
13767,0.7537278532981873,0.010086418129503727,0.7663662433624268,
13777,0.7732115983963013,0.010633141733705997,0.7666154503822327,
13787,0.7721184492111206,0.011872593313455582,0.769482433795929,
13797,0.7726102471351624,0.01294747181236744,0.7697880864143372,
13807,0.7869728803634644,0.013323390856385231,0.7701074481010437,
13817,0.7886009812355042,0.013996978290379047,0.7703887224197388,
13827,0.7984232306480408,0.012555407360196114,0.7641963362693787,
13837,0.8003997206687927,0.011105000041425228,0.7641032934188843,
13847,0.8044532537460327,0.010537702590227127,0.7640010118484497,
13857,0.8103567957878113,0.009449637494981289,0.7638843655586243,
13867,0.8163809180259705,0.007835897617042065,0.7475476861000061,
13877,0.8184826374053955,0.008107677102088928,0.7465318441390991,
13887,0.8204528093338013,0.008564864285290241,0.7455058693885803,
13897,0.8195669651031494,0.007719852030277252,0.7444592118263245,
13907,0.8277840614318848,0.006877352949231863,0.719110906124115,
13917,0.8323823809623718,0.00535856606438756,0.7168117761611938,
13927,0.8349122405052185,0.006006102077662945,0.714535117149353,
13937,0.835710883140564,0.007037930656224489,0.712287962436676,
13947,0.8417726755142212,0.00807017832994461,0.7100973725318909,
13957,0.8536736965179443,0.007967711426317692,0.6551449298858643,
13967,0.8559834957122803,0.007257815450429916,0.6502523422241211,
13977,0.8613446950912476,0.007908742874860764,0.6454464793205261,
13987,0.864812970161438,0.008390150964260101,0.6407325863838196,
13997,0.8783832788467407,0.0036142515018582344,0.5856785178184509,
14007,0.8825188279151917,0.005672706291079521,0.5786224007606506,
14017,0.8793197870254517,0.005620932672172785,0.5717180371284485,
14027,0.8757149577140808,0.005577125120908022,0.5650219321250916,
14037,0.882149875164032,0.004520857241004705,0.5357406735420227,
14047,0.8779364824295044,0.004480013623833656,0.5283132791519165,
14057,0.8845004439353943,0.0040811351500451565,0.5212151408195496,
14067,0.8795945644378662,0.004048945382237434,0.5142989754676819,
14077,0.8849610686302185,0.0022555014584213495,0.5171977281570435,
14087,0.8932036757469177,0.003108399221673608,0.511485755443573,
14097,0.8962756395339966,0.004277433268725872,0.5060766339302063,
14107,0.8900630474090576,0.004279938992112875,0.5009271502494812,
14117,0.8939799666404724,0.0008106842869892716,0.49621492624282837,
14127,0.892611026763916,-0.0013386146165430546,0.5394769906997681,
14137,0.8916835784912109,-0.002416471019387245,0.537931501865387,
14147,0.8982104659080505,-0.004050609190016985,0.5368098616600037,
14157,0.9019333124160767,-0.0037554751615971327,0.5360403060913086,
14167,0.8772837519645691,-0.0053451331332325935,0.6096186637878418,
14177,0.8784130811691284,-0.003548999782651663,0.6134560108184814,
14187,0.8835095167160034,-0.0041144415736198425,0.6176691055297852,
14197,0.8734665513038635,-0.008014467544853687,0.6221201419830322,
14207,0.8430983424186707,-0.005082868039608002,0.7059863805770874,
14217,0.8414185643196106,-0.005231168121099472,0.7152833342552185,
14227,0.8313069343566895,-0.004922493360936642,0.7247687578201294,
14237,0.8315014839172363,-0.006671368610113859,0.73542720079422,
14247,0.7986571192741394,-0.002482989337295294,0.79999840259552,
14257,0.7874439358711243,-0.0019295646343380213,0.8127150535583496,
14267,0.7848702669143677,-0.0017780865309759974,0.8254377841949463,
14277,0.7745118141174316,-0.0031170237343758345,0.8380760550498962,
14287,0.7740217447280884,-0.003214085241779685,0.8506247401237488,
14297,0.7471835613250732,-0.00258687068708241,0.8896161317825317,
14307,0.7353067398071289,-0.004482564982026815,0.903263509273529,
14317,0.7301633954048157,-0.00503341481089592,0.9167172908782959,
14327,0.7260503768920898,-0.005532491486519575,0.9299326539039612,
14337,0.7068628668785095,-0.004170651081949472,0.9473758339881897,
14347,0.7046371102333069,-0.004578384570777416,0.9602402448654175,
14357,0.6993920803070068,-0.004897065460681915,0.9727850556373596,
14367,0.6971502304077148,-0.004831757862120867,0.9727823734283447,
14377,0.6828756928443909,-0.006208432838320732,0.9895384907722473,
14387,0.6868314743041992,-0.006197337061166763,0.9895418286323547,
14397,0.6785868406295776,-0.005893429275602102,1.0005981922149658,
14407,0.6671088337898254,-0.005470677278935909,1.0112502574920654,
14417,0.6680349111557007,-0.005311497021466494,1.007027268409729,
14427,0.6643840670585632,-0.0049272337928414345,1.0160309076309204,
14437,0.6564285755157471,-0.005744552705436945,1.0246033668518066,
14447,0.6413177251815796,-0.004962767940014601,1.0327404737472534,
14457,0.6356547474861145,-0.004400338977575302,1.0404502153396606,
14467,0.6439770460128784,-0.0041905059479177,1.0263105630874634,
14477,0.6256726980209351,-0.004885358735918999,1.0319596529006958,
14487,0.6187326312065125,-0.0059756627306342125,1.037157416343689,
14497,0.6147509217262268,-0.0058373999781906605,1.0418623685836792,
14507,0.608415961265564,-0.005970396101474762,1.0264918804168701,
14517,0.6031990051269531,-0.006200274918228388,1.0291855335235596,
14527,0.5965675115585327,-0.00793765764683485,1.0314143896102905,
14537,0.5868664979934692,-0.008271943777799606,1.033163070678711,
14547,0.5850741863250732,-0.008826320059597492,1.0178159475326538,
14557,0.574181079864502,-0.009245580993592739,1.017668604850769,
14567,0.5724188685417175,-0.008131020702421665,1.0171012878417969,
14577,0.5643947124481201,-0.008256733417510986,1.0160884857177734,
14587,0.5553038716316223,-0.008393724448978901,1.0014750957489014,
14597,0.5469128489494324,-0.008318956010043621,0.9987768530845642,
14607,0.5431796908378601,-0.008240808732807636,0.9956493973731995,
14617,0.5344415307044983,-0.007951744832098484,0.9920987486839294,
14627,0.5244563817977905,-0.01071492861956358,0.9775040745735168,
14637,0.5168559551239014,-0.009987706318497658,0.9726510047912598,
14647,0.510809600353241,-0.010649047791957855,0.9674907922744751,
14657,0.5028842091560364,-0.014729566872119904,0.9620382189750671,
14667,0.4983924925327301,-0.013809407129883766,0.9563341736793518,
14677,0.48832571506500244,-0.012824086472392082,0.9436160326004028,
14687,0.4829133152961731,-0.01551936473697424,0.9370996356010437,
14697,0.4741804599761963,-0.01678711548447609,0.9303810596466064,
14707,0.4649181067943573,-0.01688220165669918,0.9234974384307861,
14717,0.46067070960998535,-0.020605405792593956,0.909139096736908,
14727,0.4480273723602295,-0.022119194269180298,0.901646077632904,
14737,0.44515058398246765,-0.02354719489812851,0.8941331505775452,
14747,0.4410150647163391,-0.023143034428358078,0.8866258859634399,
14757,0.42990991473197937,-0.022882476449012756,0.8753824830055237,
14767,0.4244890511035919,-0.022366870194673538,0.8677775859832764,
14777,0.41874557733535767,-0.025608325377106667,0.8602524995803833,
14787,0.41584309935569763,-0.0249446090310812,0.852835476398468,
14797,0.4165034294128418,-0.022838406264781952,0.8423838019371033,
14807,0.3960983157157898,-0.022680114954710007,0.8350456953048706,
14817,0.38284310698509216,-0.02247433364391327,0.8278855681419373,
14827,0.3738727271556854,-0.022514835000038147,0.8209018707275391,
14837,0.36866962909698486,-0.024691445752978325,0.8125935196876526,
14847,0.35974034667015076,-0.02472996525466442,0.8059199452400208,
14857,0.3578038215637207,-0.0297335684299469,0.7994762063026428,
14867,0.3578547239303589,-0.023671235889196396,0.7932730317115784,
14877,0.3597430884838104,-0.017426922917366028,0.7873220443725586,
14887,0.355615496635437,-0.033258795738220215,0.7839981317520142,
14897,0.437928706407547,-0.029485400766134262,0.7788264155387878,
14907,0.43598824739456177,-0.029728388413786888,0.7737810015678406,
14917,0.4380292296409607,-0.02973048761487007,0.7690281867980957,
14927,0.4381163418292999,-0.02941025421023369,0.7650718688964844,
14937,0.42265772819519043,-0.019713612273335457,0.7609135508537292,
14947,0.4146047532558441,-0.021487390622496605,0.7570443153381348,
14957,0.4024507701396942,-0.0254785418510437,0.7534407377243042,
14967,0.396060585975647,-0.025279097259044647,0.7495761513710022,
14977,0.3884193003177643,-0.025158610194921494,0.7465031743049622,
14987,0.3807360529899597,-0.02502334490418434,0.7437056303024292,
14997,0.3738695979118347,-0.023021068423986435,0.7411603927612305,
15007,0.3646397590637207,-0.022798482328653336,0.741345226764679,
15017,0.3538994789123535,-0.023555519059300423,0.7394000887870789,
15027,0.34998464584350586,-0.022207701578736305,0.7376685738563538,
15037,0.33993589878082275,-0.02137884497642517,0.7359684109687805,
15047,0.33286920189857483,-0.023181114345788956,0.7373195290565491,
15057,0.3352266550064087,-0.025241106748580933,0.7363194823265076,
15067,0.32858115434646606,-0.022577788680791855,0.7354621887207031,
15077,0.32194700837135315,-0.024408835917711258,0.7347415089607239,
15087,0.31555649638175964,-0.02560078166425228,0.7341626882553101,
15097,0.31472593545913696,-0.021618826314806938,0.7362580299377441,
15107,0.29813215136528015,-0.021177703514695168,0.7361024618148804,
15117,0.2887013554573059,-0.022727832198143005,0.7360912561416626,
15127,0.2800900340080261,-0.022491825744509697,0.7361892461776733,
15137,0.26924368739128113,-0.028664758428931236,0.7358605265617371,
15147,0.25820788741111755,-0.02806999348104,0.7361310720443726,
15157,0.24930621683597565,-0.027905361726880074,0.7364996075630188,
15167,0.23166848719120026,-0.029741857200860977,0.7369226217269897,
15177,0.22478459775447845,-0.03170468285679817,0.7371563911437988,
15187,0.22577254474163055,-0.02935337834060192,0.7377065420150757,
15197,0.2136865109205246,-0.029111962765455246,0.7382526397705078,
15207,0.2090151458978653,-0.029260508716106415,0.7388295531272888,
15217,0.19566258788108826,-0.029446540400385857,0.7396106123924255,
15227,0.19179219007492065,-0.03015655279159546,0.7402040958404541,
15237,0.1764315366744995,-0.03049490414559841,0.74078369140625,
15247,0.17002129554748535,-0.02878812700510025,0.7414056062698364,
15257,0.15685752034187317,-0.028613872826099396,0.7420110702514648,
15267,0.1536119431257248,-0.030637161806225777,0.7398132085800171,
15277,0.15407785773277283,-0.02969377487897873,0.7403000593185425,
15287,0.1340782344341278,-0.028558630496263504,0.7407276034355164,
15297,0.13664504885673523,-0.02769489213824272,0.7412243485450745,
15307,0.12579365074634552,-0.02666541002690792,0.7399113774299622,
15317,0.1167503148317337,-0.025906525552272797,0.740256667137146,
15327,0.10489467531442642,-0.025043534114956856,0.7405694127082825,
15337,0.09995534271001816,-0.02449580654501915,0.7408730983734131,
15347,0.0819588452577591,-0.021594153717160225,0.7389251589775085,
15357,0.07701493054628372,-0.0216462854295969,0.7390207052230835,
15367,0.08302269876003265,-0.024454792961478233,0.7391253113746643,
15377,0.05809396877884865,-0.0221173707395792,0.7391164898872375,
15387,0.060397304594516754,-0.022955648601055145,0.7374603748321533,
15397,0.03624776750802994,-0.022747257724404335,0.7373268604278564,
15407,0.03823712468147278,-0.020919030532240868,0.7372508645057678,
15417,0.025051461532711983,-0.020982583984732628,0.7371244430541992,
15427,0.018790876492857933,-0.021298643201589584,0.7350777387619019,
15437,0.00333084212616086,-0.01913098804652691,0.7348448634147644,
15447,-0.0012605072697624564,-0.01898605190217495,0.7346521615982056,
15457,-0.017062684521079063,-0.018531829118728638,0.734427273273468,
15467,-0.02204657532274723,-0.018571659922599792,0.7342475652694702,
15477,-0.017743851989507675,-0.018642699345946312,0.7320647835731506,
15487,-0.0422673225402832,-0.018260279670357704,0.7317662835121155,
15497,-0.038948170840740204,-0.016203498467803,0.7315765023231506,
15507,-0.046449076384305954,-0.016078174114227295,0.731376588344574,
15517,-0.05388275533914566,-0.015915311872959137,0.7307134866714478,
15527,-0.06817282736301422,-0.015825146809220314,0.7305000424385071,
15537,-0.07625040411949158,-0.015824174508452415,0.7303124070167542,
15547,-0.08273196220397949,-0.016067370772361755,0.7301474809646606,
15557,-0.09102439135313034,-0.01622694917023182,0.7285027503967285,
15567,-0.09741818159818649,-0.016538117080926895,0.7283070087432861,
15577,-0.10152976959943771,-0.01684507541358471,0.7281317114830017,
15587,-0.10934462398290634,-0.0172349251806736,0.7279546856880188,
15597,-0.11784205585718155,-0.01750197447836399,0.7278504967689514,
15607,-0.13457342982292175,-0.015455540269613266,0.7276748418807983,
15617,-0.140965074300766,-0.013457940891385078,0.7275444865226746,
15627,-0.15798310935497284,-0.013141372241079807,0.7274146676063538,
15637,-0.16258636116981506,-0.013401079922914505,0.7273610234260559,
15647,-0.16329322755336761,-0.013887416571378708,0.7279871702194214,
15657,-0.18857641518115997,-0.014011114835739136,0.727981448173523,
15667,-0.18705928325653076,-0.014629433862864971,0.728068470954895,
15677,-0.21160705387592316,-0.013052967377007008,0.728095293045044,
15687,-0.20963171124458313,-0.01409215945750475,0.7281301021575928,
15697,-0.22552341222763062,-0.014935909770429134,0.7282279133796692,
15707,-0.23023436963558197,-0.015477818436920643,0.7283794283866882,
15717,-0.2383739948272705,-0.0157720148563385,0.7285521626472473,
15727,-0.2303139716386795,-0.015906034037470818,0.7284872531890869,
15737,-0.24865344166755676,-0.015500658191740513,0.7286813855171204,
15747,-0.24046264588832855,-0.015038171783089638,0.7289618849754333,
15757,-0.23902590572834015,-0.014443996362388134,0.7292637228965759,
15767,-0.27011898159980774,-0.01217640656977892,0.729558527469635,
15777,-0.2676354944705963,-0.012618819251656532,0.7254827618598938,
15787,-0.2691410779953003,-0.013650763779878616,0.7255944609642029,
15797,-0.303238183259964,-0.012809928506612778,0.7257380485534668,
15807,-0.31417152285575867,-0.013965503312647343,0.7259231805801392,
15817,-0.32307153940200806,-0.01327655091881752,0.7233011722564697,
15827,-0.32412463426589966,-0.013688056729733944,0.7233613133430481,
15837,-0.33862602710723877,-0.009877750650048256,0.723457932472229,
15847,-0.35032495856285095,-0.008492392487823963,0.7235612273216248,
15857,-0.36536291241645813,-0.010295490734279156,0.7244108319282532,
15867,-0.3730185925960541,-0.009663569740951061,0.7245383858680725,
15877,-0.37614694237709045,-0.006855290848761797,0.7246531248092651,
15887,-0.3853673040866852,-0.003945674281567335,0.7247786521911621,
15897,-0.38911765813827515,-0.003189156297594309,0.7267099022865295,
15907,-0.4021439850330353,-0.003107417607679963,0.7269155383110046,
15917,-0.402948796749115,-0.00608981866389513,0.7270385026931763,
15927,-0.401123970746994,-0.006409955210983753,0.7270520925521851,
15937,-0.4190945029258728,-0.007404917385429144,0.7269865274429321,
15947,-0.4232751727104187,-0.009380823001265526,0.7275489568710327,
15957,-0.428602397441864,-0.010031094774603844,0.7271716594696045,
15967,-0.4390603005886078,-0.011013627052307129,0.7265688180923462,
15977,-0.4459717571735382,-0.012169066816568375,0.72568678855896,
15987,-0.4532053768634796,-0.007116700988262892,0.7265670299530029,
15997,-0.4631280303001404,-0.008746054023504257,0.7252489924430847,
16007,-0.47157207131385803,-0.007740317843854427,0.723640501499176,
16017,-0.476259708404541,-0.007697575725615025,0.721694827079773,
16027,-0.48286014795303345,-0.006669695023447275,0.7197991013526917,
16037,-0.49070149660110474,-0.004759653937071562,0.7171317338943481,
16047,-0.49163514375686646,-0.0021730479784309864,0.714064359664917,
16057,-0.49566158652305603,-0.0020996236708015203,0.7106221318244934,
16067,-0.5056868195533752,-0.006880280561745167,0.7091877460479736,
16077,-0.5153310298919678,-0.011767965741455555,0.7052019238471985,
16087,-0.5158066153526306,-0.00900859571993351,0.7008916735649109,
16097,-0.5127516388893127,-0.007022493053227663,0.6962696313858032,
16107,-0.5157197713851929,-0.00791188608855009,0.6913420557975769,
16117,-0.5171464085578918,-0.007597834337502718,0.687466025352478,
16127,-0.5155677199363708,-0.008265710435807705,0.681938648223877,
16137,-0.525187075138092,-0.009807680733501911,0.6760969758033752,
16147,-0.5287533402442932,-0.012013605795800686,0.6699243187904358,
16157,-0.5358513593673706,-0.01245396863669157,0.6647965312004089,
16167,-0.5341062545776367,-0.006462834309786558,0.6580742001533508,
16177,-0.5374032258987427,-0.006580936256796122,0.6510778665542603,
16187,-0.5461801886558533,-0.0123418178409338,0.6438294053077698,
16197,-0.5501894354820251,-0.02783695049583912,0.6368483304977417,
16207,-0.5594924092292786,-0.027236605063080788,0.629102349281311,
16217,-0.5616374611854553,0.018120257183909416,0.6211293339729309,
16227,-0.5684218406677246,0.020640715956687927,0.6129773855209351,
16237,-0.5678777098655701,0.019394785165786743,0.6059439182281494,
16247,-0.5737178921699524,0.02015848457813263,0.5975987911224365,
16257,-0.5809153318405151,0.019960785284638405,0.589139997959137,
16267,-0.5804051160812378,0.020801277831196785,0.5805636048316956,
16277,-0.5897740125656128,0.01533652376383543,0.5718986392021179,
16287,-0.5964942574501038,0.008701622486114502,0.5633836388587952,
16297,-0.6007809042930603,0.012342801317572594,0.5546184182167053,
16307,-0.6018205881118774,-0.05048637464642525,0.5458491444587708,
16317,-0.6029667258262634,-0.05100404471158981,0.53703373670578,
16327,-0.6078903079032898,-0.047919996082782745,0.5284875631332397,
16337,-0.6084314584732056,-0.04568979889154434,0.5196919441223145,
16347,-0.6092976927757263,-0.04614691436290741,0.5109149217605591,
16357,-0.6104317307472229,-0.04453533515334129,0.5021621584892273,
16367,-0.6169803142547607,-0.03411044552922249,0.4932783544063568,
16377,-0.6232776641845703,-0.04950360208749771,0.4846319854259491,
16387,-0.6064558625221252,-0.05472284182906151,0.47605469822883606,
16397,-0.6127407550811768,-0.05340862646698952,0.4675869345664978,
16407,-0.6183097958564758,-0.05868906527757645,0.4592287540435791,
16417,-0.6189777255058289,-0.059320904314517975,0.44966182112693787,
16427,-0.6154031157493591,-0.05328640714287758,0.4414939880371094,
16437,-0.6357889771461487,-0.022489670664072037,0.43348532915115356,
16447,-0.6223127841949463,-0.07277307659387589,0.42558643221855164,
16457,-0.6273136138916016,-0.09341314435005188,0.42040055990219116,
16467,-0.6283635497093201,-0.08742480725049973,0.41296395659446716,
16477,-0.6351128816604614,-0.08783100545406342,0.40568727254867554,
16487,-0.6389766335487366,-0.08153580129146576,0.3985905945301056,
16497,-0.641705334186554,-0.08110850304365158,0.3909417986869812,
16507,-0.6524203419685364,-0.09962619841098785,0.3841066360473633,
16517,-0.6525933146476746,-0.1005057767033577,0.3774229884147644,
16527,-0.6353381872177124,-0.0462612584233284,0.37095868587493896,
16537,-0.6396661996841431,-0.042048290371894836,0.36314499378204346,
16547,-0.6435869932174683,-0.04532603919506073,0.35682228207588196,
16557,-0.6503233313560486,-0.041511502116918564,0.3506491780281067,
16567,-0.6530394554138184,-0.03534926101565361,0.34464842081069946,
16577,-0.6540791988372803,-0.027682030573487282,0.33883315324783325,
16587,-0.6490240693092346,-0.029877981171011925,0.33457303047180176,
16597,-0.6462575793266296,-0.027181068435311317,0.329140841960907,
16607,-0.6566570997238159,-0.03489922359585762,0.3233422636985779,
16617,-0.6654969453811646,-0.06966037303209305,0.3182521164417267,
16627,-0.6544519066810608,-0.043302152305841446,0.31469571590423584,
16637,-0.6555529236793518,-0.09091386198997498,0.30993223190307617,
16647,-0.6584305763244629,-0.0938311517238617,0.30529630184173584,
16657,-0.6644439101219177,-0.09167841076850891,0.30078959465026855,
16667,-0.6621110439300537,-0.08496137708425522,0.29396238923072815,
16677,-0.662383496761322,-0.0774114578962326,0.28952473402023315,
16687,-0.6643552780151367,-0.07748008519411087,0.2851787805557251,
16697,-0.6661809682846069,-0.07436852157115936,0.2809393107891083,
16707,-0.6663315296173096,-0.09307392686605453,0.2768089473247528,
16717,-0.6668522357940674,-0.0996263176202774,0.2708371877670288,
16727,-0.674247145652771,-0.10049395263195038,0.2667985260486603,
16737,-0.6744943857192993,-0.10100288689136505,0.26287466287612915,
16747,-0.6745662689208984,-0.0971139445900917,0.25904855132102966,
16757,-0.6758469343185425,-0.09396915882825851,0.25514331459999084,
16767,-0.6751638650894165,-0.09240556508302689,0.2514503300189972,
16777,-0.6722561717033386,-0.09248534590005875,0.24784113466739655,
16787,-0.6696735620498657,-0.07787538319826126,0.24429917335510254,
16797,-0.6730601787567139,-0.07840836048126221,0.24163182079792023,
16807,-0.6740144491195679,-0.07574380189180374,0.23825164139270782,
16817,-0.6737077832221985,-0.07465390861034393,0.23493795096874237,
16827,-0.6739662289619446,-0.07442661374807358,0.231687530875206,
16837,-0.6722337007522583,-0.0653417557477951,0.22848476469516754,
16847,-0.6745180487632751,-0.06740126013755798,0.2243555337190628,
16857,-0.6747021675109863,-0.06548189371824265,0.2212449461221695,
16867,-0.6738993525505066,-0.06281203031539917,0.21819166839122772,
16877,-0.6742357015609741,-0.06317531317472458,0.21520814299583435,
16887,-0.6829875111579895,-0.05762453004717827,0.21134397387504578,
16897,-0.6865257620811462,-0.057246915996074677,0.2084394097328186,
16907,-0.6862177848815918,-0.05753326416015625,0.20562458038330078,
16917,-0.6888019442558289,-0.05471854284405708,0.20281431078910828,
16927,-0.6882438063621521,-0.052273623645305634,0.19774122536182404,
16937,-0.6890861988067627,-0.052753057330846786,0.19488625228405,
16947,-0.6897836327552795,-0.04817400127649307,0.19203448295593262,
16957,-0.6891536712646484,-0.04781290516257286,0.1892564743757248,
16967,-0.6890743970870972,-0.04633587598800659,0.18648356199264526,
16977,-0.6938137412071228,-0.04479234293103218,0.18153104186058044,
16987,-0.6899493932723999,-0.04291420057415962,0.17873093485832214,
16997,-0.6890445351600647,-0.0424361377954483,0.1759255975484848,
17007,-0.6907142996788025,-0.03930914029479027,0.1730809062719345,
17017,-0.6902187466621399,-0.04131203144788742,0.1682722121477127,
17027,-0.6977844834327698,-0.03799512982368469,0.16536159813404083,
17037,-0.6978814005851746,-0.03773130103945732,0.1626102775335312,
17047,-0.6981241106987,-0.036868952214717865,0.1598680466413498,
17057,-0.6969333291053772,-0.03550315275788307,0.15559129416942596,
17067,-0.697580873966217,-0.034637849777936935,0.1528262346982956,
17077,-0.6975905895233154,-0.033540382981300354,0.1501035988330841,
17087,-0.6970674991607666,-0.03194674849510193,0.14741778373718262,
17097,-0.6975988745689392,-0.030938757583498955,0.14633025228977203,
17107,-0.6979891061782837,-0.03016011416912079,0.1438440978527069,
17117,-0.6982862949371338,-0.02931245043873787,0.1413976401090622,
17127,-0.698588490486145,-0.028504857793450356,0.1390128880739212,
17137,-0.6988876461982727,-0.027801278978586197,0.13665391504764557,
17147,-0.6997188925743103,-0.026876935735344887,0.13403813540935516,
17157,-0.6990496516227722,-0.026152843609452248,0.1317397803068161,
17167,-0.6997491717338562,-0.027041198685765266,0.1293945610523224,
17177,-0.699139416217804,-0.026300951838493347,0.1271032840013504,
17187,-0.6993856430053711,-0.025486662983894348,0.12525270879268646,
17197,-0.6966266632080078,-0.024934547021985054,0.12298481166362762,
17207,-0.6962142586708069,-0.02448485605418682,0.12071092426776886,
17217,-0.6948702931404114,-0.023654408752918243,0.11839159578084946,
17227,-0.6945075988769531,-0.022602951154112816,0.11641234159469604,
17237,-0.6913532614707947,-0.022604437544941902,0.11402567476034164,
17247,-0.6921078562736511,-0.021711207926273346,0.11180813610553741,
17257,-0.688607931137085,-0.021376900374889374,0.10930085927248001,
17267,-0.692122757434845,-0.02024752087891102,0.1073094978928566,
17277,-0.6931829452514648,-0.02009298838675022,0.10459786653518677,
17287,-0.6836560368537903,-0.020070385187864304,0.10182061046361923,
17297,-0.6850951910018921,-0.02004675753414631,0.09962185472249985,
17307,-0.6948420405387878,-0.017386948689818382,0.09819839149713516,
17317,-0.7002872824668884,-0.011794858612120152,0.09305066615343094,
17327,-0.7025868892669678,-0.013066844083368778,0.09089559316635132,
17337,-0.7075637578964233,-0.010915751568973064,0.0887870192527771,
17347,-0.7102574706077576,-0.012326559983193874,0.08670377731323242,
17357,-0.710940420627594,-0.012742253951728344,0.08547525107860565,
17367,-0.7132948040962219,-0.00919282529503107,0.08336527645587921,
17377,-0.7174460291862488,-0.0101195452734828,0.08135330677032471,
17387,-0.7192850708961487,-0.011299572885036469,0.07934842258691788,
17397,-0.7172789573669434,-0.010879997164011002,0.07714338600635529,
17407,-0.7182993292808533,-0.016637638211250305,0.07403774559497833,
17417,-0.720568835735321,-0.022677555680274963,0.07211800664663315,
17427,-0.717657744884491,-0.022816287353634834,0.07010891288518906,
17437,-0.7178532481193542,-0.025835327804088593,0.0681377500295639,
17447,-0.7187023758888245,-0.029165593907237053,0.06927303969860077,
17457,-0.7229824662208557,-0.02685929462313652,0.06755435466766357,
17467,-0.7245885729789734,-0.02681548148393631,0.06583084911108017,
17477,-0.7380812764167786,-0.027505816891789436,0.06417003273963928,
17487,-0.7401210069656372,-0.025718189775943756,0.06347502022981644,
17497,-0.744126558303833,-0.02497796341776848,0.061844926327466965,
17507,-0.7386161684989929,-0.025809764862060547,0.060495905578136444,
17517,-0.7380766272544861,-0.031858254224061966,0.05910806730389595,
17527,-0.7379754185676575,-0.0318937674164772,0.05624329671263695,
17537,-0.7211072444915771,-0.030494408681988716,0.05505074933171272,
17547,-0.7201635837554932,-0.029913149774074554,0.053547557443380356,
17557,-0.717168927192688,-0.029027484357357025,0.05200602859258652,
17567,-0.7182179093360901,-0.029110759496688843,0.05049138888716698,
17577,-0.7126463055610657,-0.025821713730692863,0.05429202318191528,
17587,-0.7111755013465881,-0.025947442278265953,0.05301379784941673,
17597,-0.7121767401695251,-0.022415507584810257,0.051736656576395035,
17607,-0.7125183343887329,-0.02442937344312668,0.05053691193461418,
17617,-0.7137477993965149,-0.025261402130126953,0.05119834095239639,
17627,-0.7160894274711609,-0.019911915063858032,0.05002366378903389,
17637,-0.7190173864364624,-0.020054060965776443,0.048897888511419296,
17647,-0.7209240198135376,-0.018317924812436104,0.04769793525338173,
17657,-0.7233940958976746,-0.020103339105844498,0.04518594220280647,
17667,-0.7229544520378113,-0.017624840140342712,0.0438789427280426,
17677,-0.7260753512382507,-0.01675371639430523,0.04261358827352524,
17687,-0.7264119386672974,-0.017332281917333603,0.04140014573931694,
17697,-0.7252965569496155,-0.01480577141046524,0.04015626758337021,
17707,-0.7242093682289124,-0.01564038172364235,0.03578818961977959,
17717,-0.7227633595466614,-0.016528302803635597,0.034470006823539734,
17727,-0.7227926254272461,-0.017552727833390236,0.03315098211169243,
17737,-0.7228452563285828,-0.01964028924703598,0.0318647138774395,
17747,-0.7211859226226807,-0.021946756169199944,0.023660311475396156,
17757,-0.7193387746810913,-0.03117680922150612,0.022051777690649033,
17767,-0.7170572280883789,-0.025702236220240593,0.02033975161612034,
17777,-0.7183641791343689,-0.025171834975481033,0.018661487847566605,
17787,-0.7172326445579529,-0.027020709589123726,0.013916629366576672,
17797,-0.7201994061470032,-0.024990269914269447,0.01207592524588108,
17807,-0.7235464453697205,-0.024498112499713898,0.010243415832519531,
17817,-0.7246672511100769,-0.021963434293866158,0.008380476385354996,
17827,-0.7244017124176025,-0.0233010184019804,0.006505898199975491,
17837,-0.7247129082679749,-0.022399667650461197,0.003665221855044365,
17847,-0.7225695252418518,-0.02607053890824318,0.001769584370777011,
17857,-0.7203503251075745,-0.02751299738883972,-9.331200271844864e-05,
17867,-0.712934136390686,-0.02586323767900467,-0.001977733802050352,
17877,-0.7165805697441101,-0.026612238958477974,-0.002864852547645569,
17887,-0.7123219966888428,-0.027420181781053543,-0.004579712171107531,
17897,-0.7129089832305908,-0.02842632122337818,-0.006150247063487768,
17907,-0.7053554058074951,-0.03117266297340393,-0.007857650518417358,
17917,-0.7083203792572021,-0.030385145917534828,-0.005595102906227112,
17927,-0.711407482624054,-0.031768832355737686,-0.006720511242747307,
17937,-0.7021705508232117,-0.0281833466142416,-0.008020522072911263,
17947,-0.7024160027503967,-0.028447285294532776,-0.009143772535026073,
17957,-0.7043721675872803,-0.033821623772382736,-0.010096361860632896,
17967,-0.7074314951896667,-0.034620631486177444,-0.005485277157276869,
17977,-0.704866349697113,-0.03429969772696495,-0.005528715904802084,
17987,-0.7078093886375427,-0.03262900188565254,-0.0051016067154705524,
17997,-0.711534857749939,-0.030044110491871834,-0.004537454806268215,
18007,-0.7123815417289734,-0.03221574053168297,-0.0019806609489023685,
18017,-0.7093455791473389,-0.03609146922826767,-0.0016332538798451424,
18027,-0.7117322683334351,-0.036365002393722534,-0.001124800299294293,
18037,-0.7122142910957336,-0.035910461097955704,-0.0007141379755921662,
18047,-0.7098093032836914,-0.03347358480095863,-0.0002361872757319361,
18057,-0.7102118730545044,-0.031005065888166428,9.555667929816991e-05,
18067,-0.7164059281349182,-0.03078601509332657,0.0005586612969636917,
18077,-0.7158560752868652,-0.030858857557177544,0.000707173312548548,
18087,-0.7163280248641968,-0.02806727960705757,0.0005384477553889155,
18097,-0.716593861579895,-0.027901526540517807,0.0005698168533854187,
18107,-0.717795729637146,-0.029443714767694473,0.0005684710340574384,
18117,-0.7187268733978271,-0.029392773285508156,0.0004929803544655442,
18127,-0.717853844165802,-0.02892279252409935,0.0003735252539627254,
18137,-0.7210307121276855,-0.028530539944767952,0.0005852545145899057,
18147,-0.7209811806678772,-0.028294935822486877,0.0007086584228090942,
18157,-0.7192791104316711,-0.02709861472249031,0.0011194931576028466,
18167,-0.7211707830429077,-0.028258999809622765,0.0014374147867783904,
18177,-0.7215937972068787,-0.02732197754085064,0.0019080528290942311,
18187,-0.72135329246521,-0.026798158884048462,0.0022467211820185184,
18197,-0.7210944890975952,-0.026488978415727615,0.0024308268912136555,
18207,-0.7197225689888,-0.025123177096247673,0.002605999354273081,
18217,-0.7179840207099915,-0.026425817981362343,0.002454007975757122,
18227,-0.7188160419464111,-0.026151219382882118,0.0024523213505744934,
18237,-0.7185813188552856,-0.024993252009153366,0.002683614380657673,
18247,-0.7179821729660034,-0.025726448744535446,0.0029931673780083656,
18257,-0.7176844477653503,-0.02461519092321396,0.0033048614859580994,
18267,-0.7162629961967468,-0.025327719748020172,0.003421122208237648,
18277,-0.7170859575271606,-0.024929529055953026,0.003452567383646965,
18287,-0.7164826393127441,-0.024061037227511406,0.003554181195795536,
18297,-0.7156016230583191,-0.024388916790485382,0.0037774653173983097,
18307,-0.7151113152503967,-0.02447512373328209,0.0033329708967357874,
18317,-0.7133664488792419,-0.02332361415028572,0.00373252690769732,
18327,-0.7138692140579224,-0.023175349459052086,0.0038769692182540894,
18337,-0.7129266858100891,-0.023148465901613235,0.004166086204349995,
18347,-0.7129390239715576,-0.023287661373615265,0.004629064816981554,
18357,-0.7126932144165039,-0.022456644102931023,0.004712908063083887,
18367,-0.712472677230835,-0.022940928116440773,0.004886840935796499,
18377,-0.7122008204460144,-0.023274065926671028,0.005043317563831806,
18387,-0.7119396328926086,-0.02350776642560959,0.005080461502075195,
18397,-0.7116275429725647,-0.02390129119157791,0.004663597326725721,
18407,-0.711177408695221,-0.024404726922512054,0.004770760890096426,
18417,-0.710903525352478,-0.024768944829702377,0.004825181793421507,
18427,-0.7103506922721863,-0.02499571442604065,0.00495609175413847,
18437,-0.7100522518157959,-0.025200750678777695,0.004961563739925623,
18447,-0.7096606492996216,-0.025271262973546982,0.0049607777036726475,
18457,-0.7090625166893005,-0.02527468279004097,0.005095664411783218,
18467,-0.708518922328949,-0.02522074244916439,0.005080583970993757,
18477,-0.708023726940155,-0.02493964321911335,0.004367332439869642,
18487,-0.7076748013496399,-0.024444254115223885,0.004389641340821981,
18497,-0.7071033120155334,-0.024217955768108368,0.004388202913105488,
18507,-0.7066590189933777,-0.023987874388694763,0.004619496874511242,
18517,-0.7059826254844666,-0.023465802893042564,0.003942201845347881,
18527,-0.706398606300354,-0.023526225239038467,0.0046247635036706924,
18537,-0.7061342597007751,-0.02352100983262062,0.004827398341149092,
18547,-0.7061799168586731,-0.024652760475873947,0.005065937992185354,
18557,-0.7059232592582703,-0.024845818057656288,0.005052901804447174,
18567,-0.7066474556922913,-0.02561434730887413,0.0034694706555455923,
18577,-0.7064076662063599,-0.025910360738635063,0.003415861167013645,
18587,-0.7056317925453186,-0.026259176433086395,0.0033184117637574673,
18597,-0.705684244632721,-0.026951292529702187,0.00315126683562994,
18607,-0.7047775387763977,-0.02628258988261223,0.001913165207952261,
18617,-0.7043991088867188,-0.02649211883544922,0.0017116980161517859,
18627,-0.7038373947143555,-0.0264132097363472,0.0015322655672207475,
18637,-0.7035367488861084,-0.027178766205906868,0.0013274059165269136,
18647,-0.7030764222145081,-0.026828216388821602,0.0007388087105937302,
18657,-0.7026087641716003,-0.02700033038854599,0.0005269138491712511,
18667,-0.7021214962005615,-0.02717401832342148,0.0002738129114732146,
18677,-0.701541543006897,-0.0270923413336277,-1.4236458810046315e-05,
18687,-0.7012280821800232,-0.026936108246445656,-0.00026808088296093047,
18697,-0.7008194327354431,-0.02704569324851036,-0.0005210180534049869,
18707,-0.7002930641174316,-0.027148226276040077,-0.0008980006095953286,
18717,-0.7004359364509583,-0.026567023247480392,-0.0010959136998280883,
18727,-0.6992590427398682,-0.026534758508205414,-0.00148303946480155,
18737,-0.6986081600189209,-0.02656564489006996,-4.237967368680984e-05,
18747,-0.697999894618988,-0.02657892182469368,-0.00021598987223114818,
18757,-0.6983206272125244,-0.026078931987285614,-0.00024988193763419986,
18767,-0.6970206499099731,-0.025800766423344612,-0.0004996424540877342,
18777,-0.6979612708091736,-0.025922128930687904,-0.0002499485563021153,
18787,-0.6983439326286316,-0.022498691454529762,-0.0004207606543786824,
18797,-0.6979182362556458,-0.022107578814029694,-0.0005994717357680202,
18807,-0.6984468102455139,-0.021213293075561523,-0.0007616900838911533,
18817,-0.6972140669822693,-0.02098516933619976,-0.0005930352490395308,
18827,-0.699395477771759,-0.017185142263770103,-0.0008893714984878898,
18837,-0.6992032527923584,-0.01626419648528099,-0.001137084560468793,
18847,-0.6988528966903687,-0.01588958501815796,-0.0013033044524490833,
18857,-0.6986371278762817,-0.014162980020046234,-0.0017032141331583261,
18867,-0.7000429630279541,-0.013498782180249691,-0.00046198279596865177,
18877,-0.6989226937294006,-0.01307048462331295,-0.000625884160399437,
18887,-0.6978356838226318,-0.01274839136749506,-0.0008132067741826177,
18897,-0.6973391771316528,-0.011595840565860271,-0.0011285000946372747,
18907,-0.695822536945343,-0.011113232001662254,0.0015091761015355587,
18917,-0.6958915591239929,-0.010175393894314766,0.0013967202976346016,
18927,-0.6985777020454407,-0.006202664226293564,0.001056343549862504,
18937,-0.6984591484069824,-0.0051148319616913795,0.000910166883841157,
18947,-0.6983664631843567,-0.0027336583007127047,0.0037504066713154316,
18957,-0.6999700665473938,-0.0014115164522081614,0.003803669009357691,
18967,-0.7008772492408752,-0.0007403938798233867,0.004012115765362978,
18977,-0.6979895830154419,0.002278130268678069,0.0038076655473560095,
18987,-0.6992205381393433,0.0030237974133342505,0.004124093800783157,
18997,-0.697593629360199,0.00232691690325737,0.0037180082872509956,
19007,-0.6942678689956665,0.003271156456321478,0.0037323220167309046,
19017,-0.6956483125686646,0.003221621038392186,0.004205170553177595,
19027,-0.6950483322143555,0.0047399746254086494,0.004174734465777874,
19037,-0.696476936340332,0.006460865959525108,0.005375715903937817,
19047,-0.7001943588256836,0.009960233233869076,0.005266500171273947,
19057,-0.7020648121833801,0.012648136354982853,0.00502770347520709,
19067,-0.7022082805633545,0.01300857774913311,0.00539027526974678,
19077,-0.7006073594093323,0.013763557188212872,0.005849098786711693,
19087,-0.7051626443862915,0.016358770430088043,0.005727543495595455,
19097,-0.7054892778396606,0.017817838117480278,0.005832023918628693,
19107,-0.7058139443397522,0.01929159089922905,0.005941813811659813,
19117,-0.7061367034912109,0.020780036225914955,0.006057566497474909,
19127,-0.7064206004142761,0.02256840094923973,0.009001855738461018,
19137,-0.7067379951477051,0.024098319932818413,0.009247024543583393,
19147,-0.7070534229278564,0.025642989203333855,0.009504403918981552,
19157,-0.707366943359375,0.027202622964978218,0.009790473617613316,
19167,-0.7076990604400635,0.02859618328511715,0.007761559449136257,
19177,-0.708010733127594,0.030177542939782143,0.00789573322981596,
19187,-0.708320677280426,0.031773436814546585,0.008024260401725769,
19197,-0.7086287140846252,0.03338431566953659,0.008175353519618511,
19207,-0.7089467644691467,0.03488430008292198,0.005808715242892504,
19217,-0.709251880645752,0.036519672721624374,0.005827661603689194,
19227,-0.7095547914505005,0.03816948086023331,0.00584500702098012,
19237,-0.7098555564880371,0.03983374312520027,0.005859531927853823,
19247,-0.7101542353630066,0.041512686759233475,0.005881110671907663,
19257,-0.710447371006012,0.04323950409889221,0.007164259906858206,
19267,-0.7107415199279785,0.04494874179363251,0.00725927297025919,
19277,-0.7110334634780884,0.04667239263653755,0.007352531421929598,
19287,-0.7113234400749207,0.048410430550575256,0.007433081511408091,
19297,-0.7116118669509888,0.05015963315963745,0.006952639669179916,
19307,-0.7118976712226868,0.051926568150520325,0.007016039453446865,
19317,-0.712181568145752,0.05370817705988884,0.007090259809046984,
19327,-0.7124638557434082,0.055504120886325836,0.00714769447222352,
19337,-0.7127439379692078,0.05732657015323639,0.006322770845144987,
19347,-0.7130228281021118,0.05915139615535736,0.00630594277754426,
19357,-0.7132999897003174,0.06099088490009308,0.006295405328273773,
19367,-0.7135753035545349,0.06284504383802414,0.006292927078902721,
19377,-0.7138490080833435,0.06470698863267899,0.00656588189303875,
