time,motor.m1,motor.m2,motor.m3,motor.m4,
11313,0,0,0,0,
11413,0,0,0,0,
11513,0,0,0,0,
11613,0,0,0,0,
11713,0,0,0,0,
11813,0,0,0,0,
11913,0,0,0,0,
12013,0,0,0,0,
12113,0,0,0,0,
12213,0,0,0,0,
12313,0,0,0,0,
12413,0,0,0,0,
12513,0,0,0,0,
12613,0,0,0,0,
12713,0,0,0,0,
12813,0,0,0,0,
12913,0,0,0,0,
13013,0,0,0,0,
13113,0,0,0,0,
13213,0,0,0,0,
13313,0,0,0,0,
13413,32460,41268,28552,28780,
13513,36748,29776,37848,33292,
13613,39176,27882,31464,40838,
13713,39492,23332,44636,48888,
13813,36257,11777,19297,30293,
13913,33584,40472,39354,19626,
14013,29849,34079,35071,29049,
14113,9041,27595,34665,19139,
14213,37345,32553,31243,29203,
14313,49575,33651,43211,37831,
14413,53118,31678,32722,42882,
14513,31858,38886,44350,35010,
14613,35473,39697,47773,36441,
14713,56284,28458,28638,38764,
14813,34786,38288,44344,31846,
14913,40142,41766,51034,43266,
15013,49927,40273,40977,48919,
15113,44094,41922,42800,43832,
15213,29879,40111,47483,36795,
15313,44622,36146,30588,38976,
15413,43196,38814,41768,41034,
15513,37728,40382,45586,36808,
15613,38307,34217,42411,42113,
15713,42216,36404,39980,38804,
15813,41557,39755,38651,33289,
15913,38539,34895,41811,39395,
16013,38706,36874,41872,38024,
16113,40286,37496,41750,39452,
16213,39786,38906,41872,39272,
16313,39776,40120,41980,38328,
16413,39279,39439,44093,40261,
16513,41126,39428,43626,38732,
16613,39095,39071,44071,41503,
16713,38752,39508,43910,42462,
16813,44087,43719,38751,38595,
16913,42402,43696,39278,38652,
17013,37736,41210,41828,40502,
17113,37287,38197,43485,41859,
17213,41927,39555,39413,40169,
17313,41045,41571,40533,39803,
17413,37147,43421,43611,38753,
17513,39306,40320,42218,41432,
17613,39217,39551,41727,41185,
17713,38977,40827,40889,39471,
17813,42427,39845,38329,40495,
17913,40083,40371,40719,40547,
18013,38081,40685,43315,39755,
18113,40933,40181,40143,40423,
18213,43106,38870,39130,41462,
18313,38476,41050,42938,41704,
18413,40018,39304,41962,42444,
18513,43562,39634,39108,41972,
18613,42573,41025,39885,40845,
18713,38402,41832,43086,39020,
18813,36259,39451,43193,40325,
18913,41622,40094,38210,38866,
19013,42803,41631,37291,38503,
19113,38375,40929,41075,39493,
19213,37673,40415,41569,40315,
19313,40563,40885,40373,40231,
19413,38977,41109,41181,39797,
19513,40431,38725,39939,42437,
19613,40476,40036,39290,40254,
19713,40081,40881,40449,40501,
19813,39813,42077,41573,38385,
19913,39514,42016,40980,39530,
20013,39803,40883,40753,40353,
20113,40063,42879,40027,37571,
20213,38059,40363,42681,40705,
20313,41572,40852,40394,40558,
20413,43150,41704,38058,39568,
20513,40805,43483,40333,36959,
20613,40497,37489,39601,44241,
20713,47025,42779,31951,39585,
20813,39630,43290,39302,40226,
20913,30329,42227,46319,41141,
21013,39951,42705,35623,39477,
21113,36292,41752,41172,39820,
21213,36070,39088,42972,42490,
21313,41889,42203,38679,39225,
21413,45541,43253,36677,38721,
21513,34152,44628,46752,36616,
21613,40327,42287,40743,40139,
21713,37118,43286,44352,37500,
21813,42811,40165,38451,40849,
21913,41541,39013,40303,40551,
22013,40964,38804,41696,41956,
22113,40914,38412,41278,42700,
22213,38754,40298,41978,40474,
22313,42003,41797,38961,38235,
22413,37957,41175,41361,37595,
22513,37410,37852,42326,40972,
22613,38888,42680,42034,37374,
22713,42703,39407,39345,41673,
22813,41048,39938,39742,42068,
22913,39874,42530,40894,37562,
23013,43774,39774,37780,38420,
23113,42372,37022,39082,40600,
23213,39432,39202,42948,38786,
23313,42332,41378,39728,38262,
23413,36860,40126,45074,40072,
23513,39712,44796,41824,35624,
23613,36283,42153,45223,39541,
23713,39145,40979,42497,40227,
23813,40982,38052,40012,42738,
23913,44107,39177,37175,39841,
24013,43486,42428,36572,37666,
24113,36998,44096,41966,38056,
24213,38925,42891,40519,41117,
24313,41993,41701,38697,41829,
24413,42963,46343,37729,35277,
24513,38299,39715,42095,42171,
24613,39067,41311,41179,41079,
24713,39288,42026,40666,39996,
24813,37942,41792,42106,39500,
24913,40443,43241,39677,38739,
25013,36208,43324,44300,38448,
25113,39415,39687,40633,41301,
25213,37625,40363,42633,39543,
25313,39034,39082,41176,41216,
25413,39288,39108,41748,42668,
25513,37647,42731,43359,39551,
25613,37672,42358,42178,38348,
25713,37574,42368,42822,39036,
25813,40092,41850,41412,40806,
25913,37402,36780,44100,45046,
26013,37837,41669,43103,39719,
26113,37522,41574,43220,38936,
26213,36216,38760,43676,41352,
26313,39360,38372,41604,42096,
26413,44672,38638,36780,41710,
26513,38007,40261,43119,40097,
26613,33330,38886,46524,41012,
26713,43135,40335,38445,40705,
26813,45258,38516,36390,42400,
26913,37067,36885,43675,44553,
27013,34437,40447,45805,40091,
27113,36433,48505,44211,31571,
27213,38211,38663,43137,41221,
27313,37243,38323,44673,41269,
27413,39383,40977,41991,38765,
27513,39564,41526,42030,38140,
27613,38375,40221,42439,38345,
27713,40208,37494,42112,42134,
27813,36319,39313,46403,39917,
27913,40121,37239,42675,41945,
28013,44370,39812,38902,38248,
28113,40490,38574,42710,39150,
28213,36738,39100,46010,38432,
28313,41149,39223,41087,38873,
28413,41438,39936,41332,40014,
28513,39291,40227,43461,39781,
28613,41088,35816,40014,42570,
28713,40214,37800,41038,39700,
28813,40172,37392,43564,39116,
28913,42794,38228,42370,38432,
29013,41101,39097,42573,38681,
29113,40660,39072,42576,39464,
29213,40970,40176,40660,37430,
29313,40492,37972,41556,39568,
29413,39876,38010,42182,39516,
29513,39743,38315,43007,40339,
29613,42078,39462,39812,39028,
29713,41377,39059,40643,39501,
29813,37934,37722,43920,41620,
29913,37824,39022,43260,39514,
30013,42666,40712,39022,38020,
30113,41523,39815,40633,39125,
30213,38157,40671,43863,38933,
30313,39394,39910,41136,39944,
30413,39162,38532,40730,41392,
30513,40391,38989,40279,40537,
30613,38919,40543,42397,40201,
30713,37610,41180,43636,40026,
30813,39964,40030,40506,40276,
30913,39514,40550,40430,39886,
31013,37751,42115,42485,39365,
31113,38211,41201,44705,43055,
31213,39149,38453,42585,44469,
31313,37084,39402,43374,41576,
31413,38782,43218,41342,38426,
31513,39927,42375,40681,40025,
31613,37265,38027,42453,44443,
31713,36203,39377,43111,42093,
31813,41200,40480,37870,39450,
31913,38659,41807,41165,38477,
32013,38486,41626,43420,39204,
32113,38800,40558,42992,40706,
32213,39149,38181,41003,41043,
32313,38482,39966,41030,38882,
32413,37001,39263,42525,40111,
32513,35789,40209,44611,40115,
32613,41366,42324,39170,38500,
32713,41041,40733,39025,39713,
32813,36599,40129,44319,41353,
32913,38542,40870,41502,39878,
33013,40766,40644,39070,40036,
33113,39622,41480,40294,39624,
33213,37327,41385,42147,39521,
33313,38029,40579,42173,41603,
33413,39399,40357,40285,42451,
33513,40610,40016,39850,42792,
33613,37187,41119,43679,42171,
33713,38107,42787,41231,38443,
33813,38001,41255,41041,40255,
33913,38631,39873,41749,41351,
34013,37279,40627,43641,41057,
34113,37612,40778,42648,40914,
34213,39325,40321,41047,41091,
34313,39890,40226,40754,40582,
34413,39238,39620,41142,41408,
34513,36659,41711,44197,40933,
34613,38675,42193,40939,40673,
34713,41132,41858,37086,39860,
34813,35830,40560,41808,41510,
34913,35813,40611,41885,42479,
35013,35817,40677,41317,41705,
35113,38159,41251,39641,41797,
35213,38235,41107,40765,42961,
35313,36985,40211,41889,44331,
35413,38227,41613,40587,42789,
35513,38841,41287,38443,41309,
35613,37211,41721,39201,40411,
35713,38277,39477,39573,42713,
35813,39554,40226,39956,43456,
35913,39799,43225,40547,41321,
36013,37143,43281,40799,39417,
36113,37392,41278,40668,40978,
36213,36800,40514,41020,41794,
36313,38228,40818,40832,42810,
36413,38668,42118,40102,41832,
36513,39665,41849,38681,41665,
36613,38009,42079,40287,41693,
36713,38624,42146,39570,42384,
36813,36674,42684,40284,41762,
36913,39620,39632,37138,43922,
37013,38396,41138,38952,42794,
37113,37055,42393,40427,41413,
37213,38600,41140,39212,41568,
37313,37776,40568,41224,43040,
37413,37840,44114,41608,40050,
37513,42812,44938,35190,37864,
37613,42036,41858,36536,41630,
37713,36646,41320,42650,42300,
37813,34361,42505,44427,39795,
37913,38955,42025,40351,41297,
38013,42235,41173,37489,41811,
38113,37699,41335,41809,41277,
38213,38944,41308,40796,42052,
38313,39401,42005,40427,40659,
38413,39191,41409,39859,40917,
38513,38683,41049,40361,41963,
38613,38256,42386,40706,40516,
38713,37328,41238,40882,41540,
38813,35928,42006,40776,42126,
38913,39208,42674,37208,43586,
39013,40299,40719,37515,44307,
39113,38301,42215,39519,41809,
39213,36268,42392,40676,41364,
39313,36537,41371,42029,43555,
39413,37408,43886,41682,42012,
39513,38812,40800,39408,43384,
39613,39717,41693,37623,42059,
39713,36224,42088,40434,41518,
39813,36818,42984,40818,41728,
39913,40515,40501,37109,44087,
40013,37993,44009,40343,41611,
40113,35114,42930,42224,41616,
40213,35323,41915,41247,42727,
40313,39685,43081,38003,43103,
40413,38908,42186,37826,43492,
40513,35813,41005,40565,44281,
40613,37530,43002,40364,43104,
40713,36826,46348,40726,38844,
40813,37528,41848,40916,42936,
40913,36730,39928,41416,43954,
41013,37290,43338,40140,41396,
41113,37441,43595,39707,41373,
41213,39607,40821,38181,44607,
41313,37754,42748,39778,42596,
41413,36670,44578,41834,41794,
41513,39180,41538,38940,44250,
41613,38695,41725,39025,42859,
41713,37977,42707,40427,41377,
41813,38146,42426,40942,41910,
41913,39416,42606,39558,40864,
42013,39679,42479,40163,41563,
42113,37326,42548,41238,40472,
42213,38382,41818,40758,42266,
42313,38835,41691,40085,42101,
42413,38543,43291,39977,40765,
42513,37938,41572,41168,42906,
42613,38822,40982,40490,43910,
42713,38252,41666,40764,42382,
42813,39231,41119,39557,42705,
42913,39006,42632,40792,41622,
43013,34386,43800,46022,40408,
43113,39103,43229,40527,41449,
43213,40467,38185,38359,45657,
43313,36679,41873,40485,40863,
43413,36537,41051,40305,42767,
43513,39582,44540,37810,40844,
43613,37864,43756,41144,42352,
43713,35375,41705,42899,43533,
43813,38828,42168,38282,42422,
43913,40307,43261,38089,41367,
44013,36244,43056,43270,42930,
44113,34817,41785,44477,43785,
44213,40258,41778,38662,43778,
44313,39296,44282,39448,41238,
44413,34854,42718,42886,41286,
44513,39056,38996,37676,43664,
44613,39801,42149,38347,41559,
44713,39010,41388,37212,41178,
44813,34123,41589,43689,41943,
44913,37253,41987,40275,41341,
45013,41565,44315,37635,40441,
45113,38588,42724,41826,43730,
45213,37211,41959,43955,44823,
45313,40795,41997,38693,44455,
45413,42756,42086,35224,42818,
45513,35696,41318,41030,42512,
45613,38367,39263,38551,44247,
45713,38190,42714,40486,41694,
45813,35231,42941,42515,40501,
45913,35079,40495,42285,42877,
46013,40153,41517,37145,41773,
46113,39209,42481,40013,43053,
46213,36801,43979,43965,41659,
46313,38914,40082,41014,45034,
46413,39747,39891,39713,43777,
46513,42092,41720,38694,42946,
46613,36895,43199,42619,40595,
46713,36308,41202,41650,42080,
46813,40083,39945,36745,42779,
46913,37634,41420,40356,42530,
47013,37069,42837,40977,43061,
47113,38177,45569,39043,43031,
47213,37534,45612,39790,42056,
47313,36791,42901,39179,43305,
47413,36004,42342,39434,41748,
47513,36398,43208,39496,41694,
47613,37261,42031,39533,41707,
47713,39157,41613,39743,43507,
47813,37847,43963,43123,42207,
47913,37958,43544,42514,41936,
48013,40314,41528,40296,43582,
48113,38017,42917,41759,42331,
48213,36786,44972,40332,39086,
48313,41067,40609,36655,43189,
48413,36782,42636,41896,40882,
48513,34669,45641,43881,38097,
48613,40933,42063,39151,40841,
48713,38287,43033,41717,39591,
48813,38068,42588,42236,39068,
48913,40085,41009,40375,40295,
49013,43062,37796,37260,42566,
49113,36986,43670,44858,38146,
49213,37835,42371,44539,40459,
49313,40086,40972,42370,42044,
49413,41555,41199,39833,41325,
49513,38489,43175,41529,37899,
49613,37801,42125,42049,38261,
49713,40907,42101,40421,39943,
49813,43945,40981,37987,40543,
49913,36277,42429,44973,37989,
50013,37895,40073,43375,41521,
50113,45382,36698,32118,42478,
50213,37835,40243,40695,39723,
50313,35237,41623,44787,41737,
50413,46273,30883,23861,45359,
50513,33645,39287,41809,41599,
50613,34586,42884,43692,42362,
50713,45728,39418,35576,46282,
50813,41744,42704,38792,41796,
50913,35884,42364,45942,41854,
51013,37617,42879,44523,42553,
51113,42859,41765,38617,42279,
51213,44547,39731,34837,42109,
51313,39736,39894,38822,41116,
51413,36707,42461,44945,39407,
51513,41553,38599,39999,41829,
51613,41716,40394,40056,38130,
51713,39194,43272,44114,35820,
51813,39062,39718,43728,39584,
51913,42684,40280,40420,40916,
52013,39827,42065,41557,39143,
52113,36074,39578,42782,40278,
52213,39747,39177,40383,41661,
52313,40245,40955,40885,41103,
52413,39449,42799,41239,39977,
52513,37162,44006,43954,39662,
52613,35172,42458,44332,40510,
52713,39093,42675,40901,40527,
52813,40913,41617,39247,42339,
52913,36321,43529,42315,38223,
53013,33165,40601,45587,38775,
53113,41423,41179,39257,39901,
53213,42810,38170,37688,41652,
53313,37732,40962,43784,38630,
53413,36622,40750,44364,39448,
53513,39002,39500,41544,41082,
53613,42132,39572,37188,40920,
53713,36446,42046,41892,38452,
53813,34516,41356,43378,39514,
53913,40180,39610,37602,42220,
54013,39408,41890,39192,40906,
54113,37486,43150,40810,41150,
54213,39912,41844,39520,43464,
54313,39822,42242,39368,42980,
54413,35355,41987,43739,42463,
54513,37384,42692,42432,42204,
54613,41328,42318,38412,41278,
54713,40322,41420,39158,41592,
54813,35774,44346,44306,39754,
54913,38881,42683,40189,42211,
55013,40909,41593,36791,41055,
55113,36621,41693,41841,41369,
55213,35974,42744,43574,40748,
55313,37597,41287,41507,41405,
55413,37532,39984,41068,42288,
55513,37125,44471,42137,38959,
55613,36819,43543,43263,39659,
55713,38575,41683,41057,41477,
55813,42411,40495,36313,41969,
55913,36208,43458,41676,38302,
56013,34620,42370,43050,39580,
56113,39606,41074,39522,42422,
56213,41615,42793,39915,42581,
56313,37673,43571,42967,41617,
56413,37639,43169,43053,41043,
56513,38063,42757,42923,41089,
56613,40371,42181,41029,42307,
56713,39014,42330,41250,41630,
56813,37384,42584,42500,40692,
56913,35137,45755,42937,37663,
57013,39085,42071,39929,41655,
57113,38727,42011,39925,40505,
57213,38287,41513,39817,41583,
57313,39649,39605,39009,43081,
57413,40188,44010,39034,39944,
57513,37508,43422,41998,41028,
57613,35870,44854,44470,40414,
57713,39447,44039,41051,42183,
57813,44737,40461,35147,44019,
57913,38632,41920,40496,42248,
58013,36194,43024,43108,40526,
58113,38273,45585,41303,38775,
58213,40279,44085,39731,41473,
58313,38688,42220,40994,42002,
58413,38043,42739,40603,40727,
58513,37686,42188,39314,39556,
58613,38398,41730,39318,40070,
58713,38928,41982,39176,39342,
58813,38378,43030,40252,39596,
58913,38070,42562,41686,40918,
59013,39890,43420,41002,40124,
59113,38982,43300,41382,39576,
59213,38915,42955,42391,40219,
59313,39778,42956,41806,40464,
59413,41057,44337,40307,38823,
59513,39960,42036,40540,41012,
59613,38444,41768,41120,40612,
59713,41593,42483,37663,39917,
59813,39912,41500,38354,40190,
59913,38711,42023,41363,41563,
60013,38949,42713,40667,40647,
60113,39875,42381,39779,40913,
60213,37694,44922,42766,38658,
60313,37558,43908,43530,40664,
60413,42328,42946,40348,42750,
60513,42235,43047,38979,41431,
60613,35392,44580,43758,37990,
60713,37972,43522,41188,39038,
60813,43645,40277,35213,41269,
60913,37839,43703,40263,36971,
61013,36102,42304,43804,39666,
61113,40633,42301,40809,41109,
61213,41952,43248,39306,39254,
61313,39696,45736,42918,37170,
61413,38356,41798,45530,41536,
61513,39164,41600,43698,40690,
61613,41855,44125,40837,37875,
61713,40103,43007,41551,37451,
61813,37915,42673,44187,38625,
61913,40524,43074,42050,38448,
62013,40488,41942,41002,38624,
62113,39503,42401,43885,38855,
62213,40089,42053,43985,39081,
62313,40729,42073,44325,40205,
62413,42446,41232,41902,41100,
62513,43512,39954,38266,39888,
62613,37708,41378,43634,37320,
62713,38283,39731,43403,39923,
62813,41510,41588,40648,38506,
62913,42075,41737,40477,39211,
63013,39528,41330,42358,38732,
63113,36755,42781,44399,37805,
63213,39517,41689,42659,40179,
63313,40716,42938,42640,40174,
63413,42282,42782,40738,39590,
63513,40853,44219,41943,38077,
63613,39146,44494,43100,37616,
63713,41064,41266,41074,41272,
63813,39570,42780,42254,39656,
63913,38896,44440,41926,37570,
64013,38649,41425,42891,41179,
64113,40600,40360,40584,41912,
64213,39965,43947,40937,37907,
64313,38689,43629,43847,39415,
64413,41416,42866,41534,41420,
64513,40158,43004,40576,40098,
64613,39145,42291,41415,40805,
64713,37773,44267,42569,39867,
64813,38158,43478,40810,40174,
64913,37833,42197,40961,41513,
65013,38810,41794,39996,42688,
65113,39755,44315,39549,41829,
65213,39100,43708,39780,42332,
65313,38140,41634,41092,44934,
65413,38091,42881,40347,42617,
65513,33964,45220,43020,39184,
65613,38415,42117,37737,42263,
65713,39615,41977,36995,43405,
65813,35780,44810,41566,42020,
65913,36574,45414,41350,41750,
66013,39238,41978,38480,43864,
66113,39741,42775,38967,43949,
66213,37493,45439,41355,41701,
66313,38033,43119,39413,42943,
66413,37803,44871,40349,41589,
66513,39561,42881,38597,43213,
66613,37166,43340,40474,43080,
66713,37268,43094,40034,42144,
66813,36781,43781,40129,40997,
66913,37031,42067,39525,42453,
67013,37499,44079,39349,41265,
67113,38530,44876,40802,41860,
67213,39659,43413,39937,42839,
67313,37618,45116,42064,42038,
67413,38489,42941,39761,43141,
67513,38530,42312,39458,43692,
67613,35560,43652,41990,42062,
67713,36065,45135,42203,40613,
67813,41926,42558,36542,44038,
67913,37032,43482,40724,42774,
68013,38152,42202,39358,43924,
68113,32150,49170,46608,38568,
68213,33646,46024,43582,39012,
68313,43426,41560,35064,44438,
68413,33320,46134,45234,39964,
68513,29542,48410,45770,35042,
68613,44076,39178,32732,44802,
68713,37162,42682,40478,41822,
68813,32160,48222,44874,36504,
68913,42126,40452,35424,45230,
69013,37991,42929,39097,42271,
69113,33328,46726,43938,39696,
69213,38693,43921,39291,42419,
69313,40521,44369,37951,41327,
69413,35317,44141,42125,40977,
69513,36736,42304,42124,44092,
69613,38664,42468,39584,44344,
69713,38105,43841,39753,42253,
69813,36682,44350,40382,41486,
69913,37738,42138,39346,44914,
70013,37395,43335,39879,43919,
70113,37221,46365,39789,40149,
70213,36574,43716,41250,43888,
70313,36418,43506,41392,43100,
70413,37915,44715,39957,42317,
70513,38197,46387,39905,41239,
70613,38864,41634,38306,44160,
70713,39479,43529,38595,42377,
70813,37524,46494,41518,41084,
70913,39369,43323,40569,44447,
71013,39029,41525,40567,45103,
71113,37107,45163,42673,41889,
71213,37996,43562,40492,42626,
71313,39098,41984,38804,43166,
71413,37262,43862,40672,41152,
71513,37792,43442,38830,40328,
71613,38449,42825,38823,42303,
71713,36294,43602,41584,42060,
71813,38119,45067,40687,42367,
71913,39043,43375,40541,44341,
72013,38445,44273,39211,41611,
72113,38047,44069,39803,42481,
72213,38078,43544,41206,44040,
72313,38565,43943,41597,43855,
72413,39564,44786,40030,42832,
72513,38113,44833,40447,41907,
72613,37859,42787,39413,42793,
72713,39236,43992,38722,42026,
72813,36136,45754,40588,39934,
72913,36830,43942,40802,42394,
73013,38536,43240,37856,42204,
73113,38443,43635,38727,41399,
73213,37279,43023,40353,43357,
73313,37973,42175,40789,44375,
73413,39770,44430,39210,42690,
73513,38483,43951,40315,43279,
73613,38750,43340,39700,43154,
73713,38510,46766,40772,39628,
73813,37836,44202,41954,42036,
73913,38125,42941,41767,43219,
74013,39076,42672,39918,43586,
74113,37169,44689,41283,41727,
74213,37685,44147,39211,41889,
74313,36904,44746,40296,41970,
74413,39048,44332,37938,42782,
74513,37733,44589,40515,43431,
74613,38852,43734,39334,43524,
74713,37647,46251,40325,40505,
74813,38013,45201,41283,41511,
74913,37229,44211,42977,42507,
75013,36975,44023,42385,41965,
75113,39792,45078,39752,41458,
75213,38474,44180,41098,42064,
75313,36707,43673,42761,42435,
75413,40196,46336,39996,40596,
75513,41383,44447,39293,42017,
75613,40175,43401,40697,42123,
75713,42012,43108,39078,42622,
75813,39012,43744,41970,40606,
75913,36727,41701,42885,41455,
76013,38783,45605,41103,37837,
76113,39111,44367,41005,39769,
76213,39036,42774,41184,41878,
76313,39606,44598,40620,40884,
76413,40187,43865,39519,41385,
76513,40569,45747,39277,39643,
76613,37096,42366,41794,42232,
76713,40818,43144,37904,41434,
76813,41408,45608,38924,39680,
76913,38880,42926,42410,41364,
77013,38793,40437,43357,42577,
77113,40426,42818,43458,38102,
77213,41955,39141,43333,39135,
77313,42454,41124,43072,35682,
77413,40061,41437,47417,35625,
77513,48219,33661,39425,42319,
77613,43083,38405,43625,36291,
77713,37390,40606,49658,33366,
77813,42824,37160,42766,36574,
77913,44312,37356,41372,36636,
78013,44906,39964,41006,33908,
78113,35754,38188,49112,34890,
78213,40327,35821,44211,36345,
78313,46621,37453,39981,35533,
78413,42426,39690,45994,34686,
78513,39768,36782,47970,36928,
78613,42318,37186,45536,36428,
78713,44113,37131,43799,36265,
78813,44472,38812,44852,34932,
78913,48353,35875,41489,38215,
79013,44108,37550,45342,36024,
79113,41595,39321,46733,33415,
79213,42108,36284,45874,36330,
79313,45036,37878,42518,35156,
79413,45912,38212,43114,35958,
79513,41907,38547,46807,36371,
79613,44232,39924,45130,36970,
79713,45992,39682,41378,37004,
79813,45526,38346,41688,39152,
79913,42191,40799,43225,37461,
80013,41873,42525,44027,37887,
80113,43638,41198,40276,39596,
80213,35780,40080,48166,40954,
80313,40660,42678,43100,38902,
80413,44255,45603,38251,36395,
80513,42256,43808,39728,38928,
80613,42112,41552,38498,41614,
80713,36926,40654,43726,43354,
80813,40708,44504,40202,40286,
80913,41279,41171,40721,43837,
81013,39877,45209,42165,39081,
81113,41685,43189,39761,41009,
81213,42815,43003,36323,39815,
81313,36711,43541,44361,41515,
81413,37679,42885,43015,41517,
81513,42582,43954,37256,39096,
81613,36103,41285,43807,42389,
81713,37296,41654,42032,41366,
81813,40491,42313,38867,40921,
81913,42047,46251,37109,37401,
82013,35597,41847,43951,42709,
82113,43969,48165,36073,37585,
82213,45595,44709,33841,41399,
82313,41358,47018,37772,39624,
82413,36485,43807,41001,41103,
82513,39999,42553,38233,43367,
82613,40810,43580,35648,41770,
82713,37604,45072,40086,40678,
82813,37844,43258,41214,44336,
82913,36002,41178,45114,47722,
83013,39077,44131,40897,43279,
83113,38902,45214,41708,41708,
83213,39779,40227,41479,46343,
83313,40141,42993,39863,41955,
83413,39004,42920,40520,41916,
83513,38910,41390,41602,43582,
83613,39737,44919,39973,39551,
83713,39308,42940,39952,40800,
83813,35663,41931,43749,41517,
83913,33783,43863,44573,38861,
84013,41568,46102,36920,37302,
84113,39420,42472,38850,41530,
84213,35803,41115,44149,43805,
84313,38702,42644,42434,42132,
84413,42073,43301,40165,41333,
84513,38975,44111,43997,41761,
84613,39621,42197,44959,44423,
84713,40128,44650,43836,40654,
84813,42371,43973,40321,39259,
84913,40396,36344,40860,44592,
85013,39043,39609,44799,41589,
85113,39701,42945,43501,37253,
85213,40491,40327,42893,40077,
85313,40691,38901,43291,41917,
85413,39526,42336,44882,40188,
85513,40615,41437,43175,40865,
85613,40437,43749,43289,39037,
85713,39492,43204,43408,38644,
85813,38849,41215,44783,41481,
85913,39201,41349,43823,40787,
86013,42268,41702,40850,40000,
86113,38223,42421,44993,39427,
86213,37006,42690,46892,40012,
86313,41756,41228,40558,41178,
86413,42400,41892,39680,41328,
86513,37564,43964,44276,39604,
86613,35390,45300,45906,38608,
86713,41896,41864,39744,42124,
86813,42496,42814,40170,41512,
86913,40356,42156,42832,42660,
87013,43380,39852,37866,43334,
87113,39459,41591,41913,40277,
87213,38616,42190,42750,40308,
87313,34578,44694,48484,38932,
87413,40817,40023,42343,44389,
87513,41018,43068,40550,40468,
87613,38050,43394,43696,39864,
87713,39725,42293,40929,40489,
87813,37220,42436,43438,41146,
87913,38779,42687,42301,41697,
88013,36363,43879,44213,40721,
88113,38000,41940,41546,41306,
88213,39225,43967,42351,40425,
88313,36069,43803,44771,40993,
88413,38835,45765,43481,40615,
88513,39803,42583,43711,44459,
88613,40558,42522,41486,42082,
88713,40640,42862,39950,43280,
88813,38203,41517,40779,43133,
88913,40060,43094,38730,40844,
89013,40627,43767,38109,39957,
89113,38981,43911,41105,42151,
89213,39333,42797,40139,42483,
89313,38378,42666,41546,42226,
89413,37747,46367,42539,39687,
89513,38433,41533,42227,44103,
89613,39242,46342,41976,41452,
89713,39525,45759,43205,42311,
89813,41048,46048,42316,41064,
89913,41359,42967,41671,42703,
90013,39189,43319,42011,40929,
90113,36613,40095,42603,41973,
90213,39253,40547,39689,42315,
90313,41070,42344,38286,42240,
90413,35588,44760,43570,38918,
90513,36610,41870,41892,43176,
90613,39074,44728,41850,41976,
90713,39796,43860,40940,43644,
90813,40237,42113,40091,44515,
90913,36090,39024,42810,45808,
91013,39617,42451,39049,42443,
91113,35508,44598,43258,41844,
91213,38586,41770,39796,45016,
91313,38246,43930,39502,42158,
91413,38225,44865,38651,41547,
91513,37968,43950,40370,43060,
91613,39120,44006,39386,42884,
91713,37020,43748,40546,42534,
91813,37726,43370,40370,43102,
91913,39255,43827,38629,43501,
92013,37778,43564,40140,43638,
92113,36689,43689,41139,44079,
92213,36826,43002,41964,44892,
92313,38601,43403,39691,44565,
92413,37191,44811,42297,42625,
92513,38802,41378,41298,46098,
92613,38162,43796,40776,43678,
92713,37862,45650,42046,40350,
92813,39422,39730,40698,43674,
92913,40547,41559,39543,41947,
93013,39582,43544,42662,41324,
93113,37926,43742,43842,42026,
93213,38172,42848,43992,41700,
93313,38131,43587,43151,41747,
93413,37931,42021,43395,41409,
93513,38292,41506,42408,40302,
93613,40628,41756,41716,41340,
93713,38198,41810,43726,40042,
93813,38127,40925,45059,41289,
93913,40148,40948,43052,41176,
94013,40562,40962,42144,41112,
94113,38550,40592,45538,42340,
94213,38645,40915,44559,41649,
94313,41299,41061,40907,41693,
94413,39482,42762,41978,39514,
94513,39011,41799,43085,40909,
94613,40697,41931,42171,42097,
94713,40845,42799,41643,41613,
94813,38181,41971,43179,40489,
94913,40803,43097,41795,40613,
95013,39839,43453,43993,41555,
95113,38201,43267,46259,42109,
95213,41570,40644,41246,42688,
95313,39073,43093,43645,39313,
95413,37379,43507,44931,39323,
95513,40782,39978,42368,43536,
95613,39431,41943,44241,41425,
95713,38856,40442,44424,42622,
95813,37716,40404,43990,42254,
95913,38944,42536,43932,41676,
96013,39449,41277,42513,42373,
96113,38277,42343,43703,39753,
96213,39589,41367,43539,41129,
96313,41470,42212,42720,41062,
96413,39706,42516,44922,40224,
96513,39365,41543,44299,40557,
96613,40951,41607,41157,39661,
96713,39893,40765,41475,40179,
96813,38929,41593,41997,39845,
96913,36999,41163,43995,40871,
97013,40216,41940,41302,41182,
97113,38538,43060,43074,41524,
97213,40549,44353,41107,40215,
97313,40136,43214,42968,42098,
97413,39378,42188,43604,42358,
97513,40728,42872,41504,41460,
97613,41150,43132,41262,40684,
97713,42437,40829,40485,42921,
97813,38537,42949,46765,41997,
97913,40710,44020,45038,42000,
98013,42671,42741,42185,42155,
98113,41402,40908,41934,40872,
98213,39904,42326,43422,39780,
98313,40827,41127,42801,41333,
98413,42500,40390,41924,42674,
98513,40932,41684,42678,40426,
98613,40730,43256,42988,38238,
98713,41578,41584,42844,40574,
98813,41655,41705,43425,40039,
98913,39468,42726,45322,39068,
99013,39485,39269,44751,40891,
99113,41080,40946,42696,39562,
99213,40506,40014,42346,40782,
99313,38103,38919,44335,41579,
99413,39341,41867,43127,40357,
99513,40297,40385,41459,42703,
99613,40132,41026,39458,41516,
99713,37484,42046,40854,41108,
99813,37426,44646,40734,40430,
99913,37845,44199,40197,40115,
100013,35791,44337,42723,43081,
100113,37084,42900,42322,45606,
100213,41304,43968,37778,44210,
100313,39838,45378,40714,44438,
100413,39711,43589,40911,45929,
100513,38739,43713,41919,44649,
100613,37785,42279,42163,43673,
100713,41908,41990,39238,42812,
100813,40892,40506,41546,42424,
100913,37435,42453,42749,39959,
101013,40351,42291,41975,41715,
101113,43171,38915,42333,46121,
101213,41040,42896,43376,41672,
101313,41601,43813,42553,40165,
101413,37438,42260,42144,45746,
101513,38273,42165,43065,43525,
101613,44320,42348,38196,43160,
101713,44741,42321,39559,39739,
101813,37484,42966,45750,40316,
101913,35959,42403,44269,44389,
102013,46861,40957,36477,43181,
102113,43373,45317,41043,41511,
102213,36937,45659,46637,38959,
102313,39969,38191,42453,45923,
102413,44945,38995,39353,41399,
102513,39594,40790,43630,35898,
102613,38429,39033,44983,38507,
102713,39177,38849,43469,40021,
102813,40622,37144,42482,40372,
102913,42423,39227,39059,40175,
103013,41236,37954,40776,40918,
103113,38269,41253,42105,39085,
103213,36296,39786,43196,41714,
103313,41610,41000,39442,40072,
103413,42109,41027,39663,40765,
103513,36230,42338,43754,42142,
103613,36495,45083,42349,40497,
103713,41683,42223,36433,43057,
103813,36642,42318,40966,42154,
103913,38606,40402,42062,41974,
104013,39631,40981,42141,42319,
104113,39340,42798,42080,40886,
104213,40152,42262,42996,40662,
104313,38823,42713,41011,41721,
104413,38941,42791,41489,42047,
104513,37038,44176,42772,42302,
104613,36748,40428,43452,42880,
104713,41966,40740,42056,41174,
104813,41946,41354,39692,41088,
104913,40575,41553,42271,41213,
105013,41470,40692,43312,40830,
105113,40315,42449,44229,38899,
105213,39420,38784,44046,41378,
105313,39300,39814,42098,42280,
105413,38201,41705,42219,40871,
105513,37210,41864,40234,40296,
105613,36319,40457,41343,40937,
105713,38605,42317,38383,40223,
105813,39642,42716,38224,41450,
105913,35348,42624,44766,41618,
106013,38034,42484,43704,44390,
106113,38330,41214,42886,44846,
106213,39415,42543,42057,41665,
106313,37502,44548,45064,41442,
106413,42310,42890,37326,43358,
106513,42041,42097,40503,42447,
106613,36862,42460,45116,41406,
106713,36109,42015,45757,41991,
106813,37998,41956,43260,42778,
106913,39498,40690,41784,43372,
107013,38937,42735,41349,42043,
107113,39150,43240,39374,42112,
107213,40085,40625,42555,42255,
107313,38508,42848,41728,40500,
107413,40717,40171,43437,41635,
107513,39825,41095,43867,41865,
107613,38514,41808,44792,42070,
107713,42708,38598,41686,41528,
107813,40231,42551,43521,37753,
107913,36006,40260,46980,39530,
108013,39174,40166,41536,40492,
108113,43042,40082,38772,40720,
108213,39146,41858,40588,39516,
108313,36243,43249,41903,39433,
108413,37642,40188,42678,41932,
108513,42061,43489,39559,40327,
108613,39764,43512,41086,41158,
108713,39049,42361,42577,43129,
108813,37573,43483,43965,42487,
108913,39516,42812,41276,42816,
109013,38003,41899,41231,42107,
109113,38509,42335,41899,40465,
109213,37650,44122,43356,39348,
109313,40046,41924,42350,41772,
109413,39550,42018,42538,42370,
109513,39967,41821,40859,42089,
109613,42418,41714,40910,43490,
109713,39483,42499,44077,42921,
109813,36333,43605,42789,41641,
109913,39351,42387,39437,42769,
110013,38244,43514,42998,41100,
110113,37022,42942,41710,42630,
110213,38379,41713,42539,43465,
110313,38358,42668,42496,42206,
110413,41155,41163,39993,43773,
110513,37547,43145,40823,42289,
110613,36603,44247,41505,41961,
110713,39382,43646,40960,42856,
110813,40035,43797,41785,43031,
110913,37641,42963,45601,42439,
111013,37931,43157,45607,40725,
111113,38920,44630,42466,42372,
111213,39697,42371,42757,42823,
111313,39781,42277,40317,41521,
111413,40092,43242,39498,41420,
111513,37322,42910,44104,42048,
111613,38449,41131,42673,41739,
111713,39013,41473,40751,41931,
111813,38472,42712,42204,41988,
111913,39198,43042,41496,41432,
112013,37628,41986,42284,41782,
112113,38771,43383,41033,42129,
112213,40087,42637,39489,42723,
112313,36952,43090,41892,43438,
112413,35398,45064,43400,41786,
112513,39750,42198,38622,44534,
112613,38794,43624,43320,43226,
112713,39948,42300,41214,44190,
112813,41161,43713,40167,43095,
112913,39497,43755,42461,39735,
113013,37302,41316,42820,41358,
113113,37622,43722,40324,40484,
113213,37824,44092,42404,40468,
113313,39527,41545,40669,44295,
113413,37649,45551,43495,41493,
113513,39244,43290,42020,43874,
113613,36981,43585,43819,42911,
113713,38845,43211,40507,43165,
113813,39377,44431,40753,42475,
113913,38205,42997,41263,40819,
114013,37841,41089,39743,42499,
114113,37560,43576,40696,39944,
114213,37839,45323,42299,39835,
114313,38830,41720,39842,45344,
114413,39756,43954,40660,43610,
114513,36345,43923,42899,44733,
114613,35349,45393,43851,42171,
114713,36540,45258,41732,42306,
114813,39609,43649,39159,42895,
114913,38310,45112,42198,42204,
115013,38021,42915,42199,43361,
115113,40168,40700,38006,43662,
115213,37083,42745,39813,41991,
115313,36299,44495,42249,40073,
115413,37976,44888,40266,43618,
115513,34759,45237,43569,41731,
115613,35160,43226,44168,42170,
115713,38379,43719,40327,46087,
115813,41313,45249,38235,43403,
115913,35697,44247,44769,40803,
116013,40770,38886,40138,45122,
116113,38432,43778,38548,41542,
116213,33457,45531,42765,39543,
116313,36879,43273,42911,43373,
116413,39486,45326,39800,42368,
116513,38501,45421,41081,42577,
116613,38061,43491,42393,43911,
116713,38383,44353,40181,43407,
116813,38127,43363,43175,40751,
116913,40126,42468,41754,41904,
117013,41910,41078,40432,43324,
117113,40280,42570,41406,40952,
117213,38891,43101,41045,40927,
117313,37201,42951,42315,42225,
117413,35567,42667,42751,43747,
117513,36370,43788,38856,42254,
117613,37855,42457,39425,43091,
117713,36877,43853,41763,42439,
117813,35548,48300,41848,42944,
117913,41025,42951,39471,46353,
118013,40763,40991,38807,46079,
118113,34136,44764,43858,39946,
118213,34997,46805,42395,39639,
118313,40963,41987,36361,44309,
118413,36999,43663,37251,41263,
118513,39108,43492,39840,40824,
118613,36874,44876,44376,42442,
118713,40084,44056,41402,44302,
118813,40872,42908,39650,44438,
118913,35430,46148,44554,41896,
119013,34829,44755,44065,42819,
119113,41246,42280,37366,44544,
119213,38288,42310,39438,43968,
119313,32457,46339,44641,39495,
119413,40093,42359,37931,42857,
119513,39707,42771,37993,41681,
119613,34752,43792,42720,41748,
119713,37256,44450,41380,41170,
119813,40405,43703,39679,42213,
119913,39938,43894,39380,41380,
120013,37835,44781,41521,42331,
120113,34502,44986,44402,42098,
120213,40796,41996,37130,42990,
120313,41573,43821,38131,42171,
120413,36670,46050,42792,39720,
120513,38043,43233,41259,42357,
120613,44346,42458,35526,42870,
120713,38903,44205,41401,41603,
120813,37613,43661,43209,44073,
120913,40285,43993,41589,42689,
121013,42719,44017,38209,40463,
121113,42127,43269,39163,39581,
121213,36170,43454,43856,39932,
121313,41427,42537,38751,42001,
121413,42597,42685,37239,41871,
121513,34969,45365,44469,40805,
121613,35446,43136,45476,43174,
121713,43834,41100,37304,43898,
121813,40032,45494,40894,39904,
121913,39579,44645,41835,39737,
122013,42462,42388,39118,42264,
122113,40571,43275,39683,40207,
122213,35391,44429,43779,38137,
122313,37426,41744,40542,40648,
122413,42054,42296,37472,41702,
122513,39012,43412,40492,39944,
122613,34051,43183,45121,38925,
122713,37465,41781,41593,40697,
122813,39588,43842,40364,39526,
122913,35788,44940,43962,38534,
123013,37626,41482,41970,42586,
123113,42114,43276,38524,40486,
123213,39353,43591,40409,39059,
123313,36717,43263,44135,40297,
123413,38081,40839,42519,42321,
123513,45777,41317,35279,42151,
123613,40586,43220,39650,39840,
123713,32104,44472,47490,37994,
123813,43474,40960,36402,42500,
123913,45130,38508,31708,41038,
124013,35110,45142,45084,36836,
124113,37805,43771,43349,39903,
124213,43008,42218,39076,41630,
124313,42583,43133,40153,41363,
124413,40863,44181,41193,40227,
124513,40481,42191,41085,41731,
124613,39221,44303,42247,38929,
124713,40230,42682,42164,40840,
124813,43694,40558,38230,42770,
124913,36652,44240,43640,37684,
125013,37876,43678,42274,38556,
125113,42165,40161,38277,42033,
125213,38123,44611,42231,38295,
125313,36837,44089,43205,38933,
125413,38995,41925,40635,42113,
125513,44763,42341,36423,42345,
125613,39018,45010,43070,40258,
125713,40274,42428,40764,41630,
125813,39364,42896,38848,38876,
125913,37400,44334,42076,39870,
126013,38222,44118,42248,42296,
126113,40024,43710,40250,42248,
126213,39202,43866,40510,41622,
126313,39637,42543,39649,41755,
126413,39691,41245,39071,41629,
126513,36521,43037,41835,39463,
126613,37149,42677,41755,40343,
126713,42691,41319,36955,42391,
126813,40809,45937,41049,39333,
126913,35748,44604,44744,39784,
127013,39347,42341,41305,41931,
127113,43454,42748,36858,40960,
127213,39437,45701,42651,40867,
127313,36122,44098,45472,42676,
127413,43180,40840,37898,44994,
127513,39900,42280,39366,41770,
127613,33325,45195,43419,38361,
127713,36750,41182,39824,42604,
127813,43213,41735,35793,43535,
127913,35888,44114,41806,40144,
128013,34477,45453,45659,40167,
128113,38510,43204,43114,43448,
128213,40584,43642,40614,42844,
128313,38059,45617,43891,40669,
128413,36760,42522,43984,42894,
128513,40725,41645,39861,43333,
128613,41588,46176,37534,38410,
128713,33521,46483,44903,37809,
128813,38209,39713,37829,43725,
128913,35964,45942,42096,40082,
129013,36978,46120,43518,40888,
129113,43375,40849,35385,44819,
129213,37131,46353,43345,40415,
129313,33997,46049,45421,40389,
129413,40217,41555,39547,44865,
129513,42535,44373,37003,42541,
129613,28468,49442,47984,37318,
129713,35003,44219,40793,41641,
129813,42587,40965,35059,45789,
129913,37826,48412,41520,40378,
130013,32262,47924,46120,40962,
130113,38479,42337,39439,44625,
130213,38572,43982,39604,43262,
130313,38965,45485,39529,42145,
130413,38073,44025,39739,43823,
130513,37380,45022,39372,42178,
130613,37411,44297,38773,41939,
130713,37183,44993,39607,42025,
130813,38252,44076,39092,43228,
130913,37051,45245,40841,43395,
131013,38070,44740,39642,43276,
131113,42540,42202,35368,45554,
131213,40567,43259,38251,44431,
131313,31945,47401,46473,41145,
131413,37277,45567,39587,40933,
131513,48342,41212,28598,44468,
131613,33555,45057,40911,41641,
131713,34569,44567,42175,44477,
131813,46382,43924,31924,45262,
131913,40392,45804,38108,44528,
132013,28804,44920,46294,41654,
132113,38703,43637,37375,44093,
132213,44005,42525,32613,44281,
132313,35997,45131,40395,42625,
132413,36211,41515,40119,45539,
132513,40309,44111,36683,42905,
132613,36177,44815,40467,41209,
132713,34367,42731,41615,42539,
132813,37337,42689,40313,43273,
132913,42293,44233,36567,42515,
133013,35893,44487,42315,41501,
133113,33605,43033,45679,44347,
133213,41458,41262,38076,45264,
133313,42376,44510,38560,42310,
133413,37200,45238,43980,43334,
133513,34725,43945,46199,43983,
133613,39024,42666,40070,43564,
133713,40559,44413,38223,40949,
133813,35544,44224,43428,41204,
133913,35703,43779,44367,42571,
134013,39848,43408,40018,43242,
134113,41028,43852,38724,42672,
134213,31898,45172,46590,41276,
134313,39481,41099,39949,46075,
134413,44993,43421,35393,44541,
134513,34313,47181,45219,40227,
134613,33588,45010,45820,43230,
134713,44870,41220,34800,46838,
134813,39542,44866,39490,42446,
134913,30935,45723,46427,40811,
135013,39160,40944,38448,45988,
135113,43823,43005,34455,44213,
135213,35673,45941,43903,41839,
135313,36979,43787,42333,43849,
135413,41849,41355,37757,44691,
135513,37800,46300,40238,38962,
135613,37478,44040,43750,42628,
135713,39779,43343,43087,43795,
135813,40201,45199,43495,40249,
135913,39713,43279,41395,40861,
136013,35714,43276,43456,37926,
136113,38151,42061,40501,39979,
136213,40852,41878,39928,41562,
136313,37918,43372,42886,40368,
136413,35677,43297,45869,40453,
136513,39733,42391,43127,40909,
136613,42258,40988,41540,41786,
136713,41361,42855,41819,39893,
136813,37546,43640,45594,39368,
136913,38805,41337,44525,40397,
137013,41320,42564,41906,39454,
137113,40899,42103,41825,38501,
137213,39591,41665,42029,38919,
137313,37121,40923,44399,39185,
137413,38615,43481,44137,36891,
137513,36293,43531,47229,37115,
137613,41452,40532,43160,40248,
137713,42277,42735,43333,39391,
137813,40848,42160,43708,39168,
137913,39568,42076,42818,39534,
138013,40814,40562,40532,40768,
138113,37499,43793,43749,37879,
138213,36933,43839,43967,38833,
138313,40942,43104,40790,40656,
138413,36768,44880,45810,39370,
138513,37861,44021,44099,39419,
138613,41293,40563,38927,41157,
138713,38254,44426,42700,37992,
138813,38172,45374,43986,39168,
138913,40772,40940,41034,41266,
139013,39360,43566,42784,39578,
139113,37936,43936,44360,40180,
139213,38731,44039,43597,39993,
139313,40496,43096,42732,40888,
139413,38657,44171,43367,39133,
139513,36365,42769,43403,37671,
139613,37963,42687,41829,37485,
139713,40044,42186,41508,39742,
139813,40268,42466,42940,40682,
139913,39880,42008,42710,39618,
140013,39897,40479,42501,40319,
140113,40546,42774,42186,38114,
140213,37054,44334,46420,37872,
140313,39121,41967,43729,39843,
140413,42661,39709,40613,42773,
140513,40002,42506,42280,39008,
140613,40763,42455,42873,40045,
140713,42199,41635,42453,41889,
140813,39408,46024,46950,38330,
140913,39239,44245,45189,38807,
141013,43204,40482,40418,41104,
141113,38164,41750,43962,37756,
141213,38155,42185,44973,37799,
141313,40347,39319,42375,39495,
141413,41098,40220,42290,37804,
141513,39425,40771,44851,38177,
141613,38943,41869,44339,36829,
141713,42045,42345,41969,37629,
141813,39330,41592,44534,38700,
141913,37918,41702,44522,38658,
142013,43881,40173,38787,40827,
142113,41247,43639,41279,37943,
142213,36285,44987,45971,37717,
142313,38569,41905,43003,40575,
142413,39935,43849,41983,39821,
142513,39304,45808,42690,38506,
142613,39905,42597,41413,41309,
142713,39720,43352,41468,40616,
142813,40236,43780,40268,40556,
142913,39775,42813,39985,40603,
143013,37158,43860,41632,39338,
143113,37529,44269,42407,40275,
143213,40394,43030,39090,41602,
143313,38808,44244,39898,40362,
143413,37668,44034,40474,40580,
143513,36821,44063,41215,41205,
143613,37676,44724,40818,41702,
143713,39156,44366,39304,42062,
143813,37550,45134,40966,41422,
143913,38597,44893,40259,42423,
144013,40574,44404,39454,43444,
144113,37864,45174,40800,41442,
144213,37224,44264,39610,41338,
144313,38881,44287,37939,41213,
144413,36394,46272,40266,39212,
144513,37014,44902,39610,40526,
144613,39706,43510,37446,42234,
144713,36467,44265,40119,41785,
144813,37664,42932,39494,43506,
144913,36745,45305,42113,43277,
145013,38280,45598,40404,42890,
145113,37815,44417,39473,42987,
145213,41240,45200,37124,43684,
145313,41514,45404,37318,42864,
145413,33039,45077,44521,42315,
145513,36481,44397,41001,41593,
145613,39353,43287,38655,41513,
145713,39078,44084,40118,40756,
145813,38954,43130,40774,41706,
145913,40883,45405,38885,40687,
146013,40370,42238,40458,42522,
146113,38156,43004,42614,42078,
146213,40459,42445,39919,41837,
146313,42958,40902,38200,44128,
146413,40236,44978,40838,40440,
146513,40036,42700,40558,41434,
146613,41279,42789,39455,40509,
146713,38345,44963,42591,39361,
146813,41667,42843,39365,42485,
146913,42707,40215,39499,45679,
147013,39809,44539,41345,41463,
147113,40429,44127,41593,40463,
147213,40852,42146,41726,42504,
147313,41273,42079,42445,43111,
147413,40569,45027,42815,39893,
147513,40160,43646,42334,40540,
147613,39553,39603,40635,41949,
147713,38142,43480,43012,38190,
147813,37936,41730,45514,40664,
147913,44621,42173,39091,40579,
148013,42497,42515,41849,40695,
148113,37038,43904,46260,40174,
148213,46671,39109,37981,43159,
148313,45200,41556,39480,39260,
148413,34485,45463,50057,35039,
148513,38703,40695,45729,40153,
148613,46913,40145,37915,41691,
148713,43783,41929,42711,40217,
148813,34851,43961,50379,39077,
148913,38878,43246,46812,41276,
149013,47997,38041,34787,43035,
149113,42791,39825,40253,39283,
149213,32340,44340,50500,35992,
149313,39160,41082,44850,40512,
149413,49137,39155,35101,42171,
149513,36280,44570,47940,36310,
149613,32600,43638,49806,39524,
149713,42871,39567,39585,41897,
149813,43882,41156,39838,41152,
149913,37351,42907,46777,39449,
150013,36912,41642,46318,39752,
150113,44532,38482,39194,43052,
150213,43622,40764,38984,40122,
150313,36189,42525,46573,38145,
150413,37601,41647,45909,39783,
150513,41697,40017,41905,41545,
150613,40874,41010,43256,41064,
150713,36511,43669,46069,39323,
150813,37901,42383,44327,40317,
150913,40159,41787,42473,40577,
151013,39693,42857,42473,40653,
151113,40532,42314,42914,42256,
151213,38807,45127,43801,40237,
151313,39869,42233,42159,41567,
151413,39587,42003,42863,41475,
151513,39152,42832,43310,40478,
151613,38569,44327,44285,39379,
151713,36989,42435,45347,42265,
151813,39984,42786,44020,42582,
151913,41016,42478,41750,42180,
152013,39503,43059,42451,40091,
152113,36668,43024,43488,38960,
152213,39762,41446,40970,41814,
152313,42203,42663,39219,41143,
152413,35823,46889,46185,38347,
152513,36480,43644,46240,42608,
152613,42667,40063,39045,45289,
152713,36989,46691,43127,38965,
152813,37627,43859,43053,43133,
152913,39579,41127,41667,46487,
153013,37517,44165,43093,41849,
153113,37082,44972,42174,40428,
153213,38883,40249,39563,44237,
153313,39223,42513,38269,40723,
153413,35965,46021,42453,38585,
153513,37162,43974,42098,41650,
153613,40848,42336,39584,45112,
153713,38558,44342,41938,41754,
153813,37817,45069,42631,41663,
153913,38053,42781,42521,43429,
154013,39995,42371,39823,43407,
154113,40151,43603,40075,42399,
154213,37580,44998,40820,40010,
154313,37940,42016,38936,42576,
154413,38561,43635,39467,41681,
154513,38507,44331,40205,42877,
154613,39998,43774,40218,43426,
154713,40432,43184,39474,43898,
154813,37953,42829,41375,44131,
154913,38494,44868,39920,42102,
155013,38326,44544,39674,43260,
155113,40582,43376,36280,42826,
155213,36623,43631,39627,42407,
155313,35684,44228,42180,42416,
155413,42546,43876,36182,44204,
155513,38477,44685,39931,43535,
155613,35094,43848,42686,42972,
155713,40429,42185,37033,44829,
155813,38906,46176,38036,40938,
155913,33350,47566,43686,40126,
156013,38167,42381,39455,44817,
156113,40411,43639,37617,42881,
156213,35994,45934,41954,39966,
156313,36057,45879,43109,41199,
156413,39344,43968,40188,42700,
156513,39210,42658,40308,44032,
156613,38534,43720,40572,42218,
156713,39079,43733,40679,42413,
156813,35807,44859,42207,40687,
156913,37029,44671,39781,40055,
157013,40843,44055,36625,41073,
157113,32532,47572,44766,38414,
157213,37031,43529,40367,42349,
157313,40870,43072,37206,43192,
157413,37357,45603,41947,42101,
157513,35583,45389,43235,42181,
157613,39644,44020,39340,44160,
157713,41493,43773,38047,44291,
157813,37399,44979,40783,42659,
157913,37942,42686,39796,44472,
158013,38530,42398,38800,42964,
158113,37761,43139,38793,41771,
158213,37138,44042,40826,42450,
158313,39916,42928,37528,43796,
158413,35857,44941,41465,40993,
158513,39694,43312,38586,43340,
158613,39413,42783,40387,44585,
158713,38801,44893,42057,43257,
158813,38249,44819,41877,42151,
158913,39749,42545,40385,43961,
159013,36609,44895,42987,39677,
159113,39538,43182,39578,40622,
159213,39415,42117,40171,42173,
159313,37398,44010,41952,41400,
159413,35479,43699,44021,41885,
159513,42575,41769,36573,43787,
159613,37058,45356,41310,38512,
159713,33891,45333,45713,38675,
159813,40480,43208,40038,42186,
159913,43722,42682,39430,44266,
160013,39448,44966,43264,42090,
160113,41069,42239,40639,43009,
160213,40451,42107,39967,42231,
160313,38662,45150,41488,39468,
160413,34540,45052,44534,39402,
160513,37673,44189,41863,40619,
160613,39306,41064,39246,44040,
160713,39701,43199,39625,41503,
160813,37868,46132,43274,40662,
160913,38410,44058,42966,43358,
161013,40619,43891,41993,42769,
161113,40414,46274,43122,41358,
161213,40257,44737,42613,42793,
161313,39381,42957,41925,42121,
161413,42837,41743,38515,42297,
161513,36550,43036,44112,39606,
161613,35896,42588,43652,38080,
161713,40730,42554,40362,39334,
161813,43734,41094,39008,41808,
161913,36787,43747,45767,38983,
162013,39280,43552,43502,39854,
162113,44766,41152,39316,43686,
162213,41559,46239,42983,38987,
162313,40613,43307,42913,40759,
162413,40183,40845,42037,42231,
162513,42501,41763,39721,41619,
162613,37680,42872,43524,39596,
162713,37233,44189,43043,37391,
162813,38431,44113,42685,38491,
162913,41308,42350,40360,40110,
163013,38577,43551,43849,39439,
163113,40058,43742,42378,39990,
163213,38754,44726,43376,39020,
163313,40200,42368,40814,40606,
163413,38106,44566,42574,39178,
163513,38543,44227,42143,39811,
163613,38871,43089,42831,41225,
163713,39020,43958,42770,40884,
163813,38182,44624,44470,40188,
163913,39433,41327,42763,43745,
164013,41399,42909,40731,41085,
164113,40198,44386,42016,41192,
164213,38808,45756,45442,40894,
164313,38206,42234,45490,42230,
164413,41309,41007,42587,41797,
164513,42125,42177,40983,39283,
164613,39737,42921,41893,38013,
164713,38922,39942,42454,41266,
164813,40776,41696,41308,40016,
164913,40733,42631,42765,40571,
165013,38474,41378,44206,41886,
165113,40577,42251,44465,40763,
165213,43462,41224,42268,41830,
165313,41387,43835,43895,40139,
165413,37014,44076,48452,38994,
165513,39593,41129,45259,41155,
165613,43996,38722,40422,42056,
165713,40289,45115,45651,36941,
165813,35425,43977,49131,37547,
165913,40298,41596,43144,39426,
166013,40163,40415,43393,40109,
166113,38276,41662,45080,39458,
166213,39560,41632,43708,40928,
166313,39833,42503,42617,40227,
166413,37965,43195,45351,41785,
166513,39615,43273,43905,41667,
166613,38718,44448,43978,40352,
166713,39635,41315,41299,41999,
166813,42267,41475,39347,41647,
166913,34840,43612,46244,40128,
167013,37588,44540,45198,41250,
167113,44768,41354,39102,45148,
167213,38229,45585,43043,40039,
167313,35317,45187,44275,41385,
167413,39768,42932,40258,43050,
167513,41870,41886,38656,44676,
167613,39137,44661,41801,42233,
167713,38673,43997,42943,41651,
167813,39639,44079,42277,42361,
167913,39985,43777,41427,42287,
168013,37885,44717,42483,40331,
168113,37352,43478,43242,40936,
168213,39529,43841,40819,41519,
168313,39608,43268,41626,41598,
168413,39648,43108,41488,41668,
168513,39223,45073,41479,39869,
168613,38214,42504,42874,42060,
168713,38694,43628,42242,40196,
168813,37871,45379,43723,39027,
168913,40026,42116,41706,41424,
169013,41197,44751,42827,40041,
169113,42257,44119,42589,41047,
169213,41969,41609,44269,44005,
169313,37812,45934,45782,37768,
169413,39357,40495,43249,40691,
169513,42090,40402,39080,40104,
169613,39930,42816,41534,38560,
169713,38658,43402,43518,38106,
169813,41138,41228,41282,41476,
169913,43360,41552,39938,41474,
170013,39554,44398,43846,37810,
170113,40429,42481,43515,40887,
170213,42498,40580,42826,43312,
170313,42461,42403,42339,42089,
170413,39890,42918,43720,39968,
170513,36787,43171,45839,39619,
170613,43846,39864,38286,41684,
170713,43524,39160,37246,40842,
170813,36178,43492,45324,36934,
170913,40056,43744,43162,39978,
171013,49531,40345,35303,44521,
171113,40925,43201,42295,40063,
171213,32828,44400,50054,39638,
171313,36673,44087,45163,40797,
171413,40752,45314,42716,39170,
171513,36870,45914,45276,38080,
171613,37638,42312,42930,40648,
171713,34829,41095,43611,39785,
171813,39728,41164,38800,39304,
171913,39308,42184,38508,38176,
172013,36615,43733,42925,39031,
172113,40997,42061,40763,42431,
172213,43368,42112,38248,42000,
172313,40685,44663,41135,40925,
172413,43208,40202,38534,43616,
172513,41790,41348,39570,42816,
172613,40496,43538,39498,40096,
172713,40614,42612,40152,41710,
172813,37791,43931,42517,39721,
172913,36561,44289,42983,37679,
173013,41135,41571,37425,40437,
173113,41311,40171,38195,42555,
173213,40217,44795,41873,40111,
173313,41640,42810,41278,43824,
173413,40832,42444,41756,43512,
173513,37134,44860,44150,39868,
173613,38105,44745,43255,39403,
173713,41296,41572,38724,41524,
173813,40533,42495,40537,40887,
173913,39075,44417,42539,40381,
174013,38799,41667,43131,43347,
174113,32610,50414,48526,32494,
174213,35757,45061,43993,37837,
174313,35875,44453,46689,39331,
174413,40584,41052,42738,43850,
174513,40260,44820,43910,39790,
174613,41904,41046,41628,41338,
174713,43165,41315,40107,41637,
174813,38438,42548,44156,40302,
174913,33494,45728,47212,36766,
175013,43960,40342,36496,41714,
175113,44162,40840,36126,42256,
175213,34523,44789,44545,38623,
175313,36576,43252,41508,40112,
175413,36577,45927,43653,40023,
175513,41628,43142,40168,43310,
175613,38750,44618,41578,40846,
175713,39332,41954,40778,43236,
175813,34276,44720,43538,39338,
175913,40707,43201,37457,40847,
176013,33795,41071,43803,42167,
176113,31272,48924,46776,35196,
176213,35062,45780,42340,37706,
176313,41093,40891,38187,43561,
176413,38276,46390,42496,40878,
176513,41046,42112,40116,43886,
176613,40861,42669,40089,43637,
176713,38714,44020,41932,40570,
176813,43733,40309,37583,43983,
176913,45411,40439,37327,43819,
177013,35201,47399,45173,37783,
177113,35481,43879,46705,41567,
177213,43652,40932,38426,44350,
177313,47678,39738,33778,47854,
177413,39241,44731,42101,41003,
177513,36810,44114,45704,42396,
177613,37820,42796,44844,42456,
177713,44421,39295,35453,43259,
177813,41582,42380,39812,40222,
177913,38625,42701,43473,41585,
178013,36058,43350,46606,40962,
178113,42306,42138,39510,42434,
178213,37964,46164,43576,37872,
178313,39697,44667,41453,39779,
178413,38204,43440,42756,40304,
178513,40721,42233,40121,41533,
178613,40988,43420,40260,40660,
178713,37824,44748,44136,40428,
178813,39999,42731,41667,42367,
178913,42276,41498,39580,43950,
179013,39223,45551,41777,39225,
179113,42066,42474,37922,41690,
179213,38736,45058,41224,38218,
179313,36537,44979,43309,38355,
179413,40137,41661,40165,42037,
179513,40182,41510,40014,41678,
179613,37633,45523,43403,38501,
179713,40131,43115,41361,41177,
179813,44418,41592,37586,42604,
179913,30521,51291,52875,33929,
180013,39337,44157,43805,41069,
180113,42121,41431,41143,42409,
180213,42113,43025,40185,39161,
180313,36779,45579,44551,36647,
180413,33796,47560,48390,35682,
180513,46223,39489,37455,44953,
180613,44857,41899,38205,41715,
180713,36235,46479,45907,36531,
180813,37903,43011,43755,40191,
180913,47548,37280,34056,45132,
181013,43219,44739,38899,37479,
181113,39841,44275,42627,38425,
181213,40573,40253,40805,41797,
181313,44005,43323,39373,40319,
181413,38751,47853,44329,35955,
181513,39457,44117,42885,38681,
181613,41843,42349,40487,39897,
181713,41062,42786,40380,39052,
181813,38625,44735,41887,38061,
181913,40058,44002,41886,39794,
182013,39517,43265,43657,41133,
182113,45553,42199,37455,41525,
182213,43527,43473,39287,39297,
182313,35003,46215,47019,36263,
182413,46311,39815,36481,43529,
182513,45482,43914,38980,41204,
182613,42253,44851,41389,40003,
182713,38614,43988,45210,40456,
182813,42802,40320,39724,43994,
182913,42819,43509,39243,40977,
183013,38708,45628,42904,38152,
183113,39209,43499,42947,41405,
183213,40017,43413,41485,41541,
183313,41233,43761,40217,40989,
183413,40119,43631,41033,40441,
183513,39064,44812,43670,39850,
183613,39420,42760,43184,42732,
183713,44099,42225,37263,42389,
183813,41519,42721,39631,41729,
183913,35872,46008,44764,37444,
184013,38093,42107,42001,41135,
184113,35599,46299,44787,38215,
184213,42216,44948,39862,41170,
184313,42744,43384,39882,42258,
184413,38935,44579,44971,41499,
184513,39935,44773,43833,40899,
184613,39839,44313,44035,41481,
184713,40358,42902,42678,42198,
184813,40329,44703,41207,39809,
184913,38801,45043,41747,39729,
185013,39622,41858,40408,43116,
185113,40155,41161,39647,43749,
185213,40526,42794,37468,41408,
185313,40277,42093,37527,43399,
185413,41490,39516,36504,46330,
185513,35342,47578,43764,38604,
185613,39779,46113,39703,40589,
185713,39029,45809,41643,41891,
185813,36247,48259,43293,40061,
185913,40441,44267,38783,44077,
186013,44183,41573,34077,46407,
186113,41696,42970,36230,44904,
186213,37413,46427,40543,41069,
186313,34508,44110,43678,43500,
186413,39500,42944,38658,44842,
186513,43948,42026,34394,45324,
186613,35281,46165,42755,40991,
186713,32093,47939,45389,38631,
186813,36507,46441,40999,40333,
186913,39623,46037,38369,40903,
187013,36158,46150,42238,42310,
187113,41272,44430,37798,45396,
187213,39262,44120,38522,45232,
187313,35142,49252,41508,39918,
187413,37056,45150,38758,43496,
187513,39017,44355,37061,43923,
187613,39587,46857,36785,41443,
187713,35318,47042,42492,42076,
187813,35894,44834,42212,43532,
187913,42884,41210,36018,47196,
188013,41718,45340,37002,42016,
188113,36775,46385,42095,41405,
188213,35396,45628,42776,42456,
188313,42942,41564,35702,46392,
188413,43020,43698,35414,43496,
188513,31502,49872,46824,38238,
188613,36128,44294,42274,42996,
188713,45945,39497,30227,46211,
188813,43572,40196,32000,46060,
188913,39468,44016,38384,43264,
189013,57070,31732,21972,57798,
189113,37872,45318,40892,42934,
189213,40604,45966,38860,43942,
189313,38490,46332,41658,45040,
189413,37999,45573,40721,45259,
189513,35620,46044,42244,43764,
189613,40029,44869,37313,44229,
189713,39559,42383,37029,46105,
189813,35951,45519,40165,43133,
189913,38514,43946,37756,45432,
190013,35121,46683,41145,43047,
190113,39782,45324,36808,44618,
190213,40182,44510,36338,45714,
190313,33270,47814,43004,42060,
190413,33753,48293,42733,41405,
190513,39050,44048,37142,45148,
190613,39995,43173,36127,46585,
190713,38784,44358,37126,44560,
190813,40832,42534,34340,45666,
190913,35555,45931,40531,42619,
191013,35260,45308,40712,43908,
191113,39383,45233,37585,43295,
191213,39760,45236,37490,43614,
191313,38164,45318,39352,43022,
191413,37149,45469,41435,44099,
191513,37565,44119,40621,44559,
191613,49662,36722,28756,50536,
191713,37461,45045,41325,42765,
191813,44539,42079,35113,46241,
191913,44741,43079,34623,45013,
192013,33247,47139,45117,41433,
192113,36861,44263,41459,44401,
192213,33236,46666,45776,42458,
192313,31119,49729,48075,38929,
192413,40563,44507,38337,44793,
192513,43476,42550,34068,45406,
192613,36457,45635,41467,42541,
192713,37480,44752,41108,44036,
192813,38435,43321,39201,44587,
192913,43091,44577,35823,43293,
193013,38597,46273,41243,42543,
193113,39459,43421,40051,44473,
193213,38092,45896,40406,41706,
193313,37549,45647,40491,41241,
193413,37962,44234,40694,42846,
193513,39981,44375,40211,45217,
193613,39008,44862,40670,45220,
193713,40368,45878,38884,44054,
193813,36807,44825,42719,45177,
193913,25904,52012,51878,36674,
194013,40239,44727,36131,41951,
194113,44277,44129,34549,44093,
194213,28950,47766,49882,39678,
194313,43347,41877,35039,46953,
194413,55879,41229,22509,45667,
194513,47910,36438,28954,51306,
194613,30406,44588,49458,45872,
194713,40908,46548,40436,44576,
194813,43609,45429,38383,44611,
194913,38381,44087,41755,43397,
195013,38210,43384,41296,42658,
195113,36298,44806,42212,40784,
195213,36614,45266,42396,39848,
195313,34969,43179,42483,41937,
195413,38023,44211,38663,41139,
195513,39947,45751,37765,41285,
195613,37229,44603,40711,44369,
195713,48531,40931,29859,47611,
195813,38971,42827,36973,45933,
195913,31796,46668,43920,43500,
196013,37934,44898,37736,45692,
196113,37057,45001,37587,45063,
196213,37002,47202,38932,42908,
196313,38054,42356,36652,46498,
196413,38660,45336,37648,44704,
196513,32548,48402,43526,40504,
196613,37244,43960,38702,45246,
196713,39444,43132,35562,45226,
196813,38298,44736,36978,43304,
196913,31556,46418,44614,42392,
197013,39354,44288,38364,46398,
197113,43490,44356,34216,46038,
197213,33103,46403,44271,43843,
197313,34477,44669,42091,44807,
197413,41279,44223,35497,45465,
197513,36997,47339,40335,42293,
197613,36844,43884,40446,44850,
197713,38587,43387,37631,44211,
197813,36905,46263,40575,41913,
197913,35586,44918,41830,43738,
198013,39260,43000,38696,45324,
198113,38240,43836,39732,44608,
198213,35101,45099,43277,44355,
198313,32919,47285,45543,42053,
198413,37956,45076,40304,43636,
198513,36677,45025,42389,41917,
198613,36547,44047,42639,42319,
198713,40178,42394,38422,43458,
198813,39912,45104,39764,41164,
198913,40055,42809,39805,43735,
199013,41363,43995,40135,43759,
199113,38189,44195,41593,42767,
199213,37238,44682,43142,43102,
199313,38547,42999,41837,44333,
199413,38933,42937,40175,42799,
199513,34490,44332,44306,40748,
199613,36993,43065,41381,41937,
199713,40356,43728,38074,41766,
199813,36029,44443,42851,40217,
199913,38981,40139,39323,44705,
200013,40539,42523,39259,43391,
200113,39914,44522,40672,42544,
200213,37541,46015,43529,41919,
200313,36545,44481,45887,43887,
200413,38522,45040,43310,42512,
200513,43300,43698,38268,43774,
200613,40100,42790,40408,44190,
200713,32120,44962,45458,40024,
200813,35501,44771,42431,40637,
200913,39519,45107,40201,43245,
201013,38876,44742,42030,42936,
201113,40560,42336,40676,44476,
201213,37247,41805,42145,42615,
201313,36396,45096,43206,39906,
201413,40985,42189,40133,43341,
201513,41039,40859,38905,44321,
201613,39365,41483,40949,43779,
201713,36414,45582,46256,41132,
201813,39195,44647,43001,41377,
201913,43595,40633,38631,44461,
202013,37816,42118,43848,41330,
202113,36338,42504,45334,40596,
202213,40328,41636,41184,41652,
202313,38629,41951,41179,41705,
202413,35892,44994,45582,40448,
202513,39987,43603,41115,43355,
202613,38648,44588,41320,42300,
202713,38612,43254,40752,42150,
202813,33225,47741,45483,38815,
202913,42862,41726,36650,45390,
203013,42616,40150,35518,45068,
203113,33436,45752,45602,41418,
203213,33984,44894,45924,42170,
203313,38372,44152,39828,42204,
203413,41301,44291,38359,42309,
203513,42387,41979,38139,43815,
203613,37648,44166,42056,42570,
203713,36724,44978,43034,40668,
203813,40244,40886,39708,43998,
203913,41357,42103,38501,43139,
204013,40374,44150,41438,40826,
204113,36698,46182,45788,40744,
204213,39174,43154,43678,44566,
204313,42678,43366,40710,43526,
204413,41245,44731,41923,41585,
204513,35106,44710,46534,41022,
204613,38234,42666,42932,41852,
204713,40465,43445,39291,39643,
204813,37428,43020,41596,40852,
204913,40870,41172,39302,42712,
205013,43389,41261,37085,44433,
205113,38736,44676,43068,43044,
205213,38356,45588,43696,43140,
205313,42147,44235,39475,44583,
205413,42796,42324,37994,45850,
205513,35725,45301,44133,42677,
205613,34637,45531,44517,43379,
205713,42759,42965,37021,45407,
205813,43610,43300,34476,43354,
205913,33138,45956,44500,39270,
206013,37631,43383,41225,42473,
206113,41251,41511,37793,44361,
206213,38997,43477,40101,42257,
206313,37207,43221,39763,42577,
206413,39467,40931,38475,44019,
206513,37100,45372,42548,41432,
206613,38137,42593,40193,44097,
206713,39935,42515,39423,43951,
206813,36751,44105,42093,42975,
206913,37312,44944,41696,41888,
207013,40754,42610,38406,44454,
207113,40175,43107,38821,44021,
207213,36539,45709,43387,41017,
207313,41316,42220,38036,44372,
207413,41757,41299,37855,44697,
207513,35540,46246,44332,40038,
207613,36514,44142,44976,41628,
207713,40429,41975,41047,43817,
207813,38477,43985,42787,42231,
207913,37069,43875,44109,42351,
208013,36047,44677,44333,41771,
208113,42693,41259,37025,44079,
208213,38600,42354,41956,42918,
208313,32907,44923,46115,39163,
208413,38584,41454,40276,42178,
208513,41474,43084,39558,41976,
208613,36556,45708,46304,39692,
208713,38797,44781,43259,40915,
208813,40428,40906,40952,44250,
208913,38717,43723,42959,40817,
209013,37073,44597,45277,41241,
209113,38137,43303,43409,42967,
209213,40730,41482,39206,43554,
209313,41373,43679,39473,43135,
209413,37305,45629,43583,41383,
209513,36445,42651,43023,44321,
209613,40623,42485,39319,43433,
209713,39512,43998,39524,41290,
209813,37317,44181,41699,41535,
209913,37964,42376,41958,44770,
210013,39738,41806,40082,43742,
210113,38274,43454,41372,41012,
210213,39368,43762,40906,42244,
210313,37291,43419,44019,41867,
210413,41603,42033,40639,42913,
210513,40456,43716,43778,41918,
210613,39599,44929,43929,40699,
210713,40537,42127,41603,41665,
210813,39090,43232,42496,39846,
210913,36391,45481,44459,38453,
211013,38013,43225,42327,39531,
211113,40470,42712,40252,41270,
211213,39876,42764,40638,42890,
211313,36220,45768,44314,40838,
211413,36871,43397,43931,42857,
211513,40508,39858,40478,45668,
211613,41160,44072,39738,41246,
211713,36928,46428,43768,39348,
211813,38010,42128,43412,42794,
211913,40779,41069,40091,43929,
212013,35125,48295,45131,37409,
212113,36493,42567,45165,41559,
212213,41537,41101,37423,45203,
212313,39670,46280,37276,40866,
212413,35744,44626,42260,42314,
212513,33556,45262,44890,42812,
212613,41303,42173,37705,45735,
212713,39628,45174,39904,44250,
212813,35819,45073,44075,42141,
212913,36218,44446,42468,43936,
213013,42376,39906,36694,44376,
213113,40982,41636,36660,43094,
213213,37138,44306,43236,39908,
213313,34927,45199,44131,41331,
213413,40892,43166,42018,43792,
213513,43206,42290,40466,45138,
213613,39292,46418,41360,41930,
213713,36220,42900,45378,41862,
213813,38647,41615,40799,42711,
213913,40910,42194,41202,40850,
214013,38822,43498,46540,38388,
214113,41471,41343,41791,41543,
214213,40072,44620,45218,38682,
214313,39792,43012,44174,39330,
214413,40427,43321,40109,42931,
214513,39874,42838,40772,42680,
214613,37794,44296,44758,39400,
214713,36248,42746,43900,39418,
214813,36206,42238,41332,41336,
214913,36692,44772,42100,40996,
215013,36731,44269,44721,40003,
215113,39374,43096,41116,43314,
215213,41895,42809,39363,43881,
215313,38920,44244,40866,42186,
215413,36735,46911,42413,41449,
215513,38231,45797,41643,42193,
215613,39318,41522,41832,45772,
215713,41519,42517,38257,43007,
215813,40899,44345,38249,40463,
215913,38633,42027,41315,41269,
216013,35547,44183,45031,38883,
216113,41771,44273,41631,42937,
216213,42274,46774,43070,45206,
216313,39685,47949,46285,42305,
216413,39813,42299,41313,42583,
216513,41564,39320,36822,38794,
216613,36665,37773,36453,35265,
216713,33212,36380,40572,33400,
216813,37917,36213,40989,38301,
216913,40484,40992,42548,38736,
217013,43365,43867,42915,40965,
217113,45311,42577,42345,45203,
217213,42032,46586,46210,43864,
217313,41941,46521,45457,42485,
217413,40573,43541,43099,42831,
217513,40404,42998,40722,42172,
217613,40184,42880,38410,42118,
217713,35529,42865,45051,39935,
217813,40248,41846,40982,39872,
217913,42562,41398,37780,40992,
218013,41429,44501,39829,39137,
218113,37918,43466,45288,39440,
218213,40899,43171,40351,41995,
218313,44040,41392,37792,43256,
218413,42037,42539,42161,40023,
218513,41205,42933,42187,41503,
218613,40188,42640,41638,42318,
218713,38283,42661,42947,42121,
218813,41285,41583,43241,40215,
218913,43959,42243,40163,40799,
219013,41433,43331,44001,39931,
219113,36819,43007,48887,39291,
219213,40797,42659,46155,39709,
219313,47263,40015,40179,42991,
219413,41772,43376,43398,39758,
219513,43080,41104,41878,41414,
219613,40302,43768,42284,40694,
219713,42310,44308,40938,38768,
219813,40952,41988,43812,40440,
219913,41713,41217,42011,39371,
220013,41119,41005,43517,39491,
220113,44200,41098,41436,39454,
220213,43453,38601,41847,42683,
220313,36765,45167,47917,35223,
220413,41693,41613,43183,39119,
220513,42913,38861,42741,41617,
220613,42234,42218,45930,40154,
220713,41806,42122,45626,39174,
220813,39153,43935,47637,37507,
220913,42201,40237,43459,40719,
221013,40373,42757,45237,39401,
221113,41659,42793,43383,40529,
221213,42188,43916,42450,39854,
221313,41840,43076,41172,40360,
221413,43857,40225,39877,40769,
221513,38631,42305,47061,38119,
221613,39355,43873,45497,38631,
221713,46893,37713,37509,44481,
221813,43369,41897,39613,40761,
221913,37721,46057,44515,38547,
222013,40788,43816,40456,41100,
222113,39724,43012,42370,40622,
222213,40561,41845,41563,40299,
222313,40285,43239,42851,38333,
222413,40358,42294,43194,41402,
222513,42207,44177,40999,40253,
222613,41053,43993,43527,38547,
222713,43198,41922,41710,40926,
222813,42219,42385,42267,39157,
222913,41599,43445,42635,38829,
223013,37135,45549,46769,37923,
223113,40614,43382,44738,40730,
223213,39221,44233,46083,39911,
223313,42898,42814,42434,40186,
223413,43573,41135,40451,41045,
223513,40355,43909,43515,39985,
223613,40572,44460,41242,40454,
223713,43449,41979,38123,41557,
223813,41913,41737,39139,41531,
223913,38240,45606,43412,38638,
224013,40718,43304,40636,39762,
224113,43735,40111,38945,41533,
224213,39201,43157,45615,39751,
224313,38986,45626,46156,38412,
224413,41207,43145,43237,40835,
224513,42775,40947,40513,41673,
224613,39493,44537,43981,38621,
224713,38677,45197,44237,38109,
224813,43101,42527,40321,41571,
224913,41558,42994,42240,40600,
225013,40143,43589,44053,38879,
225113,40233,41713,42823,39235,
225213,41137,40263,41763,40489,
225313,43142,41432,40146,40808,
225413,41683,42383,41087,39635,
225513,38737,42713,43911,40675,
225613,36242,45884,46524,38726,
225713,43551,41137,40551,44005,
225813,43655,42907,40807,42795,
225913,38490,43094,44948,42208,
226013,39866,44456,44306,41468,
226113,40950,43982,42828,40480,
226213,41676,42536,41230,40938,
226313,38963,43657,44037,39411,
226413,39172,42526,43062,39948,
226513,43133,42431,40641,41447,
226613,42149,43241,43069,41373,
226713,37480,45334,47396,37686,
226813,42315,42377,42067,41017,
226913,42735,42263,40207,42063,
227013,39692,46576,43606,38070,
227113,41137,41329,41603,41799,
227213,39815,41571,42109,40577,
227313,36557,45367,46289,37567,
227413,41182,43374,41490,41062,
227513,36084,46968,45224,40460,
227613,39047,43527,42207,42603,
227713,41996,42302,39492,40822,
227813,40604,44300,41992,40784,
227913,39367,43637,45963,40949,
228013,38918,42436,44198,40952,
228113,40497,42241,42465,40141,
228213,42052,41890,42800,41226,
228313,41144,43282,43258,39100,
228413,38263,45175,45073,38341,
228513,42061,40663,41769,42947,
228613,40693,41633,45125,40641,
228713,39301,43223,46841,38539,
228813,40821,40117,43579,40159,
228913,39714,43992,43466,39120,
229013,42956,43332,40892,40776,
229113,39892,42888,43810,42670,
229213,37502,45106,45258,41030,
229313,40154,43616,41170,41424,
229413,39572,41944,41282,42122,
229513,39924,44012,41950,41162,
229613,40539,46215,39475,40607,
229713,40752,41694,42044,42926,
229813,38743,42529,42921,43111,
229913,36128,47596,45806,39290,
230013,38723,43513,44125,42891,
230113,40858,43248,42114,42076,
230213,39296,44214,44220,41622,
230313,41084,40012,41584,42908,
230413,41086,41718,41816,40136,
230513,41418,43326,42768,39028,
230613,40900,42318,43198,39636,
230713,39089,42513,44085,41101,
230813,39036,43272,43788,41824,
230913,42181,43493,42255,42355,
231013,40639,43269,42405,43331,
231113,37046,46360,44146,41088,
231213,39435,42845,43543,42133,
231313,43472,43092,40066,43510,
231413,36235,46563,45485,39893,
231513,35578,43514,46172,41104,
231613,42462,40606,37674,42794,
231713,41480,44294,38150,41220,
231813,35935,46517,43705,39091,
231913,36761,44389,42539,42319,
232013,38984,43020,42686,41910,
232113,39423,45363,41177,41573,
232213,37077,42675,40405,39559,
232313,41170,40674,37142,43122,
232413,38877,42467,38777,40807,
232513,39485,45659,41131,43429,
232613,37290,44978,39626,42410,
232713,40961,44115,40833,44419,
232813,40933,44927,37253,41083,
232913,40744,45186,41190,42404,
233013,30954,36570,44924,49456,
233113,38525,46057,40179,43219,
233213,42851,46969,37705,40203,
233313,42096,45570,40184,46034,
233413,37790,41754,43368,48084,
233513,38865,47547,41945,43423,
233613,42329,45335,38667,41617,
233713,42120,43724,36066,41406,
233813,35663,43037,38803,37705,
233913,35279,45425,43439,36941,
