236891,-0.005535035859793425,0.009954354725778103,1.0207167863845825,
236991,0.011418185196816921,0.007308763451874256,1.0116275548934937,
237091,0.01038727629929781,-0.004868127405643463,1.035800576210022,
237191,-0.006981439422816038,-0.005262183025479317,0.9838285446166992,
237291,-0.012661519460380077,0.02774280682206154,1.0120935440063477,
237391,-0.0051447320729494095,0.006337630096822977,0.9966209530830383,
237491,-0.007792822550982237,-0.001966508338227868,1.002220869064331,
237591,-0.022491533309221268,0.0028610187582671642,0.9895594120025635,
237691,-0.005704803392291069,-0.008725822903215885,0.9754053950309753,
237791,-0.006707493681460619,0.0016440879553556442,0.9795080423355103,
237891,-0.01363039668649435,0.040303975343704224,0.9975718855857849,
237991,0.008666171692311764,-0.0035122991539537907,1.013748288154602,
238091,-0.014304321259260178,0.0014562620781362057,0.9997105002403259,
238191,-0.002304363064467907,0.0014416929334402084,1.0098159313201904,
238291,-0.008411440066993237,0.03435424342751503,0.9888232350349426,
238391,-0.020603807643055916,0.0042835259810090065,0.9721441268920898,
238491,-0.011631118133664131,0.008841557428240776,0.9871501922607422,
238591,-0.030662816017866135,-0.0036966060288250446,0.9995896220207214,
238691,-0.014279916882514954,0.036163534969091415,0.9774489402770996,
238791,-0.02594122663140297,0.009912777692079544,0.9969407916069031,
238891,-0.0080032330006361,-0.00505854981020093,1.0012977123260498,
238991,-0.009186027571558952,0.0023049204610288143,0.982485830783844,
239091,-0.02747587114572525,0.0008807343547232449,1.0102955102920532,
239191,0.002668833825737238,1.861084092524834e-05,1.0064518451690674,
239291,0.007539799436926842,-0.006563504692167044,1.0126659870147705,
239391,-0.012430795468389988,0.014315742067992687,1.005908489227295,
239491,-0.018221620470285416,-9.56115618464537e-05,1.004902958869934,
239591,-0.014125794172286987,-0.017079927027225494,1.010216474533081,
239691,0.00446687638759613,-0.0012523429468274117,1.015610933303833,
239791,-0.007448308169841766,-0.005107667297124863,1.0236583948135376,
239891,-0.004885250236839056,0.007698595989495516,1.0067236423492432,
239991,-0.0041485559195280075,0.033345215022563934,1.0233612060546875,
240091,0.0023931683972477913,0.01721061021089554,1.007490873336792,
240191,-0.004447528161108494,0.0035455110482871532,0.9987623691558838,
240291,0.0035969794262200594,-0.003089103614911437,1.0461641550064087,
240391,-0.01112026534974575,-0.007517671212553978,1.0230395793914795,
240491,-0.007668860722333193,-0.005749627482146025,0.9914634823799133,
240591,-0.0025774261448532343,0.0013963894452899694,0.9913896918296814,
240691,-0.018185917288064957,0.009390536695718765,0.9866079688072205,
240791,-0.007886799052357674,0.021062955260276794,0.9889571070671082,
240891,0.0010155949275940657,-0.030811872333288193,0.9661728739738464,
240991,-0.008165867067873478,0.006732521113008261,0.9994134306907654,
241091,-0.005792233627289534,-0.005774253513664007,0.9904731512069702,
241191,-0.012799788266420364,0.02392224594950676,1.0229753255844116,
241291,0.011520729400217533,0.0035963025875389576,1.0516669750213623,
241391,0.0020013279281556606,-0.006964306812733412,1.032443881034851,
241491,-0.008373918943107128,-0.0004198035749141127,1.0182267427444458,
241591,0.0028729084879159927,-0.008221030235290527,0.9785997271537781,
241691,0.0048790802247822285,0.018605729565024376,0.982964813709259,
241791,-0.008011736907064915,0.007490534335374832,0.9927482604980469,
241891,-0.012937737628817558,-0.02537565678358078,1.011702060699463,
241991,0.008614390157163143,0.0029019671492278576,1.0235439538955688,
242091,0.01283919345587492,-0.013150036334991455,1.0182875394821167,
242191,0.01354463305324316,0.029926886782050133,0.9938948750495911,
242291,-0.006820664741098881,0.0004745646729134023,0.9962440133094788,
242391,0.00015279732178896666,-0.007202010601758957,0.9634262919425964,
242491,0.0037381532602012157,0.0066671366803348064,0.9966134428977966,
242591,-0.014563280157744884,0.0017581640277057886,0.9986335635185242,
242691,0.0045677111484110355,0.01646457053720951,0.9804250597953796,
242791,0.0005799767095595598,-0.012142954394221306,1.009136438369751,
242891,-0.0010255150264129043,-0.011164533905684948,1.0207221508026123,
242991,-0.00014704136992804706,0.0016896335873752832,0.992020845413208,
243091,0.0029928504955023527,-0.014058546163141727,1.0057494640350342,
243191,-0.01236526295542717,0.01505300123244524,1.0088932514190674,
243291,0.0036325869150459766,-0.010130160488188267,0.9981703758239746,
243391,-0.01984516717493534,-0.008769930340349674,1.020533561706543,
243491,-0.019539758563041687,-0.01760048419237137,0.986657440662384,
243591,-0.00798435416072607,0.0010388395749032497,0.9765602350234985,
243691,-0.006494499742984772,-0.0043501113541424274,0.9890753626823425,
243791,-0.0006608769181184471,0.020177161321043968,1.0069323778152466,
243891,-0.004485498648136854,0.007459983229637146,1.0215325355529785,
243991,-0.0029638949781656265,-0.004637132864445448,1.0110206604003906,
244091,-0.008691534399986267,0.009644385427236557,0.9999117255210876,
244191,-0.005424329079687595,-0.001982352463528514,0.993330180644989,
244291,-0.023805510252714157,-0.021458841860294342,1.0023400783538818,
244391,-0.0027098131831735373,-0.01110897772014141,0.9949498772621155,
244491,-0.005104730371385813,-0.001751353731378913,0.9731146693229675,
244591,-0.007258853409439325,0.005716319195926189,0.9642329812049866,
244691,0.0026354698929935694,0.02548334002494812,1.0044044256210327,
244791,-0.0035178549587726593,-0.0031089666299521923,0.9711122512817383,
244891,0.022504549473524094,-0.021877752617001534,1.0021705627441406,
244991,-0.005174136254936457,0.00817321427166462,1.0080500841140747,
245091,0.0020015963818877935,-0.009139442816376686,1.002832055091858,
245191,-0.0009594319271855056,0.013124438934028149,0.9745254516601562,
245291,-0.0051984041929244995,-0.008123919367790222,1.0299031734466553,
245391,-0.002422745106741786,-0.0004735513939522207,1.0063865184783936,
245491,0.011802378110587597,0.002236094791442156,0.9939641356468201,
245591,-0.012409849092364311,-0.0026271967217326164,1.0132120847702026,
245691,-0.004591519944369793,0.020933115854859352,0.9833270311355591,
245791,-0.005977742839604616,0.008723171427845955,1.000083327293396,
245891,-0.006449590437114239,-0.015131375752389431,1.004091501235962,
245991,-0.002455816138535738,0.006481910590082407,1.001175045967102,
246091,-0.0040807523764669895,0.011775047518312931,0.9959299564361572,
246191,-0.0075500356033444405,-0.012988305650651455,0.9487202167510986,
246291,-0.0021141001489013433,-0.008533618412911892,0.9847890734672546,
246391,-0.018720237538218498,-0.0032757658045738935,0.9976677298545837,
246491,-0.0026598048862069845,-0.00652732327580452,0.985161304473877,
246591,0.010104176588356495,-0.008366960100829601,1.027017593383789,
246691,-0.011773377656936646,-0.0011392245069146156,1.0098258256912231,
246791,0.01409902609884739,-0.01017700880765915,1.012764573097229,
246891,-0.008582414127886295,-0.005317683797329664,0.999279797077179,
246991,0.0021285717375576496,-0.00523938937112689,1.0019984245300293,
247091,-0.004728749394416809,0.002861379412934184,0.9686630964279175,
247191,-0.004969997797161341,-0.012536643072962761,0.9883854389190674,
247291,-0.0012404251610860229,0.012404653243720531,0.9867880344390869,
247391,0.00101472286041826,0.011783352121710777,1.0140457153320312,
247491,-0.007529263850301504,-0.010325233452022076,1.033497929573059,
247591,-0.001062875147908926,-0.01301832590252161,0.9831380248069763,
247691,0.005187146831303835,-0.007602885831147432,0.9795377850532532,
247791,0.014854671433568,0.004406867083162069,0.9817783832550049,
247891,-0.0041062901727855206,0.000785373558755964,0.9939720630645752,
247991,-0.013105867430567741,-0.009481656365096569,0.9932230710983276,
248091,-0.0024707536213099957,-0.0014809785643592477,1.0020992755889893,
248191,-0.003735526464879513,0.01386141125112772,0.9894956350326538,
248291,0.0046362136490643024,0.025111038237810135,1.0012781620025635,
248391,-0.016059599816799164,0.003838856006041169,0.9813910722732544,
248491,-0.0018060014117509127,0.01763288863003254,0.9983406066894531,
248591,0.007465755566954613,0.020760878920555115,1.0194435119628906,
248691,-0.0026428557466715574,0.018881475552916527,0.9982550740242004,
248791,0.0002978163829538971,0.0016928322147578,1.0020922422409058,
248891,-0.0061014206148684025,9.133006824413314e-05,1.0206531286239624,
248991,0.0014494203496724367,0.013336524367332458,1.0002508163452148,
249091,-0.010280944406986237,0.0001790542301023379,1.020561933517456,
249191,-0.004979678895324469,-0.0002248734381282702,1.0291486978530884,
249291,0.0008465916034765542,0.029408331960439682,0.9884349703788757,
249391,-0.011108958162367344,0.010980290360748768,0.9811696410179138,
249491,0.028350355103611946,0.00990903377532959,1.0029150247573853,
249591,0.006329204887151718,0.011276967823505402,0.9884020686149597,
249691,0.015878157690167427,0.025025559589266777,0.9999614953994751,
249791,-0.004774939734488726,-0.012404625304043293,1.0088249444961548,
249891,-0.01627759449183941,0.0002909471222665161,1.0442724227905273,
249991,-0.0028843728359788656,0.0316615030169487,0.9883119463920593,
250091,-0.004301639273762703,0.026093976572155952,0.9935893416404724,
250191,-0.008262014016509056,0.01625760830938816,0.9842150211334229,
250291,-0.011359256692230701,-0.006002071313560009,1.0064524412155151,
250391,-0.006195252761244774,-0.0028730102349072695,1.018579363822937,
250491,-0.00014057062799111009,0.007798611186444759,1.0009186267852783,
250591,-0.0004162952536717057,-0.01071089319884777,1.009722113609314,
250691,-0.011800576001405716,-0.022806819528341293,1.0145063400268555,
250791,0.0015280729858204722,0.005762927234172821,1.015949010848999,
250891,0.003157383995130658,0.07127712666988373,0.9940049648284912,
250991,0.014896545559167862,-0.003188634291291237,0.9971623420715332,
251091,-0.0061329021118581295,0.009494595229625702,1.004897117614746,
251191,-0.008492846041917801,-0.008102837018668652,1.0084831714630127,
251291,-0.005846796091645956,-0.02030758373439312,1.0402361154556274,
251391,0.013637788593769073,0.0023883602116256952,1.02033269405365,
251491,-0.008088868111371994,0.004438155796378851,1.0071440935134888,
251591,-0.007846260443329811,0.025486625730991364,0.996039092540741,
251691,-0.017482485622167587,-0.0005715474835596979,0.972002387046814,
251791,-0.015390206128358841,0.01380437146872282,0.9838383197784424,
251891,-0.0032932243775576353,0.002644528402015567,1.0108256340026855,
251991,-0.0049284677952528,0.007559109944850206,1.0038472414016724,
252091,-0.011053826659917831,0.0006909257499501109,0.9867382049560547,
252191,0.005241612903773785,0.005301800090819597,0.9949353337287903,
252291,-0.009304598905146122,0.0008867427823133767,1.0082149505615234,
252391,-0.011653009802103043,-0.00021283220848999918,0.9942359328269958,
252491,-0.011997772380709648,0.0030289464630186558,1.0095233917236328,
252591,-0.008585968986153603,-0.0038154898211359978,1.0022826194763184,
252691,-0.0020026087295264006,0.009223969653248787,0.9819470643997192,
252791,-0.013266532681882381,-0.011141112074255943,1.0090968608856201,
252891,-0.010943674482405186,0.03334899619221687,1.0038195848464966,
252991,0.015668708831071854,-0.011615479364991188,1.026688814163208,
253091,-0.0022925962693989277,0.018710341304540634,1.000173568725586,
253191,0.013788782060146332,0.021793019026517868,0.9921537637710571,
253291,-0.0013518520863726735,-0.014771746471524239,1.0160692930221558,
253391,0.01687881350517273,-0.015875091776251793,1.0404207706451416,
253491,-0.0044004893861711025,0.00501945149153471,1.0140557289123535,
253591,-0.018505005165934563,0.005497937090694904,1.0069917440414429,
253691,-0.01658213883638382,-0.01938476599752903,0.9844088554382324,
253791,-0.004729351028800011,0.00848030298948288,0.9777610301971436,
253891,-0.003967500291764736,0.00198196480050683,1.0200785398483276,
253991,-0.010366182774305344,0.011032693088054657,1.0243611335754395,
254091,-0.004021619446575642,-0.004423229023814201,1.0111756324768066,
254191,-0.005175875034183264,0.0005524259177036583,0.9895904064178467,
254291,0.0018550087697803974,-0.0001980202941922471,0.9929542541503906,
254391,-0.004097132943570614,-0.0012469415087252855,1.0081583261489868,
254491,0.0067566982470452785,0.02717234566807747,0.9807833433151245,
254591,-0.004992676433175802,-0.0036627687513828278,1.0033752918243408,
254691,-0.0025979517959058285,-0.0015526985516771674,0.9971782565116882,
254791,0.01905396394431591,-0.012089741416275501,1.0290950536727905,
254891,-0.012020406313240528,0.014143753796815872,1.0085852146148682,
254991,0.004333635326474905,-0.0034863597247749567,1.009493350982666,
255091,-0.018341073766350746,0.008536684326827526,1.0424727201461792,
255191,-0.0047830455005168915,0.010298075154423714,0.9897811412811279,
255291,-0.021692095324397087,0.005064359400421381,0.9812811017036438,
255391,0.0012964456109330058,-0.003406051080673933,1.0055290460586548,
255491,-0.0035580522380769253,0.002019876381382346,1.0071707963943481,
255591,-0.0031310017220675945,0.01961681991815567,1.0310766696929932,
255691,-0.00449947128072381,0.021938368678092957,0.9952458143234253,
255791,0.0027860405389219522,0.033001456409692764,1.0032823085784912,
255891,-0.007040789816528559,-0.0032115636859089136,1.0017977952957153,
255991,-0.005526185501366854,0.015890754759311676,0.996512770652771,
256091,-0.009108942933380604,0.004463620949536562,0.9928317666053772,
256191,-0.005210419651120901,-0.00420332932844758,0.9930641055107117,
256291,-0.00797456968575716,0.02059962972998619,0.9899811744689941,
256391,-0.006292744539678097,0.010031920857727528,1.009421467781067,
256491,-0.01490548625588417,0.010934896767139435,0.9862096309661865,
256591,-0.01629461534321308,-0.015496496111154556,0.9916523694992065,
256691,0.0029844457749277353,0.013143472373485565,0.988189697265625,
256791,-0.00013059329648967832,-0.011973380111157894,0.9853926301002502,
256891,-0.003065877826884389,0.0053364369086921215,1.0047999620437622,
256991,-0.0048336065374314785,0.011213457211852074,1.0028239488601685,
257091,-0.011243442073464394,-0.008678215555846691,0.9820092916488647,
257191,-0.004588470794260502,0.006930038798600435,0.9841160178184509,
257291,0.00023176151444204152,0.009266072884202003,1.0054986476898193,
257391,0.002947468776255846,-0.008687526918947697,1.016008973121643,
257491,-0.00011530692427186295,0.011163905262947083,1.0200806856155396,
257591,0.017280753701925278,-0.004363907501101494,1.0310314893722534,
257691,0.010852130129933357,-0.01324110385030508,0.9901494383811951,
257791,-0.004595750477164984,-0.01966654323041439,1.009481430053711,
257891,0.0008921648841351271,0.026401376351714134,1.002748966217041,
257991,0.007586094085127115,0.009137843735516071,1.0183054208755493,
258091,-0.0036596031859517097,0.010325404815375805,1.013859748840332,
258191,-0.01954719051718712,-0.0008369795395992696,1.0111898183822632,
258291,-0.001169151859357953,0.004657692741602659,0.9941998720169067,
258391,0.006032331846654415,0.0010197384981438518,1.0115361213684082,
258491,0.008302967064082623,-0.0019232240738347173,1.0293265581130981,
258591,0.00045631814282387495,-0.0026587664615362883,1.012110948562622,
258691,-0.024462411180138588,-0.03375055268406868,1.0177044868469238,
258791,-0.007603983860462904,-0.0060535031370818615,1.0141226053237915,
258891,-0.004314822144806385,-0.014020755887031555,0.9956240057945251,
258991,-0.0008436515927314758,-0.005967240314930677,0.9967868328094482,
259091,-0.014427335932850838,-0.017959659919142723,1.0048974752426147,
259191,0.010189387015998363,-0.004390640649944544,1.0025438070297241,
259291,-0.017608700320124626,0.007485419046133757,0.9993690848350525,
259391,-0.01634143479168415,-0.0024396826047450304,1.0020506381988525,
259491,-0.006009360309690237,-0.002590315882116556,0.9924924969673157,
259591,0.0008674819255247712,0.012497714720666409,0.9980623722076416,
259691,-0.005835152696818113,-0.004792478401213884,0.9890862703323364,
259791,0.0012920070439577103,-0.011307629756629467,1.011590838432312,
259891,-0.005893820431083441,0.0038791338447481394,0.987606406211853,
259991,-0.007660685572773218,0.014778798446059227,0.9862414598464966,
260091,-0.0068851956166327,-0.008143613114953041,1.0209201574325562,
260191,-0.017309604212641716,-0.004190144594758749,1.006738305091858,
260291,-0.009482952766120434,-0.002722297329455614,0.9955631494522095,
260391,-0.004912311676889658,0.00531387934461236,1.012657642364502,
260491,0.0024690197315067053,0.022232500836253166,1.0058456659317017,
260591,-0.009172520600259304,0.056904006749391556,0.9874823093414307,
260691,-0.013367547653615475,0.002270385157316923,0.9965441823005676,
260791,-0.00283904024399817,0.004931529518216848,1.0087571144104004,
260891,-0.004908107221126556,0.0025368095375597477,0.9677876830101013,
260991,-0.011222205124795437,-0.00010668751929188147,0.9937757253646851,
261091,-0.008761214092373848,0.0028032304253429174,1.008023977279663,
261191,-0.0034185312688350677,0.0004617270897142589,1.000351905822754,
261291,-0.0009856728138402104,0.004514183383435011,0.9914298057556152,
261391,0.010528325103223324,0.0387478806078434,0.9980466961860657,
261491,0.001958908047527075,-0.020092420279979706,0.990955114364624,
261591,-0.012964366003870964,0.007725411560386419,0.9801046848297119,
261691,0.0054078372195363045,0.03909724950790405,1.0153772830963135,
261791,-0.00750360731035471,-0.0035260533913969994,1.010926365852356,
261891,-0.008140706457197666,0.02967154234647751,1.0185784101486206,
261991,0.008976641111075878,0.014657867141067982,1.0074776411056519,
262091,0.003408947493880987,0.08774252235889435,0.9740981459617615,
262191,0.00038366980152204633,-0.0029019908979535103,1.0032598972320557,
262291,-0.002514506224542856,0.005810268688946962,0.9992080926895142,
262391,-0.010710353031754494,-0.003112895879894495,1.0047329664230347,
262491,0.0027151561807841063,0.0006007094052620232,1.0172885656356812,
262591,-0.003962278366088867,-0.004021533764898777,0.9908216595649719,
262691,-0.015726985409855843,-0.005022611003369093,1.0072945356369019,
262791,0.0003563000063877553,-0.012443325482308865,0.9965638518333435,
262891,0.0012711152667179704,-0.007239873055368662,1.0192584991455078,
262991,0.0002494910731911659,0.019500352442264557,0.9930471181869507,
263091,0.002966224914416671,-0.003566268365830183,1.0225183963775635,
263191,-0.00457677012309432,0.01722792163491249,0.9957778453826904,
263291,-0.010526329278945923,-0.003602514509111643,0.9886446595191956,
263391,-0.003485589986667037,0.003609313629567623,0.9936334490776062,
263491,-0.002774756634607911,0.012327375821769238,1.0182677507400513,
263591,0.008261872455477715,-0.00022699098917655647,1.022118091583252,
263691,-0.016717541962862015,-0.016966382041573524,1.0043199062347412,
263791,-0.013742472976446152,-0.0023392357397824526,1.00456964969635,
263891,-0.00989441480487585,0.005125837400555611,0.9819241166114807,
263991,-0.0010402182815596461,0.014909904450178146,0.992214560508728,
264091,-0.007395458873361349,0.028952863067388535,0.9957147836685181,
264191,-0.0038627120666205883,-0.0026166553143411875,0.9992630481719971,
264291,-0.00818896945565939,-0.015351316891610622,1.013412356376648,
264391,-0.017150893807411194,0.0023854400496929884,0.9852644801139832,
264491,0.0017768610268831253,-0.008763550780713558,1.019988775253296,
264591,-0.014669657684862614,0.0074312034994363785,0.9671539664268494,
264691,-0.014184043742716312,-0.005019059404730797,0.9878315925598145,
264791,-0.00540126021951437,0.030880019068717957,0.998104453086853,
264891,-0.004535785410553217,-0.006292812526226044,1.0268498659133911,
264991,-0.015578321181237698,-1.1366340913809836e-05,1.0029082298278809,
265091,-0.008657758124172688,-0.00421916926279664,1.0000941753387451,
265191,-0.007486989255994558,0.009118807502090931,1.0033583641052246,
265291,-0.0051954654045403,-0.006388868670910597,1.0022156238555908,
265391,-0.007810307200998068,0.006621198263019323,1.0259265899658203,
265491,0.001367892837151885,0.009170139208436012,0.9861207604408264,
265591,-0.01763889193534851,-0.00045173056423664093,0.9732601642608643,
265691,-0.004283191170543432,-0.004205476958304644,0.9900726079940796,
265791,-0.014682185836136341,-0.01785227470099926,0.9674814343452454,
265891,0.004948570858687162,-0.004970413167029619,1.009884238243103,
265991,-0.003751903073862195,0.007223621942102909,0.9953837394714355,
266091,-3.0513196179526858e-05,0.0003484953485894948,1.0106786489486694,
266191,-0.006337313447147608,0.007902702316641808,1.011366844177246,
266291,0.004757283721119165,0.03080136515200138,1.0096149444580078,
266391,-0.004625864326953888,-0.009190354496240616,1.0166959762573242,
266491,-0.012628842145204544,0.005866223014891148,0.9789666533470154,
266591,-0.014945823699235916,-0.007887408137321472,0.9741647243499756,
266691,-0.008737334981560707,0.0029619617853313684,1.0026007890701294,
266791,-0.0006841210415586829,0.023497240617871284,1.0024300813674927,
266891,-0.0029446713160723448,-0.0007156101055443287,1.0201878547668457,
266991,0.0046127415262162685,-0.002774788998067379,1.0283886194229126,
267091,-0.002675804542377591,-0.005711555480957031,1.0175433158874512,
267191,-0.008372489362955093,0.029308119788765907,1.0133427381515503,
267291,-0.003250742331147194,-0.01253102533519268,1.0200209617614746,
267391,-0.020543253049254417,-0.012775382958352566,0.9911360740661621,
267491,0.005127049516886473,-9.554729331284761e-05,1.0053188800811768,
267591,-0.007115665823221207,0.00036837003426626325,1.0064748525619507,
267691,-0.011768232099711895,0.0033903445582836866,0.9876757860183716,
267791,-0.014345946721732616,0.0159183107316494,0.9973903298377991,
267891,-0.0013679200783371925,-0.01097511500120163,1.042556643486023,
267991,-0.001289336127229035,-0.0036463856231421232,1.0147767066955566,
268091,-0.009205848909914494,0.047590531408786774,1.007968544960022,
268191,-0.005843058228492737,-0.004893605597317219,1.001172661781311,
268291,-0.013423865661025047,0.008875581435859203,1.008673071861267,
268391,-0.013514484278857708,-0.004077270161360502,0.9931173324584961,
268491,-0.01853102259337902,0.013230993412435055,1.0190484523773193,
268591,-0.009729967452585697,-0.004825544077903032,1.0111701488494873,
268691,-0.011009030975401402,-0.0016184524865821004,1.0054128170013428,
268791,-0.005122605245560408,0.003927651792764664,0.9961395859718323,
268891,-0.017917269840836525,-0.018995460122823715,1.0145817995071411,
268991,-0.00524120731279254,0.003141949651762843,0.9811999201774597,
269091,-0.008319967426359653,0.018910648301243782,0.975736677646637,
269191,-0.01604911871254444,0.00048554380191490054,0.9795588850975037,
269291,-0.0023863075766712427,0.02454795315861702,1.00321364402771,
269391,-0.012979532591998577,0.0076553975231945515,0.9792081117630005,
269491,-0.014562021009624004,0.0034327576868236065,0.9543437361717224,
269591,0.011644006706774235,0.002058098092675209,1.0249817371368408,
269691,-0.008756524883210659,0.008906977251172066,1.01883864402771,
269791,-0.007576932664960623,0.018770184367895126,1.0102455615997314,
269891,-0.012338019907474518,0.0032486794516444206,1.013057827949524,
269991,0.0045479414984583855,0.011957358568906784,1.0122541189193726,
270091,-0.0130546810105443,0.0031102413777261972,1.0048882961273193,
270191,-0.0034061747137457132,-0.0009792923228815198,1.0067189931869507,
270291,0.004333523567765951,0.032680049538612366,1.0156770944595337,
270391,0.001241674879565835,-0.0046481420285999775,1.011629581451416,
270491,-0.0028839828446507454,0.008059423416852951,0.9791144728660583,
270591,-0.01774890348315239,0.009382353164255619,1.0272618532180786,
270691,-0.015533124096691608,0.008121672086417675,0.9940681457519531,
270791,-0.010161122307181358,0.02466779761016369,0.9998019337654114,
270891,-0.004511356819421053,0.006275208201259375,0.9946088194847107,
270991,-0.0061157094314694405,-0.0024364739656448364,1.0157545804977417,
271091,-0.0057347058318555355,0.021040597930550575,1.0134297609329224,
271191,-0.003954307176172733,0.002155100693926215,0.9926469922065735,
271291,-0.011066889390349388,0.009933361783623695,1.003659725189209,
271391,-0.012729456648230553,0.003218781901523471,1.002260446548462,
271491,-0.00974691566079855,0.02133835479617119,0.9887217879295349,
271591,-0.0014787433901801705,0.004358902107924223,0.9946184754371643,
271691,-0.0068004680797457695,0.004235628992319107,0.9986532330513,
271791,-0.009733033366501331,-0.0002638600708451122,0.995459794998169,
271891,-0.012631493620574474,-0.0048098391853272915,0.9870589971542358,
271991,-0.001126759103499353,0.00834095198661089,1.0075688362121582,
272091,-0.012111213058233261,0.00682838074862957,1.0243442058563232,
272191,-0.014714160934090614,-0.0025012472178786993,1.0290029048919678,
272291,-0.028213875368237495,0.0210436824709177,0.9970496296882629,
272391,-0.0037623357493430376,-0.0006944109918549657,0.9953786134719849,
272491,-0.00782535970211029,-0.019313529133796692,0.9870573878288269,
272591,0.0013461713679134846,0.008019933477044106,1.0142048597335815,
272691,-0.01169866044074297,-0.005761179141700268,0.9965307116508484,
272791,-0.0031840321607887745,-0.011078166775405407,0.9939764738082886,
272891,-0.008556248620152473,0.0025677229277789593,1.006575345993042,
272991,0.00591277377679944,0.031256891787052155,0.9931293725967407,
273091,9.476009290665388e-05,-0.00033882641582749784,0.9989597201347351,
273191,-0.00043714744970202446,0.06029526889324188,0.9961901903152466,
273291,0.0022663476411253214,-0.009165983647108078,0.9871257543563843,
273391,-0.006527569144964218,-0.005368982441723347,1.0133898258209229,
273491,-0.00203918619081378,-0.0016805293271318078,1.0047352313995361,
273591,-0.00414003012701869,0.005898691713809967,1.000815749168396,
273691,-0.00839530024677515,-0.0149831622838974,0.987149715423584,
273791,-0.0004791893588844687,0.0035718060098588467,0.9930005073547363,
273891,-0.014817897230386734,0.02683923952281475,0.9956098794937134,
273991,0.00607346324250102,0.0065391696989536285,1.013643503189087,
274091,-0.005647106561809778,0.022891491651535034,0.997260570526123,
274191,-0.0018354055937379599,-0.014211134985089302,0.9711645841598511,
274291,-0.0021551456302404404,-0.004549647681415081,1.012165904045105,
274391,0.0018336569191887975,0.027697794139385223,1.004808783531189,
274491,0.009464986622333527,-0.010131730698049068,1.0033729076385498,
274591,0.0130505645647645,0.0884433165192604,1.010918140411377,
274691,-0.009376432746648788,-0.015258343890309334,1.0017163753509521,
274791,0.012495218776166439,-0.001764671178534627,1.0015987157821655,
274891,-0.00399360153824091,0.04613104835152626,1.0034888982772827,
274991,-0.001716083032079041,-0.0002811895392369479,1.0179238319396973,
275091,-0.007276502437889576,0.0036702880170196295,0.9933347702026367,
275191,-0.0013972530141472816,0.01216969732195139,1.0120494365692139,
275291,-0.007542883045971394,-0.006931431125849485,1.0229988098144531,
275391,-0.007378451991826296,0.003192927222698927,0.9961482882499695,
275491,-0.012194180861115456,0.04855790361762047,1.0116301774978638,
275591,-0.008442739956080914,-0.0031194938346743584,0.996990978717804,
275691,-0.0049121929332613945,0.029207272455096245,1.0348906517028809,
275791,-0.011422514915466309,-0.0002757917100097984,1.004447340965271,
275891,-0.028699738904833794,-0.027196628972887993,0.9967676997184753,
275991,-3.544680293998681e-05,-0.004732811823487282,1.0031465291976929,
276091,-0.006706546526402235,0.03067624382674694,0.9801105856895447,
276191,0.00016564394172746688,0.0200605820864439,0.9982774257659912,
276291,-0.005125713534653187,0.012659097090363503,1.0091357231140137,
276391,-0.015106450766324997,0.014113442972302437,0.994148313999176,
276491,-0.00881874468177557,-0.003238318022340536,1.003196358680725,
276591,-0.017210353165864944,-0.013584043830633163,0.9948321580886841,
276691,-0.012667350471019745,-0.0043495590798556805,1.016943335533142,
276791,-0.0013901087222620845,0.0019249683246016502,0.9932776689529419,
276891,-4.1706567571964115e-05,0.0005376542685553432,0.9909437298774719,
276991,-0.007859794422984123,-0.0035519408993422985,1.0482131242752075,
277091,-0.013525429181754589,-0.0018893181113526225,1.0060700178146362,
277191,0.006209213752299547,0.022198932245373726,0.9901014566421509,
277291,-0.0076315514743328094,0.007111909333616495,0.9933031797409058,
277391,-0.01863526552915573,-0.0016366735799238086,1.0479636192321777,
277491,-0.0068059577606618404,-0.003669596975669265,0.9895607829093933,
277591,0.007841774262487888,0.010170936584472656,0.9848247170448303,
277691,-0.001038909307681024,-0.005223069805651903,0.9966887831687927,
277791,-0.00036286626709625125,0.011929499916732311,0.9753276705741882,
277891,-0.0034873911645263433,0.007532251998782158,1.0084952116012573,
277991,-0.010651483200490475,-0.0005205806810408831,1.01265287399292,
278091,-0.005039294715970755,0.0042443289421498775,1.031360387802124,
278191,-0.001640816917642951,-0.008279716596007347,1.0146522521972656,
278291,-0.008542673662304878,-0.001949295517988503,1.0102664232254028,
278391,0.009908726438879967,0.0036124433390796185,1.0114673376083374,
278491,-0.008733545430004597,0.0008356691687367857,0.9871047139167786,
278591,-0.002451610751450062,0.023957282304763794,0.9820260405540466,
278691,-0.0168270543217659,0.02883848175406456,0.9793233871459961,
278791,0.004562679212540388,0.037680502980947495,1.001823902130127,
278891,0.013414000160992146,0.008366519585251808,0.9940765500068665,
278991,0.002841779962182045,0.030252456665039062,0.9871554970741272,
279091,0.011743338778614998,-0.009037795476615429,1.0164223909378052,
279191,-0.004662294406443834,0.009124747477471828,0.9892565011978149,
279291,-0.007683932315558195,-0.0007053950102999806,1.0039153099060059,
279391,-0.010918794199824333,0.021965239197015762,1.0010260343551636,
279491,-0.011326806619763374,0.005237830802798271,1.0128123760223389,
279591,-0.0013634866336360574,-0.0014709450770169497,1.0097719430923462,
279691,-0.017046431079506874,0.02351188473403454,1.0101921558380127,
279791,-0.0053620124235749245,-0.005892281420528889,1.0136384963989258,
279891,-0.018361929804086685,-0.002753647742792964,1.0012924671173096,
279991,-0.0036029424518346786,0.0035132700577378273,1.0125194787979126,
280091,-0.013918394222855568,0.0054966239258646965,0.966248095035553,
280191,-0.0025420088786631823,0.006457470823079348,0.9857029318809509,
280291,-0.0013303675223141909,0.015998512506484985,1.0075103044509888,
280391,-0.01082242839038372,0.014418876729905605,0.9998140335083008,
280491,-0.004618713166564703,0.004256661515682936,0.9857895970344543,
280591,-0.00789179839193821,0.0006159120821394026,0.9899889826774597,
280691,0.0192407313734293,0.016115186735987663,0.9886166453361511,
280791,-0.005486884154379368,0.002525062533095479,1.0162490606307983,
280891,-0.0024973852559924126,-0.0028914117719978094,1.0038471221923828,
280991,-0.005702237598598003,0.004696496296674013,0.9980253577232361,
281091,-0.006767418701201677,0.008603125810623169,1.0062588453292847,
281191,0.0022155833430588245,0.01887727528810501,1.0193889141082764,
281291,-0.004668179899454117,0.014941362664103508,1.0134515762329102,
281391,-0.002599817467853427,0.005584686063230038,0.9970483779907227,
281491,-0.0008059560786932707,0.007406790740787983,0.9866803288459778,
281591,-0.007959982380270958,0.03298418968915939,0.9988307952880859,
281691,-0.0042310310527682304,0.0012928221840411425,1.0001282691955566,
281791,-0.010575909167528152,-0.002586424583569169,1.0016343593597412,
281891,-0.005474999081343412,0.010701947845518589,1.02387535572052,
281991,-0.009298022836446762,0.006319297011941671,0.9829953908920288,
282091,-0.0096967788413167,0.024209938943386078,0.9824842810630798,
282191,-0.015355858020484447,-0.01274765096604824,1.009479284286499,
282291,-0.008679371327161789,0.00509149394929409,1.024160385131836,
282391,-0.011002256534993649,-3.4438220609445125e-05,1.008454442024231,
282491,-0.010941855609416962,0.008476379327476025,0.9918791651725769,
282591,0.018355268985033035,0.02744808793067932,1.004785418510437,
282691,-0.005274441558867693,0.02564273402094841,1.0037521123886108,
282791,0.0013154043117538095,0.008354196324944496,0.9964244365692139,
282891,-0.001784294261597097,-0.006951676215976477,1.0208158493041992,
282991,0.02128784917294979,0.024524498730897903,1.0193120241165161,
283091,-0.006972617469727993,-0.020958809182047844,0.9959129095077515,
283191,-0.006483985111117363,-0.010123679414391518,1.0040209293365479,
283291,-0.00819852389395237,0.006137734279036522,1.0068989992141724,
283391,-0.0009988831588998437,-0.0037428943905979395,0.9897329211235046,
283491,-0.014842766337096691,-0.005573872476816177,1.0040940046310425,
283591,-0.0036114018876105547,0.002903770888224244,1.0145601034164429,
283691,-0.012739759869873524,-0.005384460091590881,1.0083733797073364,
283791,-0.01827472634613514,0.0017176961991935968,1.0187679529190063,
283891,-0.007579331751912832,-0.013714679516851902,1.0120996236801147,
283991,0.0014370131539180875,-0.014512176625430584,0.9885649681091309,
284091,-0.005841558799147606,0.0013227469753473997,1.0000953674316406,
284191,0.0007715938263572752,0.010904328897595406,0.9689868092536926,
284291,-0.020223122090101242,0.03158266842365265,0.9688816666603088,
284391,-0.01908736117184162,-0.009558301419019699,0.9750367999076843,
284491,-0.009020169265568256,0.003532024100422859,0.9871610403060913,
284591,-0.012369338423013687,-0.0015780609101057053,1.0064769983291626,
284691,-0.011392041109502316,-0.0006287351134233177,1.0718492269515991,
284791,-0.012902040034532547,-0.009258553385734558,1.033666729927063,
284891,0.010220255702733994,0.027651991695165634,1.0253459215164185,
284991,0.003663059324026108,0.006416217889636755,0.9915536642074585,
285091,0.004113940987735987,0.005833943374454975,0.9928200840950012,
285191,-0.01358078420162201,0.006335271988064051,0.9850378632545471,
285291,-0.001796902739442885,0.004675907548516989,0.9909256100654602,
285391,-0.008760749362409115,-0.005470730364322662,1.0065503120422363,
285491,0.003380403621122241,0.010303996503353119,0.9946450591087341,
285591,0.030857356265187263,-0.0042302715592086315,1.046489953994751,
285691,-0.005080120172351599,-0.02507556974887848,1.0220386981964111,
285791,-0.0019253510981798172,0.014666012488305569,0.9898037910461426,
285891,-0.011056476272642612,0.014685881324112415,0.9981534481048584,
285991,-0.0013897862518206239,-0.001802471000701189,1.0009080171585083,
286091,0.0006819611880928278,0.04069455340504646,1.0230965614318848,
286191,-0.006730168126523495,0.012597796507179737,0.9918028712272644,
286291,-0.0010195268550887704,0.001834631199017167,0.9826899766921997,
286391,0.0036294907331466675,-0.006279708817601204,1.0261366367340088,
286491,-0.012217332608997822,-0.010008767247200012,0.9771547317504883,
286591,0.001814143150113523,0.006051219534128904,1.0010894536972046,
286691,-0.0012228640262037516,0.002010334748774767,1.0025714635849,
286791,0.003406855510547757,-0.0018409253098070621,0.9932592511177063,
286891,-0.008655719459056854,0.005375829990953207,0.996574342250824,
286991,-0.0030980040319263935,0.02557935193181038,1.0062280893325806,
287091,0.01115380972623825,0.0023028505966067314,1.008972406387329,
287191,-0.013276858255267143,0.001757229445502162,1.0117994546890259,
287291,-0.007696518208831549,0.015864713117480278,1.0063751935958862,
287391,-0.0008004739065654576,-0.01006467267870903,1.0351934432983398,
287491,0.012516971677541733,6.472720997408032e-05,0.9929214715957642,
287591,-0.0018116992432624102,-0.004855774343013763,0.9997076392173767,
287691,-0.012033692561089993,-0.0012220273492857814,1.0096615552902222,
287791,-0.004005306866019964,0.011567269451916218,0.999717116355896,
287891,-0.0024700453504920006,0.0028389159124344587,1.020196557044983,
287991,0.0034825534094125032,0.009306264109909534,1.0008440017700195,
288091,-0.0030799838714301586,0.019664950668811798,1.0323269367218018,
288191,0.003475710516795516,0.010847540572285652,1.0075501203536987,
288291,-0.01554856263101101,0.02382294461131096,0.9789954423904419,
288391,-0.006275818683207035,0.010797357186675072,0.9853798151016235,
288491,-0.0020583863370120525,0.01523077953606844,0.9997198581695557,
288591,-0.012975208461284637,-0.01178186759352684,0.999360203742981,
288691,0.014886667020618916,0.013464478775858879,1.0123308897018433,
288791,-0.004956695716828108,-0.0008891675970517099,1.0072470903396606,
288891,-0.013243823312222958,0.009933299385011196,1.0195770263671875,
288991,-0.010570656508207321,0.005809776950627565,1.011212944984436,
289091,-0.011835434474050999,0.024026213213801384,1.0192545652389526,
289191,0.001356341876089573,-0.003372977487742901,1.0130189657211304,
289291,-0.005268944893032312,-0.0007360121817328036,1.0016947984695435,
289391,-0.00801188126206398,4.742484088637866e-05,0.9960067868232727,
289491,-0.01778307557106018,0.012883544899523258,1.001474142074585,
289591,-0.002469334052875638,0.004856076091527939,0.9872335195541382,
289691,-0.009150579571723938,-0.005826593842357397,1.005178451538086,
289791,0.008015629835426807,0.010877261869609356,0.9995024800300598,
289891,-0.0022567587438970804,-0.00038428930565714836,0.9975938200950623,
289991,-0.009844832122325897,0.014716454781591892,1.007949948310852,
290091,-0.010863837786018848,0.02167518623173237,0.9938055872917175,
290191,-0.011103845201432705,0.010646369308233261,0.9959813356399536,
290291,-0.02135593630373478,0.0068898433819413185,0.9906219244003296,
290391,-0.02229720912873745,0.022336073219776154,1.014912486076355,
290491,0.005466695874929428,0.009520712308585644,1.0556012392044067,
290591,-0.006769397296011448,0.0020080655813217163,1.0006415843963623,
290691,-0.004486364778131247,-0.0009164089569821954,1.0093265771865845,
290791,-0.016147416085004807,-0.00898553803563118,1.0186973810195923,
290891,0.003187529044225812,0.018571611493825912,0.9869822263717651,
290991,-0.02753395587205887,0.033089060336351395,1.0159554481506348,
291091,0.0010383897460997105,-0.016526471823453903,1.0105226039886475,
291191,-0.014553633518517017,-0.01173484604805708,1.0124499797821045,
291291,-0.011850481852889061,0.06498535722494125,1.004008412361145,
291391,-0.007385489530861378,0.026678048074245453,1.0153390169143677,
291491,-0.01968022622168064,-0.006537452340126038,1.0119198560714722,
291591,-0.0019718375988304615,-0.004828431643545628,0.9864513874053955,
291691,-0.011950351297855377,0.00041746909846551716,1.0031492710113525,
291791,-0.013340619392693043,0.02220819517970085,0.9769261479377747,
291891,-0.010053970851004124,-0.01314220204949379,0.9962550401687622,
291991,-0.020772580057382584,-0.000246254465309903,0.9980613589286804,
292091,-0.01012834906578064,0.006355398800224066,0.9950501918792725,
292191,-0.012742959894239902,0.026953991502523422,1.0388545989990234,
292291,-0.014162878505885601,0.0018931989325210452,1.0441396236419678,
292391,-0.0034696212969720364,0.04554038494825363,0.9728890657424927,
292491,-0.015004953369498253,0.005732112564146519,0.974163830280304,
292591,-0.0045995828695595264,0.0003427519404795021,0.9852126836776733,
292691,-0.001997894374653697,0.015853283926844597,0.9905569553375244,
292791,-0.0034110399428755045,0.0004582632100209594,1.0147323608398438,
292891,-0.007689627818763256,0.0008534698863513768,1.005514144897461,
292991,0.013548280112445354,0.004381462931632996,1.0148823261260986,
293091,0.003082316368818283,-0.011992670595645905,1.016353726387024,
293191,-0.019791247323155403,-0.008185714483261108,1.0116714239120483,
293291,-0.011563172563910484,-0.0003559269825927913,0.983566403388977,
293391,-0.011814185418188572,4.125935447518714e-05,0.9926435351371765,
293491,-0.012909268029034138,-0.002099287696182728,0.9985312223434448,
293591,-0.005454104393720627,0.010104349814355373,1.0028812885284424,
293691,-0.0001719839929137379,-0.018408391624689102,1.0192229747772217,
293791,-0.006690876558423042,0.0002939645783044398,0.9949095249176025,
293891,-0.0021901577711105347,0.004092250484973192,0.9885423183441162,
293991,-0.014363624155521393,0.013299783691763878,0.9672505855560303,
294091,-0.000295537814963609,0.011418767273426056,1.0320525169372559,
294191,0.002009944524616003,0.010446609929203987,1.0333527326583862,
294291,-0.004461757373064756,0.003548495704308152,1.0499194860458374,
294391,0.001391880796290934,0.007287404499948025,1.0333607196807861,
294491,-0.001374640385620296,-0.0015182235511019826,0.9948664307594299,
294591,-0.006573336198925972,0.008654197677969933,0.9929800629615784,
294691,-0.005881949793547392,0.0007083718082867563,0.9729107618331909,
294791,0.012760859914124012,-0.010201050899922848,0.978846549987793,
294891,-0.0032596581149846315,0.014529889449477196,1.002272129058838,
294991,-0.005199730396270752,0.00047853379510343075,1.0094335079193115,
295091,-0.010878682136535645,0.007005663588643074,1.016431212425232,
295191,4.6937297156546265e-05,-0.003024683566763997,1.038195252418518,
295291,-0.009708182886242867,-0.012767876498401165,1.0178773403167725,
295391,-0.002804696327075362,-0.0019209261517971754,1.0034544467926025,
295491,-0.0014630258083343506,0.028321973979473114,0.9801070690155029,
295591,-0.0071477037854492664,0.027783429250121117,0.9854235649108887,
295691,-0.014419812709093094,0.016635069623589516,0.9864129424095154,
295791,0.012411554343998432,-0.008422981947660446,1.0021734237670898,
295891,-0.011936542578041553,-0.007762339897453785,1.0176697969436646,
295991,-0.013457905501127243,-0.006549346260726452,1.0164623260498047,
296091,-0.0009145651711151004,0.0010061656357720494,1.0320862531661987,
296191,-0.020319990813732147,-0.007125362288206816,0.9896258115768433,
296291,-0.004527250304818153,-0.019903723150491714,1.0042071342468262,
296391,-0.007346952799707651,-0.005173658020794392,0.987120509147644,
296491,-0.021928967908024788,2.5498468403384322e-06,1.0115792751312256,
296591,-0.011625069193542004,-0.006799433846026659,1.0166383981704712,
296691,-0.0084993876516819,0.010521083138883114,0.9872727990150452,
296791,0.0018522747559472919,-0.020012691617012024,1.0003862380981445,
296891,-0.009666665457189083,-0.007669456768780947,0.9763782024383545,
296991,-0.006342926062643528,0.04118933528661728,0.9961642026901245,
297091,0.007421558257192373,-0.0071496074087917805,1.0259554386138916,
297191,-0.012787049636244774,0.0029543207492679358,1.005663514137268,
297291,-0.022380953654646873,0.0023741319309920073,0.9958590269088745,
297391,0.010087850503623486,0.0024354797787964344,1.0218430757522583,
297491,-0.0017264190828427672,0.0014562412397935987,0.9918498992919922,
297591,0.005884517915546894,0.004768109880387783,1.0060213804244995,
297691,-0.0017823136877268553,-0.005273475777357817,1.0265917778015137,
297791,-0.0035841986536979675,0.008738061413168907,0.9973711967468262,
297891,-0.007272036280483007,9.709398727864027e-05,0.9868780970573425,
297991,0.00039458874380216,0.02005518414080143,0.9883652925491333,
298091,0.002304586349055171,0.0016949506243690848,0.9649313688278198,
298191,-0.00023861025692895055,0.002205538796260953,0.9711691737174988,
298291,-0.0028340336866676807,0.005921188276261091,0.9962204694747925,
298391,0.0005241578910499811,0.0032327775843441486,1.0142335891723633,
298491,0.0014038161607459188,0.026856020092964172,1.0157016515731812,
298591,0.003300371114164591,-0.003784630447626114,1.0213581323623657,
298691,0.011313877068459988,-0.005580672528594732,1.017909049987793,
298791,-0.00020367254910524935,0.004789295606315136,0.9981315732002258,
298891,-0.0015289034927263856,-0.004904992412775755,0.9976578950881958,
298991,-0.007626076694577932,0.0066152531653642654,1.0106295347213745,
299091,-0.004005426075309515,-0.0008027018047869205,1.0155551433563232,
299191,0.011502634733915329,-0.0057030911557376385,0.9912604093551636,
299291,0.02082638256251812,0.00690851267427206,1.033929705619812,
299391,0.010508199222385883,0.008327968418598175,1.0045597553253174,
299491,-0.009954852983355522,-0.002383808372542262,0.9996207356452942,
299591,-0.011679470539093018,0.011048451997339725,1.009210467338562,
299691,-0.00790924858301878,0.029058028012514114,0.9916608333587646,
299791,-0.006901168264448643,0.0014733369462192059,1.0015854835510254,
299891,-0.002435755217447877,0.01971386931836605,0.9855754375457764,
299991,-0.001343749463558197,-0.004067382775247097,1.0068433284759521,
300091,-0.00566777354106307,0.0025129711721092463,1.0017673969268799,
300191,-0.02196342870593071,-0.013799251988530159,0.9797406792640686,
300291,0.003172880271449685,-0.0012753737391903996,1.0104429721832275,
300391,0.0015283863758668303,0.0005897046648897231,0.9951939582824707,
300491,-0.014583214186131954,0.0014480911195278168,0.9997342824935913,
300591,-0.00336722144857049,-0.01040985994040966,1.0093157291412354,
300691,-0.007734798360615969,0.017714401707053185,0.9953599572181702,
300791,-0.008460027165710926,0.0020740977488458157,1.0106662511825562,
300891,-0.009564056061208248,0.0009925232734531164,1.0073096752166748,
300991,-0.008564515970647335,0.005237441509962082,0.986303985118866,
301091,-0.015111453831195831,-0.0009861750295385718,1.0035889148712158,
301191,-0.0011297304881736636,-0.011699817143380642,0.9910585880279541,
301291,0.005073575768619776,-0.014416985213756561,1.013259768486023,
301391,0.007248494774103165,-0.005437328014522791,1.0161025524139404,
301491,-0.00841786339879036,0.0005434290505945683,1.0157033205032349,
301591,-0.007045886013656855,0.0453924834728241,0.988135814666748,
301691,0.004751014057546854,-0.008557110093533993,0.9859269261360168,
301791,-0.008835189044475555,-0.0009750326862558722,0.9850358963012695,
301891,-0.014453264884650707,-0.010220292024314404,0.9921330809593201,
301991,0.005100397393107414,-0.003200115403160453,0.9840535521507263,
302091,4.021092536277138e-05,-0.0034981120843440294,1.0125089883804321,
302191,8.405905100516975e-05,-0.00023954758944455534,0.9909530878067017,
302291,-0.0010999017395079136,0.02225675620138645,1.0018508434295654,
302391,-0.012477562762796879,-0.027014128863811493,1.0127006769180298,
302491,-0.004896572791039944,5.206105561228469e-05,1.000363826751709,
302591,-0.002866558264940977,-0.005559030454605818,0.9970231652259827,
302691,-0.0028913032729178667,-0.004295660182833672,1.0093244314193726,
302791,-0.007932672277092934,-0.0037545147351920605,0.9874362349510193,
302891,-0.02131970413029194,-0.006224710028618574,1.0047640800476074,
302991,-0.003925073891878128,0.03343488276004791,1.0143907070159912,
303091,-0.005548284854739904,-0.0056570409797132015,1.0038732290267944,
303191,-0.010709851048886776,0.01055944338440895,1.0063046216964722,
303291,-0.009502127766609192,0.00950593315064907,1.0077860355377197,
303391,-0.01436776202172041,0.013233688659965992,1.009962797164917,
303491,-0.005503462627530098,0.013604501262307167,0.988950788974762,
303591,-0.0035715780686587095,0.01821199059486389,0.9869648218154907,
303691,-0.014135735109448433,-0.009390505030751228,0.986584484577179,
303791,0.00654776394367218,0.007432023994624615,0.9759616851806641,
303891,-0.007455267012119293,0.00912205595523119,0.9988482594490051,
303991,-0.015256318263709545,0.026243403553962708,0.9734671711921692,
304091,-0.02025214396417141,0.002053497126325965,0.9837939739227295,
304191,-0.011717969551682472,0.0012346133589744568,0.9665282964706421,
304291,-0.002740959171205759,0.024735715240240097,1.005324363708496,
304391,-0.019242584705352783,-0.0004125450795982033,1.0063077211380005,
304491,-0.009828838519752026,0.020778387784957886,1.0171669721603394,
304591,-0.009932355023920536,0.004304267466068268,1.0152075290679932,
304691,-0.008368019945919514,0.0002171191736124456,1.0212403535842896,
304791,-0.010510927997529507,0.0021976595744490623,1.010533332824707,
304891,0.011123301461338997,0.019053075462579727,1.0352896451950073,
304991,-0.01602891832590103,-0.0028821725863963366,1.0221792459487915,
305091,-0.008740427903831005,-0.007596827112138271,1.019511342048645,
305191,-0.016653811559081078,0.008416748605668545,0.9927982687950134,
305291,-0.012856879271566868,-0.0006755415815860033,0.9856963753700256,
305391,-0.006933473516255617,0.007719867862761021,0.9681310057640076,
305491,-0.012239905074238777,0.015215578489005566,0.972572386264801,
305591,-0.00046905738417990506,-0.00484074791893363,1.019425392150879,
305691,-0.008146917447447777,0.006409239023923874,0.987299919128418,
305791,-0.016181576997041702,0.017755862325429916,0.9757784605026245,
305891,-0.03226245194673538,-0.021211393177509308,1.0103555917739868,
305991,-0.01420830562710762,0.009540481492877007,0.9853648543357849,
306091,0.0036774487234652042,-0.002928470028564334,1.002145528793335,
306191,-0.013714472763240337,0.0015648806001991034,0.9949716329574585,
306291,-0.006191265303641558,0.038397256284952164,0.9593284726142883,
306391,-0.012222890742123127,-0.0026568444445729256,0.9939923286437988,
306491,-0.014568539336323738,0.0010186020517721772,1.0029696226119995,
306591,-0.016471371054649353,0.014768450520932674,1.027512788772583,
306691,-0.011546904221177101,-0.013568499125540257,1.01802659034729,
306791,-0.0067980000749230385,-0.0005354254390113056,1.0203593969345093,
306891,-0.01526989508420229,0.04422369599342346,0.9930941462516785,
306991,-0.01912214793264866,-0.004809930920600891,1.0185387134552002,
307091,0.0015834064688533545,0.02294420450925827,1.0166451930999756,
307191,0.0022016833536326885,-0.006771739572286606,1.0086716413497925,
307291,-0.015023973770439625,-0.0031966527458280325,0.9946432709693909,
307391,-0.012479761615395546,-0.0036253826692700386,0.9885575771331787,
307491,-0.0039896355010569096,-0.0019921250641345978,1.00730299949646,
307591,-0.006553945131599903,-0.004715041723102331,1.0217792987823486,
307691,-0.01658766157925129,0.01679479144513607,0.9965507984161377,
307791,-0.010752557776868343,0.0027090515941381454,1.0003798007965088,
307891,-0.019807474687695503,0.006235646083950996,1.0158379077911377,
307991,-0.015153667889535427,0.00040998816257342696,1.009053349494934,
308091,-0.014495354145765305,-0.028687797486782074,1.0188448429107666,
308191,-0.000623112719040364,0.0137080829590559,1.0006749629974365,
308291,0.0005079586408101022,0.007075045257806778,0.9902059435844421,
308391,-0.015728363767266273,0.022506047040224075,0.9765394330024719,
308491,-0.008396214805543423,0.012863615527749062,1.0167495012283325,
308591,-0.018046312034130096,0.004028697032481432,0.9953852295875549,
308691,-0.005056608468294144,-0.003906003898009658,1.0188747644424438,
308791,-0.00516118761152029,-0.010996948927640915,1.0117591619491577,
308891,-0.005903356708586216,0.007405220065265894,1.0007214546203613,
308991,-0.007669975981116295,0.028512710705399513,0.9871400594711304,
309091,-0.004549157340079546,0.00015186109521891922,1.0048649311065674,
309191,0.004478837829083204,0.006723391357809305,1.0195138454437256,
309291,0.0010951509466394782,0.006674862466752529,0.9956932067871094,
309391,0.005112108308821917,0.0029155719093978405,0.994170069694519,
309491,-0.00970911793410778,0.02272528037428856,1.0073906183242798,
309591,0.00460472796112299,0.004099415149539709,1.002096176147461,
309691,-0.002878276165574789,-0.0018009563209488988,1.0361087322235107,
309791,-0.0090202447026968,0.0011579118436202407,1.0037972927093506,
309891,-0.021138368174433708,-0.001085685333237052,1.0253678560256958,
309991,0.015464996919035912,-0.0002434961061226204,1.0090789794921875,
310091,-0.0018170455005019903,-0.011112787760794163,1.01960289478302,
310191,0.00608238996937871,0.03870493546128273,1.0126696825027466,
310291,0.007832142524421215,0.0014907675795257092,1.0161104202270508,
310391,-0.006711709313094616,0.04255363717675209,0.9669458270072937,
310491,-0.006132757291197777,-0.0007921443320810795,0.9609278440475464,
310591,0.00045772583689540625,0.013180316425859928,0.9732983708381653,
310691,-0.008742572739720345,0.00666591664776206,0.9813218712806702,
310791,-0.00783076323568821,0.02069593220949173,0.977719247341156,
310891,-0.00457121292129159,0.013267545960843563,0.9767098426818848,
310991,-0.005127984099090099,0.022024650126695633,0.954491376876831,
311091,-0.005920893978327513,0.004111496265977621,1.0139585733413696,
311191,-0.009786386974155903,-0.001289173262193799,1.0241247415542603,
311291,0.01301161665469408,0.008054643869400024,1.0103206634521484,
311391,-0.0019731998909264803,0.053574997931718826,1.0002644062042236,
311491,0.00011595207615755498,0.01184930931776762,0.9771267175674438,
311591,-0.007172673940658569,0.025370774790644646,1.0086641311645508,
311691,0.04081634432077408,-0.008004363626241684,1.0393296480178833,
311791,-0.0016237922245636582,0.001203798921778798,0.9974266290664673,
311891,0.002966109197586775,-0.002138718031346798,0.9897489547729492,
311991,0.007298362907022238,0.00742657296359539,1.0019445419311523,
312091,0.0023840859066694975,0.004170392174273729,0.9949659109115601,
312191,-0.01348264142870903,0.020330412313342094,1.0072864294052124,
312291,-0.006133289076387882,0.00048550390056334436,1.012919545173645,
312391,0.017925800755620003,0.004637185484170914,1.0197253227233887,
312491,-0.004168896935880184,0.008828705176711082,1.02265202999115,
312591,-0.01500085648149252,0.014832832850515842,0.9581860899925232,
312691,0.013463776558637619,0.003703137394040823,1.012157678604126,
312791,0.0020270550157874823,0.019950231537222862,1.0130716562271118,
312891,0.01282043568789959,0.01353761088103056,1.0119975805282593,
312991,0.006879143416881561,0.014748415909707546,0.9670429825782776,
313091,-0.03152232989668846,0.010227286256849766,0.8875337243080139,
313191,-0.2067037969827652,-0.1101575642824173,0.9452866911888123,
313291,-0.05721839889883995,-0.37546223402023315,0.482460081577301,
313391,-0.1040010005235672,0.055497799068689346,0.196386456489563,
313491,-0.04971902072429657,0.14174669981002808,-0.48278534412384033,
313591,-0.2793740928173065,0.13534562289714813,-0.8806023597717285,
313691,-0.22154711186885834,0.26309287548065186,-0.9935891032218933,
313791,-0.1013743057847023,0.10506412386894226,-0.9789232015609741,
313891,0.03054339997470379,0.09235300123691559,-1.0326557159423828,
313991,0.07308005541563034,-0.05495111644268036,-0.9925720691680908,
314091,-0.02573058195412159,0.0002511758648324758,-1.013949990272522,
314191,-0.021372759714722633,0.000935462536290288,-1.0143316984176636,
314291,-0.019133305177092552,-0.0007422888302244246,-1.012764811515808,
314391,-0.023487994447350502,-0.0030704729724675417,-1.0108355283737183,
314491,-0.02064473368227482,-0.0021504531614482403,-1.016016960144043,
