time,pm.vbat,
13212,4.027565956115723,
13312,4.027565956115723,
13412,4.027565956115723,
13512,4.027565956115723,
13612,4.027565956115723,
13712,4.022287368774414,
13812,4.027565956115723,
13912,4.027565956115723,
14012,4.027565956115723,
14112,4.027565956115723,
14212,4.022287368774414,
14312,4.027565956115723,
14412,4.027565956115723,
14512,4.022287368774414,
14612,4.027565956115723,
14712,4.022287368774414,
14812,4.022287368774414,
14912,4.027565956115723,
15012,4.027565956115723,
15112,4.027565956115723,
15212,4.022287368774414,
15312,3.5630500316619873,
15412,3.642228841781616,
15512,3.695014715194702,
15612,3.5841643810272217,
15712,3.7689149379730225,
15812,3.8692080974578857,
15912,3.7530791759490967,
16012,3.6897361278533936,
16112,3.774193525314331,
16212,3.6739003658294678,
16312,3.446920871734619,
16412,3.5630500316619873,
16512,3.6000001430511475,
16612,3.6369502544403076,
16712,3.7266862392425537,
16812,3.747800588607788,
16912,3.647507429122925,
17012,3.6263930797576904,
17112,3.6527860164642334,
17212,3.6633431911468506,
17312,3.658064603805542,
17412,3.642228841781616,
17512,3.631671667098999,
17612,3.642228841781616,
17712,3.631671667098999,
17812,3.631671667098999,
17912,3.6369502544403076,
18012,3.6263930797576904,
18112,3.631671667098999,
18212,3.6263930797576904,
18312,3.631671667098999,
18412,3.621114492416382,
18512,3.6263930797576904,
18612,3.631671667098999,
18712,3.6263930797576904,
18812,3.6263930797576904,
18912,3.6263930797576904,
19012,3.621114492416382,
19112,3.621114492416382,
19212,3.621114492416382,
19312,3.621114492416382,
19412,3.631671667098999,
19512,3.6263930797576904,
19612,3.621114492416382,
19712,3.6105573177337646,
19812,3.621114492416382,
19912,3.6158359050750732,
20012,3.6158359050750732,
20112,3.6158359050750732,
20212,3.6158359050750732,
20312,3.6158359050750732,
20412,3.6158359050750732,
20512,3.6105573177337646,
20612,3.605278730392456,
20712,3.6105573177337646,
20812,3.6158359050750732,
20912,3.6105573177337646,
21012,3.605278730392456,
21112,3.605278730392456,
21212,3.6000001430511475,
21312,3.594721555709839,
21412,3.6000001430511475,
21512,3.605278730392456,
21612,3.6000001430511475,
21712,3.605278730392456,
21812,3.605278730392456,
21912,3.6105573177337646,
22012,3.6105573177337646,
22112,3.6000001430511475,
22212,3.594721555709839,
22312,3.5894429683685303,
22412,3.5841643810272217,
22512,3.5894429683685303,
22612,3.5894429683685303,
22712,3.5894429683685303,
22812,3.594721555709839,
22912,3.6000001430511475,
23012,3.6000001430511475,
23112,3.594721555709839,
23212,3.578885793685913,
23312,3.5736072063446045,
23412,3.5736072063446045,
23512,3.5841643810272217,
23612,3.5841643810272217,
23712,3.5841643810272217,
23812,3.5841643810272217,
23912,3.5894429683685303,
24012,3.5841643810272217,
24112,3.578885793685913,
24212,3.578885793685913,
24312,3.5736072063446045,
24412,3.5736072063446045,
24512,3.578885793685913,
24612,3.578885793685913,
24712,3.5841643810272217,
24812,3.5841643810272217,
24912,3.5736072063446045,
25012,3.5736072063446045,
25112,3.568328619003296,
25212,3.5630500316619873,
25312,3.568328619003296,
25412,3.568328619003296,
25512,3.5630500316619873,
25612,3.568328619003296,
25712,3.578885793685913,
25812,3.5841643810272217,
25912,3.568328619003296,
26012,3.568328619003296,
26112,3.5630500316619873,
26212,3.55249285697937,
26312,3.5630500316619873,
26412,3.5736072063446045,
26512,3.568328619003296,
26612,3.5630500316619873,
26712,3.5630500316619873,
26812,3.5630500316619873,
26912,3.5630500316619873,
27012,3.5630500316619873,
27112,3.5577714443206787,
27212,3.5577714443206787,
27312,3.55249285697937,
27412,3.55249285697937,
27512,3.5577714443206787,
27612,3.5577714443206787,
27712,3.5577714443206787,
27812,3.568328619003296,
27912,3.5736072063446045,
28012,3.568328619003296,
28112,3.5577714443206787,
28212,3.541935443878174,
28312,3.541935443878174,
28412,3.5366568565368652,
28512,3.5472142696380615,
28612,3.5577714443206787,
28712,3.5630500316619873,
28812,3.5577714443206787,
28912,3.5472142696380615,
29012,3.55249285697937,
29112,3.5630500316619873,
29212,3.5472142696380615,
29312,3.5472142696380615,
29412,3.55249285697937,
29512,3.5472142696380615,
29612,3.5472142696380615,
29712,3.541935443878174,
29812,3.541935443878174,
29912,3.541935443878174,
30012,3.5472142696380615,
30112,3.541935443878174,
30212,3.5472142696380615,
30312,3.55249285697937,
30412,3.541935443878174,
30512,3.541935443878174,
30612,3.541935443878174,
30712,3.5366568565368652,
30812,3.55249285697937,
30912,3.55249285697937,
31012,3.5313782691955566,
31112,3.541935443878174,
31212,3.5366568565368652,
31312,3.526099681854248,
31412,3.5313782691955566,
31512,3.5313782691955566,
31612,3.5366568565368652,
31712,3.541935443878174,
31812,3.5366568565368652,
31912,3.5366568565368652,
32012,3.5313782691955566,
32112,3.526099681854248,
32212,3.526099681854248,
32312,3.526099681854248,
32412,3.5366568565368652,
32512,3.5366568565368652,
32612,3.5313782691955566,
32712,3.526099681854248,
32812,3.5313782691955566,
32912,3.5313782691955566,
33012,3.5208210945129395,
33112,3.5208210945129395,
33212,3.5313782691955566,
33312,3.5313782691955566,
33412,3.5208210945129395,
33512,3.515542507171631,
33612,3.515542507171631,
33712,3.5208210945129395,
33812,3.515542507171631,
33912,3.5208210945129395,
34012,3.526099681854248,
34112,3.515542507171631,
34212,3.515542507171631,
34312,3.5208210945129395,
34412,3.5313782691955566,
34512,3.5313782691955566,
34612,3.526099681854248,
34712,3.5208210945129395,
34812,3.5102639198303223,
34912,3.5049853324890137,
35012,3.5102639198303223,
35112,3.5102639198303223,
35212,3.5049853324890137,
35312,3.5049853324890137,
35412,3.5208210945129395,
35512,3.526099681854248,
35612,3.526099681854248,
35712,3.515542507171631,
35812,3.5102639198303223,
35912,3.515542507171631,
36012,3.515542507171631,
36112,3.5102639198303223,
36212,3.515542507171631,
36312,3.515542507171631,
36412,3.5102639198303223,
36512,3.5102639198303223,
36612,3.5102639198303223,
36712,3.5049853324890137,
36812,3.499706745147705,
36912,3.5102639198303223,
37012,3.5208210945129395,
37112,3.5208210945129395,
37212,3.5102639198303223,
37312,3.5049853324890137,
37412,3.5102639198303223,
37512,3.515542507171631,
37612,3.5102639198303223,
37712,3.4944281578063965,
37812,3.5049853324890137,
37912,3.499706745147705,
38012,3.5049853324890137,
38112,3.5049853324890137,
38212,3.5102639198303223,
38312,3.515542507171631,
38412,3.5049853324890137,
38512,3.5102639198303223,
38612,3.5102639198303223,
38712,3.499706745147705,
38812,3.5049853324890137,
38912,3.5049853324890137,
39012,3.5102639198303223,
39112,3.5102639198303223,
39212,3.5049853324890137,
39312,3.5049853324890137,
39412,3.499706745147705,
39512,3.499706745147705,
39612,3.4944281578063965,
39712,3.499706745147705,
39812,3.5102639198303223,
39912,3.5049853324890137,
40012,3.4944281578063965,
40112,3.5049853324890137,
40212,3.499706745147705,
40312,3.5049853324890137,
40412,3.5049853324890137,
40512,3.5049853324890137,
40612,3.499706745147705,
40712,3.4944281578063965,
40812,3.4944281578063965,
40912,3.4944281578063965,
41012,3.499706745147705,
41112,3.499706745147705,
41212,3.499706745147705,
41312,3.499706745147705,
41412,3.499706745147705,
41512,3.5049853324890137,
41612,3.5102639198303223,
41712,3.489149570465088,
41812,3.489149570465088,
41912,3.4944281578063965,
42012,3.499706745147705,
42112,3.4944281578063965,
42212,3.489149570465088,
42312,3.4944281578063965,
42412,3.4944281578063965,
42512,3.499706745147705,
42612,3.499706745147705,
42712,3.4944281578063965,
42812,3.489149570465088,
42912,3.4944281578063965,
43012,3.489149570465088,
43112,3.4944281578063965,
43212,3.4944281578063965,
43312,3.4944281578063965,
43412,3.4944281578063965,
43512,3.499706745147705,
43612,3.489149570465088,
43712,3.4838709831237793,
43812,3.4944281578063965,
43912,3.4944281578063965,
44012,3.499706745147705,
44112,3.4944281578063965,
44212,3.4838709831237793,
44312,3.489149570465088,
44412,3.4838709831237793,
44512,3.4838709831237793,
44612,3.4785923957824707,
44712,3.4838709831237793,
44812,3.489149570465088,
44912,3.499706745147705,
45012,3.4944281578063965,
45112,3.4944281578063965,
45212,3.4785923957824707,
45312,3.4838709831237793,
45412,3.4838709831237793,
45512,3.4838709831237793,
45612,3.4785923957824707,
45712,3.473313808441162,
45812,3.4785923957824707,
45912,3.4838709831237793,
46012,3.489149570465088,
46112,3.4838709831237793,
46212,3.4838709831237793,
46312,3.489149570465088,
46412,3.489149570465088,
46512,3.4785923957824707,
46612,3.4785923957824707,
46712,3.4785923957824707,
46812,3.4680352210998535,
46912,3.4785923957824707,
47012,3.4838709831237793,
47112,3.4785923957824707,
47212,3.4680352210998535,
47312,3.462756633758545,
47412,3.473313808441162,
47512,3.4785923957824707,
47612,3.4785923957824707,
47712,3.489149570465088,
47812,3.489149570465088,
47912,3.489149570465088,
48012,3.4785923957824707,
48112,3.473313808441162,
48212,3.473313808441162,
48312,3.4680352210998535,
48412,3.4680352210998535,
48512,3.473313808441162,
48612,3.473313808441162,
48712,3.4680352210998535,
48812,3.462756633758545,
48912,3.4785923957824707,
49012,3.489149570465088,
49112,3.4944281578063965,
49212,3.4785923957824707,
49312,3.4680352210998535,
49412,3.4680352210998535,
49512,3.462756633758545,
49612,3.462756633758545,
49712,3.462756633758545,
49812,3.462756633758545,
49912,3.462756633758545,
50012,3.473313808441162,
50112,3.4785923957824707,
50212,3.4680352210998535,
50312,3.462756633758545,
50412,3.462756633758545,
50512,3.4680352210998535,
50612,3.473313808441162,
50712,3.473313808441162,
50812,3.4785923957824707,
50912,3.4785923957824707,
51012,3.4785923957824707,
51112,3.4785923957824707,
51212,3.4680352210998535,
51312,3.4680352210998535,
51412,3.462756633758545,
51512,3.4680352210998535,
51612,3.4680352210998535,
51712,3.4680352210998535,
51812,3.4680352210998535,
51912,3.4574780464172363,
52012,3.4574780464172363,
52112,3.4680352210998535,
52212,3.4785923957824707,
52312,3.4785923957824707,
52412,3.4785923957824707,
52512,3.4680352210998535,
52612,3.4680352210998535,
52712,3.462756633758545,
52812,3.473313808441162,
52912,3.4785923957824707,
53012,3.473313808441162,
53112,3.473313808441162,
53212,3.473313808441162,
53312,3.4785923957824707,
53412,3.4838709831237793,
53512,3.4785923957824707,
53612,3.4785923957824707,
53712,3.4680352210998535,
53812,3.4680352210998535,
53912,3.462756633758545,
54012,3.4680352210998535,
54112,3.4680352210998535,
54212,3.462756633758545,
54312,3.4680352210998535,
54412,3.4680352210998535,
54512,3.473313808441162,
54612,3.462756633758545,
54712,3.4574780464172363,
54812,3.462756633758545,
54912,3.462756633758545,
55012,3.4680352210998535,
55112,3.473313808441162,
55212,3.4574780464172363,
55312,3.4574780464172363,
55412,3.462756633758545,
55512,3.473313808441162,
55612,3.4680352210998535,
55712,3.4680352210998535,
55812,3.473313808441162,
55912,3.462756633758545,
56012,3.4680352210998535,
56112,3.4574780464172363,
56212,3.4521994590759277,
56312,3.4574780464172363,
56412,3.462756633758545,
56512,3.473313808441162,
56612,3.462756633758545,
56712,3.4574780464172363,
56812,3.4574780464172363,
56912,3.4521994590759277,
57012,3.4521994590759277,
57112,3.4680352210998535,
57212,3.4574780464172363,
57312,3.446920871734619,
57412,3.4521994590759277,
57512,3.4521994590759277,
57612,3.4574780464172363,
57712,3.4574780464172363,
57812,3.4521994590759277,
57912,3.4521994590759277,
58012,3.462756633758545,
58112,3.4680352210998535,
58212,3.4574780464172363,
58312,3.4574780464172363,
58412,3.4574780464172363,
58512,3.446920871734619,
58612,3.4521994590759277,
58712,3.4416422843933105,
58812,3.446920871734619,
58912,3.4521994590759277,
59012,3.4521994590759277,
59112,3.4521994590759277,
59212,3.4521994590759277,
59312,3.4521994590759277,
59412,3.4521994590759277,
59512,3.4521994590759277,
59612,3.4416422843933105,
59712,3.446920871734619,
59812,3.4574780464172363,
59912,3.4521994590759277,
60012,3.446920871734619,
60112,3.4416422843933105,
60212,3.4416422843933105,
60312,3.436363697052002,
60412,3.4521994590759277,
60512,3.4521994590759277,
60612,3.446920871734619,
60712,3.4521994590759277,
60812,3.4574780464172363,
60912,3.4574780464172363,
61012,3.462756633758545,
61112,3.462756633758545,
61212,3.4574780464172363,
61312,3.446920871734619,
61412,3.4416422843933105,
61512,3.4416422843933105,
61612,3.4521994590759277,
61712,3.4574780464172363,
61812,3.4680352210998535,
61912,3.4574780464172363,
62012,3.462756633758545,
62112,3.462756633758545,
62212,3.4521994590759277,
62312,3.4574780464172363,
62412,3.4521994590759277,
62512,3.4574780464172363,
62612,3.4574780464172363,
62712,3.4521994590759277,
62812,3.446920871734619,
62912,3.4521994590759277,
63012,3.4521994590759277,
63112,3.4574780464172363,
63212,3.4574780464172363,
63312,3.4521994590759277,
63412,3.4521994590759277,
63512,3.446920871734619,
63612,3.4521994590759277,
63712,3.4521994590759277,
63812,3.4574780464172363,
63912,3.4574780464172363,
64012,3.4574780464172363,
64112,3.4574780464172363,
64212,3.462756633758545,
64312,3.4574780464172363,
64412,3.4521994590759277,
64512,3.446920871734619,
64612,3.446920871734619,
64712,3.4416422843933105,
64812,3.4521994590759277,
64912,3.4574780464172363,
65012,3.4574780464172363,
65112,3.446920871734619,
65212,3.4416422843933105,
65312,3.446920871734619,
65412,3.446920871734619,
65512,3.4521994590759277,
65612,3.4521994590759277,
65712,3.4521994590759277,
65812,3.4521994590759277,
65912,3.4521994590759277,
66012,3.446920871734619,
66112,3.4521994590759277,
66212,3.4521994590759277,
66312,3.4521994590759277,
66412,3.4521994590759277,
66512,3.446920871734619,
66612,3.4574780464172363,
66712,3.4521994590759277,
66812,3.4521994590759277,
66912,3.4416422843933105,
67012,3.4416422843933105,
67112,3.446920871734619,
67212,3.4416422843933105,
67312,3.4521994590759277,
67412,3.4521994590759277,
67512,3.4521994590759277,
67612,3.446920871734619,
67712,3.4416422843933105,
67812,3.4416422843933105,
67912,3.446920871734619,
68012,3.446920871734619,
68112,3.4521994590759277,
68212,3.4521994590759277,
68312,3.446920871734619,
68412,3.436363697052002,
68512,3.4416422843933105,
68612,3.4416422843933105,
68712,3.446920871734619,
68812,3.446920871734619,
68912,3.4416422843933105,
69012,3.4416422843933105,
69112,3.4416422843933105,
69212,3.4416422843933105,
69312,3.446920871734619,
69412,3.446920871734619,
69512,3.4416422843933105,
69612,3.4416422843933105,
69712,3.446920871734619,
69812,3.436363697052002,
69912,3.4416422843933105,
70012,3.4416422843933105,
70112,3.4416422843933105,
70212,3.4416422843933105,
70312,3.4416422843933105,
70412,3.4416422843933105,
70512,3.436363697052002,
70612,3.436363697052002,
70712,3.4416422843933105,
70812,3.4416422843933105,
70912,3.4416422843933105,
71012,3.446920871734619,
71112,3.4416422843933105,
71212,3.4310851097106934,
71312,3.4258065223693848,
71412,3.4258065223693848,
71512,3.4152493476867676,
71612,3.4310851097106934,
71712,3.420527935028076,
71812,3.4258065223693848,
71912,3.436363697052002,
72012,3.4416422843933105,
72112,3.436363697052002,
72212,3.436363697052002,
72312,3.4310851097106934,
72412,3.4310851097106934,
72512,3.4310851097106934,
72612,3.4310851097106934,
72712,3.4310851097106934,
72812,3.4310851097106934,
72912,3.4258065223693848,
73012,3.4310851097106934,
73112,3.4416422843933105,
73212,3.4416422843933105,
73312,3.436363697052002,
73412,3.4416422843933105,
73512,3.436363697052002,
73612,3.4310851097106934,
73712,3.436363697052002,
73812,3.4310851097106934,
73912,3.4310851097106934,
74012,3.4416422843933105,
74112,3.4416422843933105,
74212,3.4416422843933105,
74312,3.436363697052002,
74412,3.436363697052002,
74512,3.4310851097106934,
74612,3.4310851097106934,
74712,3.4258065223693848,
74812,3.420527935028076,
74912,3.4258065223693848,
75012,3.4310851097106934,
75112,3.4416422843933105,
75212,3.4416422843933105,
75312,3.436363697052002,
75412,3.4416422843933105,
75512,3.4416422843933105,
75612,3.436363697052002,
75712,3.4258065223693848,
75812,3.436363697052002,
75912,3.4416422843933105,
76012,3.4310851097106934,
76112,3.436363697052002,
76212,3.4258065223693848,
76312,3.4310851097106934,
76412,3.4310851097106934,
76512,3.4310851097106934,
76612,3.4310851097106934,
76712,3.4258065223693848,
76812,3.4310851097106934,
76912,3.4310851097106934,
77012,3.436363697052002,
77112,3.436363697052002,
77212,3.4258065223693848,
77312,3.436363697052002,
77412,3.4310851097106934,
77512,3.436363697052002,
77612,3.4310851097106934,
77712,3.4258065223693848,
77812,3.4310851097106934,
77912,3.4310851097106934,
78012,3.4258065223693848,
78112,3.4310851097106934,
78212,3.4310851097106934,
78312,3.436363697052002,
78412,3.436363697052002,
78512,3.4310851097106934,
78612,3.420527935028076,
78712,3.420527935028076,
78812,3.4310851097106934,
78912,3.436363697052002,
79012,3.4310851097106934,
79112,3.436363697052002,
79212,3.4310851097106934,
79312,3.4310851097106934,
79412,3.436363697052002,
79512,3.4310851097106934,
79612,3.4152493476867676,
79712,3.409970760345459,
79812,3.409970760345459,
79912,3.420527935028076,
80012,3.420527935028076,
80112,3.4258065223693848,
80212,3.436363697052002,
80312,3.436363697052002,
80412,3.436363697052002,
80512,3.4310851097106934,
80612,3.4310851097106934,
80712,3.4310851097106934,
80812,3.4310851097106934,
80912,3.4258065223693848,
81012,3.420527935028076,
81112,3.420527935028076,
81212,3.420527935028076,
81312,3.4310851097106934,
81412,3.4310851097106934,
81512,3.4416422843933105,
81612,3.4310851097106934,
81712,3.4258065223693848,
81812,3.4258065223693848,
81912,3.420527935028076,
82012,3.4152493476867676,
82112,3.4152493476867676,
82212,3.420527935028076,
82312,3.420527935028076,
82412,3.420527935028076,
82512,3.4258065223693848,
82612,3.4258065223693848,
82712,3.4258065223693848,
82812,3.4258065223693848,
82912,3.4258065223693848,
83012,3.4258065223693848,
83112,3.4310851097106934,
83212,3.4258065223693848,
83312,3.4310851097106934,
83412,3.420527935028076,
83512,3.409970760345459,
83612,3.409970760345459,
83712,3.4152493476867676,
83812,3.420527935028076,
83912,3.4258065223693848,
84012,3.4258065223693848,
84112,3.4258065223693848,
84212,3.420527935028076,
84312,3.4258065223693848,
84412,3.4258065223693848,
84512,3.4258065223693848,
84612,3.4258065223693848,
84712,3.420527935028076,
84812,3.420527935028076,
84912,3.4258065223693848,
85012,3.4258065223693848,
85112,3.4258065223693848,
85212,3.4152493476867676,
85312,3.420527935028076,
85412,3.420527935028076,
85512,3.4046921730041504,
85612,3.4046921730041504,
85712,3.420527935028076,
85812,3.4310851097106934,
85912,3.4310851097106934,
86012,3.4258065223693848,
86112,3.4310851097106934,
86212,3.4310851097106934,
86312,3.4258065223693848,
86412,3.4258065223693848,
86512,3.4152493476867676,
86612,3.4152493476867676,
86712,3.420527935028076,
86812,3.420527935028076,
86912,3.420527935028076,
87012,3.420527935028076,
87112,3.420527935028076,
87212,3.4258065223693848,
87312,3.420527935028076,
87412,3.4258065223693848,
87512,3.4258065223693848,
87612,3.420527935028076,
87712,3.409970760345459,
87812,3.4152493476867676,
87912,3.4152493476867676,
88012,3.420527935028076,
88112,3.4152493476867676,
88212,3.409970760345459,
88312,3.4258065223693848,
88412,3.4310851097106934,
88512,3.4258065223693848,
88612,3.4258065223693848,
88712,3.409970760345459,
88812,3.4152493476867676,
88912,3.4152493476867676,
89012,3.409970760345459,
89112,3.4152493476867676,
89212,3.4046921730041504,
89312,3.4152493476867676,
89412,3.420527935028076,
89512,3.4152493476867676,
89612,3.420527935028076,
89712,3.4152493476867676,
89812,3.420527935028076,
89912,3.4152493476867676,
90012,3.4258065223693848,
90112,3.4152493476867676,
90212,3.4046921730041504,
90312,3.409970760345459,
90412,3.420527935028076,
90512,3.4152493476867676,
90612,3.4258065223693848,
90712,3.420527935028076,
90812,3.4152493476867676,
90912,3.409970760345459,
91012,3.4046921730041504,
91112,3.409970760345459,
91212,3.4152493476867676,
91312,3.420527935028076,
91412,3.420527935028076,
91512,3.4152493476867676,
91612,3.420527935028076,
91712,3.420527935028076,
91812,3.420527935028076,
91912,3.420527935028076,
92012,3.4152493476867676,
92112,3.420527935028076,
92212,3.409970760345459,
92312,3.4152493476867676,
92412,3.4152493476867676,
92512,3.420527935028076,
92612,3.409970760345459,
92712,3.409970760345459,
92812,3.4152493476867676,
92912,3.4152493476867676,
93012,3.4152493476867676,
93112,3.420527935028076,
93212,3.420527935028076,
93312,3.4258065223693848,
93412,3.4152493476867676,
93512,3.4046921730041504,
93612,3.4046921730041504,
93712,3.409970760345459,
93812,3.409970760345459,
93912,3.420527935028076,
94012,3.420527935028076,
94112,3.4152493476867676,
94212,3.409970760345459,
94312,3.4152493476867676,
94412,3.409970760345459,
94512,3.409970760345459,
94612,3.409970760345459,
94712,3.4046921730041504,
94812,3.409970760345459,
94912,3.409970760345459,
95012,3.409970760345459,
95112,3.409970760345459,
95212,3.4152493476867676,
95312,3.4152493476867676,
95412,3.4152493476867676,
95512,3.420527935028076,
95612,3.4152493476867676,
95712,3.409970760345459,
95812,3.409970760345459,
95912,3.409970760345459,
96012,3.4152493476867676,
96112,3.4152493476867676,
96212,3.409970760345459,
96312,3.420527935028076,
96412,3.4152493476867676,
96512,3.409970760345459,
96612,3.409970760345459,
96712,3.420527935028076,
96812,3.420527935028076,
96912,3.420527935028076,
97012,3.4152493476867676,
97112,3.4046921730041504,
97212,3.4046921730041504,
97312,3.4152493476867676,
97412,3.4152493476867676,
97512,3.420527935028076,
97612,3.420527935028076,
97712,3.4152493476867676,
97812,3.4152493476867676,
97912,3.409970760345459,
98012,3.4046921730041504,
98112,3.4046921730041504,
98212,3.420527935028076,
98312,3.4152493476867676,
98412,3.409970760345459,
98512,3.409970760345459,
98612,3.4046921730041504,
98712,3.4046921730041504,
98812,3.4152493476867676,
98912,3.4152493476867676,
99012,3.409970760345459,
99112,3.409970760345459,
99212,3.4046921730041504,
99312,3.409970760345459,
99412,3.4046921730041504,
99512,3.4046921730041504,
99612,3.4152493476867676,
99712,3.4152493476867676,
99812,3.409970760345459,
99912,3.4152493476867676,
100012,3.409970760345459,
100112,3.4046921730041504,
100212,3.4046921730041504,
100312,3.409970760345459,
100412,3.4046921730041504,
100512,3.399413585662842,
100612,3.409970760345459,
100712,3.409970760345459,
100812,3.409970760345459,
100912,3.409970760345459,
101012,3.409970760345459,
101112,3.4152493476867676,
101212,3.4152493476867676,
101312,3.4046921730041504,
101412,3.409970760345459,
101512,3.4046921730041504,
101612,3.4046921730041504,
101712,3.4046921730041504,
101812,3.409970760345459,
101912,3.409970760345459,
102012,3.409970760345459,
102112,3.4046921730041504,
102212,3.409970760345459,
102312,3.409970760345459,
102412,3.409970760345459,
102512,3.4046921730041504,
102612,3.4046921730041504,
102712,3.4046921730041504,
102812,3.4046921730041504,
102912,3.4046921730041504,
103012,3.4152493476867676,
103112,3.409970760345459,
103212,3.4046921730041504,
103312,3.409970760345459,
103412,3.4152493476867676,
103512,3.409970760345459,
103612,3.399413585662842,
103712,3.399413585662842,
103812,3.399413585662842,
103912,3.399413585662842,
104012,3.409970760345459,
104112,3.420527935028076,
104212,3.4046921730041504,
104312,3.4046921730041504,
104412,3.4046921730041504,
104512,3.409970760345459,
104612,3.4046921730041504,
104712,3.399413585662842,
104812,3.4152493476867676,
104912,3.4046921730041504,
105012,3.4046921730041504,
105112,3.4046921730041504,
105212,3.4046921730041504,
105312,3.4046921730041504,
105412,3.4046921730041504,
105512,3.409970760345459,
105612,3.409970760345459,
105712,3.409970760345459,
105812,3.409970760345459,
105912,3.409970760345459,
106012,3.409970760345459,
106112,3.409970760345459,
106212,3.394134998321533,
106312,3.399413585662842,
106412,3.399413585662842,
106512,3.394134998321533,
106612,3.4046921730041504,
106712,3.4046921730041504,
106812,3.4046921730041504,
106912,3.4152493476867676,
107012,3.409970760345459,
107112,3.4046921730041504,
107212,3.394134998321533,
107312,3.399413585662842,
107412,3.4046921730041504,
107512,3.394134998321533,
107612,3.3888564109802246,
107712,3.394134998321533,
107812,3.3888564109802246,
107912,3.399413585662842,
108012,3.399413585662842,
108112,3.4046921730041504,
108212,3.4046921730041504,
108312,3.4046921730041504,
108412,3.399413585662842,
108512,3.409970760345459,
108612,3.4046921730041504,
108712,3.420527935028076,
108812,3.4046921730041504,
108912,3.394134998321533,
109012,3.394134998321533,
109112,3.3888564109802246,
109212,3.394134998321533,
109312,3.394134998321533,
109412,3.394134998321533,
109512,3.399413585662842,
109612,3.409970760345459,
109712,3.399413585662842,
109812,3.394134998321533,
109912,3.3888564109802246,
110012,3.383577823638916,
110112,3.3888564109802246,
110212,3.394134998321533,
110312,3.399413585662842,
110412,3.399413585662842,
110512,3.4046921730041504,
110612,3.409970760345459,
110712,3.409970760345459,
110812,3.4046921730041504,
110912,3.394134998321533,
111012,3.3888564109802246,
111112,3.394134998321533,
111212,3.3888564109802246,
111312,3.3888564109802246,
111412,3.394134998321533,
111512,3.409970760345459,
111612,3.4046921730041504,
111712,3.3888564109802246,
111812,3.399413585662842,
111912,3.394134998321533,
112012,3.394134998321533,
112112,3.394134998321533,
112212,3.394134998321533,
112312,3.394134998321533,
112412,3.399413585662842,
112512,3.399413585662842,
112612,3.399413585662842,
112712,3.399413585662842,
112812,3.399413585662842,
112912,3.399413585662842,
113012,3.399413585662842,
113112,3.394134998321533,
113212,3.383577823638916,
113312,3.3888564109802246,
113412,3.399413585662842,
113512,3.4046921730041504,
113612,3.399413585662842,
113712,3.399413585662842,
113812,3.394134998321533,
113912,3.394134998321533,
114012,3.394134998321533,
114112,3.394134998321533,
114212,3.394134998321533,
114312,3.394134998321533,
114412,3.394134998321533,
114512,3.399413585662842,
114612,3.394134998321533,
114712,3.399413585662842,
114812,3.394134998321533,
114912,3.3888564109802246,
115012,3.394134998321533,
115112,3.394134998321533,
115212,3.3888564109802246,
115312,3.3888564109802246,
115412,3.394134998321533,
115512,3.399413585662842,
115612,3.4046921730041504,
115712,3.399413585662842,
115812,3.3888564109802246,
115912,3.3888564109802246,
116012,3.383577823638916,
116112,3.383577823638916,
116212,3.394134998321533,
116312,3.399413585662842,
116412,3.399413585662842,
116512,3.394134998321533,
116612,3.383577823638916,
116712,3.3782992362976074,
116812,3.394134998321533,
116912,3.3888564109802246,
117012,3.394134998321533,
117112,3.383577823638916,
117212,3.373020648956299,
117312,3.3782992362976074,
117412,3.383577823638916,
117512,3.383577823638916,
117612,3.3888564109802246,
117712,3.394134998321533,
117812,3.394134998321533,
117912,3.4046921730041504,
118012,3.394134998321533,
118112,3.383577823638916,
118212,3.383577823638916,
118312,3.3888564109802246,
118412,3.383577823638916,
118512,3.383577823638916,
118612,3.383577823638916,
118712,3.383577823638916,
118812,3.383577823638916,
118912,3.383577823638916,
119012,3.3782992362976074,
119112,3.383577823638916,
119212,3.3888564109802246,
119312,3.3888564109802246,
119412,3.3888564109802246,
119512,3.3888564109802246,
119612,3.3888564109802246,
119712,3.3888564109802246,
119812,3.3888564109802246,
119912,3.3888564109802246,
120012,3.383577823638916,
120112,3.383577823638916,
120212,3.383577823638916,
120312,3.383577823638916,
120412,3.394134998321533,
120512,3.3888564109802246,
120612,3.383577823638916,
120712,3.373020648956299,
120812,3.383577823638916,
120912,3.373020648956299,
121012,3.3888564109802246,
121112,3.3782992362976074,
121212,3.3782992362976074,
121312,3.3782992362976074,
121412,3.373020648956299,
121512,3.3782992362976074,
121612,3.383577823638916,
121712,3.383577823638916,
121812,3.3888564109802246,
122012,3.383577823638916,
122212,3.3782992362976074,
122612,3.373020648956299,
123512,3.3782992362976074,
123912,3.373020648956299,
125612,3.3782992362976074,
125912,3.3782992362976074,
126912,3.3782992362976074,
127012,3.383577823638916,
127212,3.383577823638916,
127312,3.3888564109802246,
127512,3.399413585662842,
127712,3.373020648956299,
127912,3.3782992362976074,
128012,3.399413585662842,
128112,3.383577823638916,
128212,3.394134998321533,
128312,3.383577823638916,
128412,3.399413585662842,
128512,3.373020648956299,
128612,3.394134998321533,
9802,3.800586462020874,
9902,3.800586462020874,
10002,3.800586462020874,
10102,3.800586462020874,
10202,3.800586462020874,
10302,3.800586462020874,
10402,3.800586462020874,
10502,3.800586462020874,
10602,3.800586462020874,
10702,3.800586462020874,
10802,3.800586462020874,
10902,3.800586462020874,
11002,3.800586462020874,
11102,3.800586462020874,
11202,3.800586462020874,
11302,3.800586462020874,
11402,3.800586462020874,
11502,3.800586462020874,
11602,3.800586462020874,
11702,3.800586462020874,
11802,3.800586462020874,
11902,3.4046921730041504,
12002,3.515542507171631,
12102,3.515542507171631,
12202,3.526099681854248,
12302,3.5102639198303223,
12402,3.5102639198303223,
12502,3.3677420616149902,
12602,3.5102639198303223,
12702,3.5472142696380615,
12802,3.6369502544403076,
12902,3.5894429683685303,
13002,3.4785923957824707,
13102,3.4152493476867676,
13202,3.4785923957824707,
13302,3.5366568565368652,
13402,3.436363697052002,
13502,3.304399013519287,
13602,3.4574780464172363,
13702,3.621114492416382,
13802,3.6000001430511475,
13902,3.5102639198303223,
14002,3.4310851097106934,
14102,3.394134998321533,
14202,3.420527935028076,
14302,3.436363697052002,
14402,3.4785923957824707,
14502,3.4258065223693848,
14602,3.4258065223693848,
14702,3.4521994590759277,
14802,3.4680352210998535,
14902,3.4838709831237793,
15002,3.473313808441162,
15102,3.4574780464172363,
15202,3.446920871734619,
15302,3.4521994590759277,
15402,3.4574780464172363,
15502,3.4574780464172363,
15602,3.4574780464172363,
15702,3.4521994590759277,
15802,3.4521994590759277,
15902,3.4521994590759277,
16002,3.446920871734619,
16102,3.4416422843933105,
16202,3.4416422843933105,
16302,3.446920871734619,
16402,3.446920871734619,
16502,3.446920871734619,
16602,3.446920871734619,
16702,3.4416422843933105,
16802,3.446920871734619,
16902,3.446920871734619,
17002,3.436363697052002,
17102,3.4310851097106934,
17202,3.436363697052002,
17302,3.4416422843933105,
17402,3.4416422843933105,
17502,3.4416422843933105,
17602,3.4416422843933105,
17702,3.4310851097106934,
17802,3.4310851097106934,
17902,3.4258065223693848,
18002,3.4310851097106934,
18102,3.436363697052002,
18202,3.436363697052002,
18302,3.4310851097106934,
18402,3.436363697052002,
18502,3.4310851097106934,
18602,3.4310851097106934,
18702,3.4258065223693848,
18802,3.420527935028076,
18902,3.4258065223693848,
19002,3.4258065223693848,
19102,3.4258065223693848,
19202,3.4152493476867676,
19302,3.420527935028076,
19402,3.4258065223693848,
19502,3.4258065223693848,
19602,3.4310851097106934,
19702,3.4258065223693848,
19802,3.4258065223693848,
19902,3.420527935028076,
20002,3.4152493476867676,
20102,3.4152493476867676,
20202,3.409970760345459,
20302,3.4152493476867676,
20402,3.4152493476867676,
20502,3.4152493476867676,
20602,3.420527935028076,
20702,3.420527935028076,
20802,3.420527935028076,
20902,3.4152493476867676,
21002,3.420527935028076,
21102,3.420527935028076,
21202,3.409970760345459,
21302,3.409970760345459,
21402,3.4046921730041504,
21502,3.409970760345459,
21602,3.409970760345459,
21702,3.409970760345459,
21802,3.420527935028076,
21902,3.420527935028076,
22002,3.4046921730041504,
22102,3.4046921730041504,
22202,3.4046921730041504,
22302,3.409970760345459,
22402,3.4046921730041504,
22502,3.399413585662842,
22602,3.394134998321533,
22702,3.4046921730041504,
22802,3.409970760345459,
22902,3.409970760345459,
23002,3.4046921730041504,
23102,3.399413585662842,
23202,3.4046921730041504,
23302,3.4046921730041504,
23402,3.399413585662842,
23502,3.394134998321533,
23602,3.394134998321533,
23702,3.394134998321533,
23802,3.399413585662842,
23902,3.399413585662842,
24002,3.4046921730041504,
24102,3.409970760345459,
24202,3.399413585662842,
24302,3.3888564109802246,
24402,3.3888564109802246,
24502,3.3888564109802246,
24602,3.3888564109802246,
24702,3.3888564109802246,
24802,3.394134998321533,
24902,3.399413585662842,
25002,3.394134998321533,
25102,3.394134998321533,
25202,3.394134998321533,
25302,3.399413585662842,
25402,3.399413585662842,
25502,3.394134998321533,
25602,3.3888564109802246,
25702,3.383577823638916,
25802,3.383577823638916,
25902,3.383577823638916,
26002,3.383577823638916,
26102,3.394134998321533,
26202,3.394134998321533,
26302,3.399413585662842,
26402,3.394134998321533,
26502,3.399413585662842,
26602,3.3888564109802246,
26702,3.383577823638916,
26802,3.3782992362976074,
26902,3.373020648956299,
27002,3.3782992362976074,
27102,3.383577823638916,
27202,3.394134998321533,
27302,3.399413585662842,
27402,3.399413585662842,
27502,3.394134998321533,
27602,3.3888564109802246,
27702,3.3782992362976074,
27802,3.3782992362976074,
27902,3.373020648956299,
28002,3.3782992362976074,
28102,3.3782992362976074,
28202,3.383577823638916,
28302,3.394134998321533,
28402,3.383577823638916,
28502,3.3677420616149902,
28602,3.3782992362976074,
28702,3.3782992362976074,
28802,3.3782992362976074,
28902,3.373020648956299,
29002,3.373020648956299,
29102,3.373020648956299,
29202,3.3782992362976074,
29302,3.383577823638916,
29402,3.373020648956299,
29502,3.3782992362976074,
29602,3.373020648956299,
29702,3.373020648956299,
29802,3.3782992362976074,
29902,3.383577823638916,
30002,3.3782992362976074,
30102,3.3782992362976074,
30202,3.3782992362976074,
30302,3.383577823638916,
30402,3.3782992362976074,
30502,3.3782992362976074,
30602,3.3782992362976074,
30702,3.3677420616149902,
30802,3.3677420616149902,
30902,3.3677420616149902,
31002,3.3677420616149902,
31102,3.373020648956299,
31202,3.3677420616149902,
31302,3.3677420616149902,
31402,3.3677420616149902,
31502,3.373020648956299,
31602,3.373020648956299,
31702,3.383577823638916,
31802,3.3782992362976074,
31902,3.3782992362976074,
32002,3.3677420616149902,
32102,3.357184886932373,
32202,3.3677420616149902,
32302,3.3677420616149902,
32402,3.3677420616149902,
32502,3.3677420616149902,
32602,3.3677420616149902,
32702,3.3624634742736816,
32802,3.3624634742736816,
32902,3.3624634742736816,
33002,3.3677420616149902,
33102,3.3624634742736816,
33202,3.3782992362976074,
33302,3.3677420616149902,
33402,3.3782992362976074,
33502,3.373020648956299,
33602,3.3624634742736816,
33702,3.3624634742736816,
33802,3.3677420616149902,
33902,3.373020648956299,
34002,3.3624634742736816,
34102,3.3624634742736816,
34202,3.3624634742736816,
34302,3.3677420616149902,
34402,3.373020648956299,
34502,3.3624634742736816,
34602,3.3677420616149902,
34702,3.3624634742736816,
34802,3.3677420616149902,
34902,3.3677420616149902,
35002,3.3677420616149902,
35102,3.3624634742736816,
35202,3.3677420616149902,
35302,3.3677420616149902,
35402,3.373020648956299,
35502,3.3624634742736816,
35602,3.357184886932373,
35702,3.3677420616149902,
35802,3.3624634742736816,
35902,3.357184886932373,
36002,3.3624634742736816,
36102,3.3624634742736816,
36202,3.357184886932373,
36302,3.3624634742736816,
36402,3.3677420616149902,
36502,3.357184886932373,
36602,3.357184886932373,
36702,3.357184886932373,
36802,3.3624634742736816,
36902,3.3519062995910645,
37002,3.3677420616149902,
37102,3.3677420616149902,
37202,3.3624634742736816,
37302,3.3677420616149902,
37402,3.3624634742736816,
37502,3.3624634742736816,
37602,3.357184886932373,
37702,3.357184886932373,
37802,3.357184886932373,
37902,3.357184886932373,
38002,3.3519062995910645,
38102,3.3519062995910645,
38202,3.357184886932373,
38302,3.357184886932373,
38402,3.3624634742736816,
38502,3.3677420616149902,
38602,3.3624634742736816,
38702,3.3519062995910645,
38802,3.3624634742736816,
38902,3.3677420616149902,
39002,3.3624634742736816,
39102,3.357184886932373,
39202,3.346627712249756,
39302,3.346627712249756,
39402,3.357184886932373,
39502,3.3624634742736816,
39602,3.357184886932373,
39702,3.357184886932373,
39802,3.3624634742736816,
39902,3.3624634742736816,
40002,3.357184886932373,
40102,3.357184886932373,
40202,3.357184886932373,
40302,3.357184886932373,
40402,3.3519062995910645,
40502,3.3519062995910645,
40602,3.3519062995910645,
40702,3.346627712249756,
40802,3.357184886932373,
40902,3.3624634742736816,
41002,3.3624634742736816,
41102,3.357184886932373,
41202,3.3519062995910645,
41302,3.346627712249756,
41402,3.3624634742736816,
41502,3.357184886932373,
41602,3.3624634742736816,
41702,3.3624634742736816,
41802,3.3519062995910645,
41902,3.357184886932373,
42002,3.3519062995910645,
42102,3.3519062995910645,
42202,3.346627712249756,
42302,3.3519062995910645,
42402,3.3624634742736816,
42502,3.3519062995910645,
42602,3.3519062995910645,
42702,3.357184886932373,
42802,3.357184886932373,
42902,3.3519062995910645,
43002,3.3519062995910645,
43102,3.357184886932373,
43202,3.3519062995910645,
43302,3.3519062995910645,
43402,3.3519062995910645,
43502,3.3519062995910645,
43602,3.3519062995910645,
43702,3.3413491249084473,
43802,3.3413491249084473,
43902,3.3413491249084473,
44002,3.3519062995910645,
44102,3.3519062995910645,
44202,3.3519062995910645,
44302,3.346627712249756,
44402,3.346627712249756,
44502,3.3519062995910645,
44602,3.346627712249756,
44702,3.346627712249756,
44802,3.346627712249756,
44902,3.346627712249756,
45002,3.346627712249756,
45102,3.3519062995910645,
45202,3.3624634742736816,
45302,3.3519062995910645,
45402,3.3519062995910645,
45502,3.3519062995910645,
45602,3.3519062995910645,
45702,3.33079195022583,
45802,3.3413491249084473,
45902,3.3360705375671387,
46002,3.3413491249084473,
46102,3.3519062995910645,
46202,3.3519062995910645,
46302,3.3519062995910645,
46402,3.3519062995910645,
46502,3.3519062995910645,
46602,3.346627712249756,
46702,3.346627712249756,
46802,3.346627712249756,
46902,3.3360705375671387,
47002,3.3360705375671387,
47102,3.3413491249084473,
47202,3.3413491249084473,
47302,3.346627712249756,
47402,3.346627712249756,
47502,3.3519062995910645,
47602,3.346627712249756,
47702,3.3413491249084473,
47802,3.3413491249084473,
47902,3.3413491249084473,
48002,3.3413491249084473,
48102,3.3360705375671387,
48202,3.346627712249756,
48302,3.3519062995910645,
48402,3.3413491249084473,
48502,3.346627712249756,
48602,3.3519062995910645,
48702,3.3360705375671387,
48802,3.3360705375671387,
48902,3.33079195022583,
49002,3.33079195022583,
49102,3.33079195022583,
49202,3.33079195022583,
49302,3.3413491249084473,
49402,3.3519062995910645,
49502,3.3519062995910645,
49602,3.346627712249756,
49702,3.346627712249756,
49802,3.346627712249756,
49902,3.346627712249756,
50002,3.3413491249084473,
50102,3.33079195022583,
50202,3.320234775543213,
50302,3.320234775543213,
50402,3.3413491249084473,
50502,3.346627712249756,
50602,3.346627712249756,
50702,3.3413491249084473,
50802,3.3413491249084473,
50902,3.346627712249756,
51002,3.346627712249756,
51102,3.3360705375671387,
51202,3.3360705375671387,
51302,3.33079195022583,
51402,3.3360705375671387,
51502,3.3413491249084473,
51602,3.346627712249756,
51702,3.3360705375671387,
51802,3.3360705375671387,
51902,3.3413491249084473,
52002,3.3360705375671387,
52102,3.3413491249084473,
52202,3.33079195022583,
52302,3.3360705375671387,
52402,3.346627712249756,
52502,3.346627712249756,
52602,3.3413491249084473,
52702,3.3360705375671387,
52802,3.3360705375671387,
52902,3.346627712249756,
53002,3.3360705375671387,
53102,3.33079195022583,
53202,3.3413491249084473,
53302,3.3413491249084473,
53402,3.3413491249084473,
53502,3.3360705375671387,
53602,3.3360705375671387,
53702,3.33079195022583,
53802,3.3360705375671387,
53902,3.3413491249084473,
54002,3.3360705375671387,
54102,3.3413491249084473,
54202,3.3360705375671387,
54302,3.3360705375671387,
54402,3.33079195022583,
54502,3.3413491249084473,
54602,3.3413491249084473,
54702,3.3360705375671387,
54802,3.3413491249084473,
54902,3.3413491249084473,
55002,3.3360705375671387,
55102,3.33079195022583,
55202,3.3360705375671387,
55302,3.3360705375671387,
55402,3.3360705375671387,
55502,3.3360705375671387,
55602,3.3413491249084473,
55702,3.3413491249084473,
55802,3.3413491249084473,
55902,3.3255133628845215,
56002,3.3255133628845215,
56102,3.33079195022583,
56202,3.3360705375671387,
56302,3.3413491249084473,
56402,3.3413491249084473,
56502,3.3360705375671387,
56602,3.3360705375671387,
56702,3.3360705375671387,
56802,3.3413491249084473,
56902,3.3360705375671387,
57002,3.3360705375671387,
57102,3.3360705375671387,
57202,3.3360705375671387,
57302,3.3360705375671387,
57402,3.33079195022583,
57502,3.33079195022583,
57602,3.3360705375671387,
57702,3.33079195022583,
57802,3.3360705375671387,
57902,3.33079195022583,
58002,3.3360705375671387,
58102,3.3413491249084473,
58202,3.3413491249084473,
58302,3.346627712249756,
58402,3.3360705375671387,
58502,3.33079195022583,
58602,3.3255133628845215,
58702,3.33079195022583,
58802,3.3413491249084473,
58902,3.346627712249756,
59002,3.3413491249084473,
59102,3.3413491249084473,
59202,3.3413491249084473,
59302,3.33079195022583,
59402,3.320234775543213,
59502,3.320234775543213,
59602,3.3255133628845215,
59702,3.3255133628845215,
59802,3.3255133628845215,
59902,3.3360705375671387,
60002,3.3360705375671387,
60102,3.3413491249084473,
60202,3.3360705375671387,
60302,3.3360705375671387,
60402,3.3413491249084473,
60502,3.3360705375671387,
60602,3.33079195022583,
60702,3.33079195022583,
60802,3.3360705375671387,
60902,3.33079195022583,
61002,3.33079195022583,
61102,3.33079195022583,
61202,3.33079195022583,
61302,3.3413491249084473,
61402,3.3360705375671387,
61502,3.3360705375671387,
61602,3.3360705375671387,
61702,3.3255133628845215,
61802,3.33079195022583,
61902,3.3360705375671387,
62002,3.3255133628845215,
62102,3.33079195022583,
62202,3.33079195022583,
62302,3.3360705375671387,
62402,3.3413491249084473,
62502,3.33079195022583,
62602,3.33079195022583,
62702,3.33079195022583,
62802,3.33079195022583,
62902,3.3360705375671387,
63002,3.3360705375671387,
63102,3.3360705375671387,
63202,3.3255133628845215,
63302,3.3255133628845215,
63402,3.3255133628845215,
63502,3.3255133628845215,
63602,3.3255133628845215,
63702,3.3360705375671387,
63802,3.3360705375671387,
63902,3.3413491249084473,
64002,3.33079195022583,
64102,3.3255133628845215,
64202,3.33079195022583,
64302,3.33079195022583,
64402,3.33079195022583,
64502,3.320234775543213,
64602,3.320234775543213,
64702,3.33079195022583,
64802,3.3360705375671387,
64902,3.33079195022583,
65002,3.3360705375671387,
65102,3.3360705375671387,
65202,3.33079195022583,
65302,3.33079195022583,
65402,3.3255133628845215,
65502,3.3255133628845215,
65602,3.33079195022583,
65702,3.3360705375671387,
65802,3.3413491249084473,
65902,3.3360705375671387,
66002,3.33079195022583,
66102,3.3360705375671387,
66202,3.3255133628845215,
66302,3.3255133628845215,
66402,3.3255133628845215,
66502,3.33079195022583,
66602,3.33079195022583,
66702,3.320234775543213,
66802,3.3360705375671387,
66902,3.3413491249084473,
67002,3.3360705375671387,
67102,3.33079195022583,
67202,3.320234775543213,
67302,3.3255133628845215,
67402,3.33079195022583,
67502,3.3255133628845215,
67602,3.320234775543213,
67702,3.3255133628845215,
67802,3.33079195022583,
67902,3.3360705375671387,
68002,3.33079195022583,
68102,3.33079195022583,
68202,3.320234775543213,
68302,3.320234775543213,
68402,3.320234775543213,
68502,3.320234775543213,
68602,3.33079195022583,
68702,3.33079195022583,
68802,3.33079195022583,
68902,3.3255133628845215,
69002,3.320234775543213,
69102,3.320234775543213,
69202,3.3360705375671387,
69302,3.33079195022583,
69402,3.320234775543213,
69502,3.320234775543213,
69602,3.3255133628845215,
69702,3.320234775543213,
69802,3.320234775543213,
69902,3.3255133628845215,
70002,3.3255133628845215,
70102,3.3255133628845215,
70202,3.3360705375671387,
70302,3.33079195022583,
70402,3.3255133628845215,
70502,3.3149561882019043,
70602,3.3149561882019043,
70702,3.3096776008605957,
70802,3.320234775543213,
70902,3.320234775543213,
71002,3.320234775543213,
71102,3.3255133628845215,
71202,3.320234775543213,
71302,3.3255133628845215,
71402,3.33079195022583,
71502,3.3255133628845215,
71602,3.320234775543213,
71702,3.3255133628845215,
71802,3.3255133628845215,
71902,3.3255133628845215,
72002,3.320234775543213,
72102,3.3149561882019043,
72202,3.320234775543213,
72302,3.320234775543213,
72402,3.320234775543213,
72502,3.320234775543213,
72602,3.320234775543213,
72702,3.3149561882019043,
72802,3.3149561882019043,
72902,3.320234775543213,
73002,3.320234775543213,
73102,3.3255133628845215,
73202,3.3255133628845215,
73302,3.3255133628845215,
73402,3.33079195022583,
73502,3.320234775543213,
73602,3.3149561882019043,
73702,3.3096776008605957,
73802,3.3096776008605957,
73902,3.3096776008605957,
74002,3.3149561882019043,
74102,3.3149561882019043,
74202,3.3149561882019043,
74302,3.320234775543213,
74402,3.3255133628845215,
74502,3.3255133628845215,
74602,3.320234775543213,
74702,3.320234775543213,
74802,3.3149561882019043,
74902,3.3096776008605957,
75002,3.3096776008605957,
75102,3.3149561882019043,
75202,3.3149561882019043,
75302,3.3149561882019043,
75402,3.320234775543213,
75502,3.3149561882019043,
75602,3.3149561882019043,
75702,3.320234775543213,
75802,3.3149561882019043,
75902,3.320234775543213,
76002,3.3149561882019043,
76102,3.3149561882019043,
76202,3.3096776008605957,
76302,3.3149561882019043,
76402,3.3149561882019043,
76502,3.320234775543213,
76602,3.320234775543213,
76702,3.3255133628845215,
76802,3.3255133628845215,
76902,3.320234775543213,
77002,3.3096776008605957,
77102,3.304399013519287,
77202,3.2991204261779785,
77302,3.3096776008605957,
77402,3.3096776008605957,
77502,3.3149561882019043,
77602,3.304399013519287,
77702,3.2991204261779785,
77802,3.304399013519287,
77902,3.3096776008605957,
78002,3.320234775543213,
78102,3.320234775543213,
78202,3.320234775543213,
78302,3.320234775543213,
78402,3.3149561882019043,
78502,3.3096776008605957,
78602,3.2991204261779785,
78702,3.304399013519287,
78802,3.3096776008605957,
78902,3.3096776008605957,
79002,3.3096776008605957,
79102,3.3096776008605957,
79202,3.3096776008605957,
79302,3.3149561882019043,
79402,3.3255133628845215,
79502,3.3255133628845215,
79602,3.320234775543213,
79702,3.320234775543213,
79802,3.304399013519287,
79902,3.304399013519287,
80002,3.2991204261779785,
80102,3.2885632514953613,
80202,3.304399013519287,
80302,3.2832846641540527,
80402,3.2885632514953613,
80502,3.2885632514953613,
80602,3.3255133628845215,
80702,3.320234775543213,
80802,3.3096776008605957,
80902,3.3096776008605957,
81002,3.3149561882019043,
81102,3.3149561882019043,
81202,3.320234775543213,
81302,3.3255133628845215,
81402,3.320234775543213,
81502,3.304399013519287,
81602,3.304399013519287,
81702,3.304399013519287,
81802,3.304399013519287,
81902,3.304399013519287,
82002,3.3149561882019043,
82102,3.3149561882019043,
82202,3.3096776008605957,
82302,3.3149561882019043,
82402,3.3149561882019043,
82502,3.3149561882019043,
82602,3.3096776008605957,
82702,3.320234775543213,
82802,3.3096776008605957,
82902,3.304399013519287,
83002,3.3149561882019043,
83102,3.3096776008605957,
83202,3.3096776008605957,
83302,3.3096776008605957,
83402,3.3096776008605957,
83502,3.2991204261779785,
83602,3.2991204261779785,
83702,3.2991204261779785,
83802,3.304399013519287,
83902,3.304399013519287,
84002,3.304399013519287,
84102,3.3149561882019043,
84202,3.3149561882019043,
84302,3.3149561882019043,
84402,3.3096776008605957,
84502,3.3096776008605957,
84602,3.3096776008605957,
84702,3.29384183883667,
84802,3.2885632514953613,
84902,3.304399013519287,
85002,3.304399013519287,
85102,3.304399013519287,
85202,3.2991204261779785,
85302,3.3096776008605957,
85402,3.3149561882019043,
85602,3.3149561882019043,
85702,3.3096776008605957,
85802,3.304399013519287,
86102,3.3096776008605957,
86202,3.304399013519287,
86402,3.3149561882019043,
86502,3.3255133628845215,
86602,3.3096776008605957,
86702,3.3096776008605957,
86802,3.3149561882019043,
87102,3.304399013519287,
87202,3.304399013519287,
87402,3.3096776008605957,
87502,3.3096776008605957,
87602,3.3096776008605957,
87702,3.304399013519287,
87802,3.3149561882019043,
87902,3.3096776008605957,
88002,3.3096776008605957,
88102,3.304399013519287,
88302,3.3149561882019043,
88602,3.3096776008605957,
88802,3.3096776008605957,
88902,3.3096776008605957,
89102,3.304399013519287,
89202,3.2991204261779785,
89402,3.304399013519287,
89602,3.3149561882019043,
89702,3.3096776008605957,
89902,3.2991204261779785,
90102,3.3096776008605957,
90202,3.304399013519287,
90402,3.304399013519287,
90502,3.304399013519287,
90602,3.304399013519287,
90902,3.3096776008605957,
91002,3.304399013519287,
91302,3.3096776008605957,
91602,3.3149561882019043,
91702,3.3096776008605957,
91902,3.2991204261779785,
92102,3.3096776008605957,
92202,3.304399013519287,
92302,3.3096776008605957,
92402,3.304399013519287,
92702,3.29384183883667,
92802,3.304399013519287,
92902,3.304399013519287,
93002,3.304399013519287,
93102,3.2991204261779785,
93202,3.2991204261779785,
93302,3.304399013519287,
93402,3.3149561882019043,
93502,3.3149561882019043,
93602,3.3096776008605957,
93702,3.304399013519287,
93802,3.304399013519287,
93902,3.2991204261779785,
94002,3.29384183883667,
94102,3.304399013519287,
94202,3.304399013519287,
94302,3.3149561882019043,
94402,3.3096776008605957,
94502,3.304399013519287,
94602,3.2991204261779785,
94702,3.304399013519287,
94802,3.304399013519287,
94902,3.304399013519287,
95002,3.3096776008605957,
95102,3.304399013519287,
95202,3.304399013519287,
95302,3.3096776008605957,
95402,3.304399013519287,
95502,3.304399013519287,
95602,3.3096776008605957,
95702,3.304399013519287,
95802,3.304399013519287,
95902,3.304399013519287,
96002,3.304399013519287,
96102,3.304399013519287,
96202,3.304399013519287,
96302,3.2991204261779785,
96402,3.2991204261779785,
96502,3.304399013519287,
96602,3.3096776008605957,
96702,3.304399013519287,
96802,3.304399013519287,
97002,3.304399013519287,
97402,3.2991204261779785,
97502,3.3096776008605957,
97602,3.2991204261779785,
97802,3.304399013519287,
97902,3.304399013519287,
98002,3.2991204261779785,
98102,3.2991204261779785,
98202,3.2991204261779785,
98302,3.304399013519287,
98402,3.2991204261779785,
98502,3.2991204261779785,
98702,3.2991204261779785,
98802,3.29384183883667,
98902,3.304399013519287,
99002,3.304399013519287,
99202,3.2991204261779785,
99302,3.304399013519287,
99402,3.2991204261779785,
99602,3.2991204261779785,
99702,3.29384183883667,
99802,3.29384183883667,
100002,3.2991204261779785,
100102,3.2991204261779785,
100202,3.2991204261779785,
100302,3.304399013519287,
100402,3.304399013519287,
100502,3.2991204261779785,
100602,3.29384183883667,
100802,3.2991204261779785,
101102,3.304399013519287,
101302,3.2991204261779785,
101402,3.2991204261779785,
101502,3.2991204261779785,
101702,3.29384183883667,
101802,3.2991204261779785,
102002,3.29384183883667,
102102,3.2885632514953613,
102202,3.2991204261779785,
102502,3.2991204261779785,
102602,3.304399013519287,
102802,3.29384183883667,
103002,3.29384183883667,
103102,3.2991204261779785,
103202,3.2991204261779785,
103302,3.304399013519287,
103502,3.2991204261779785,
103602,3.29384183883667,
103702,3.2885632514953613,
103802,3.2885632514953613,
103902,3.2885632514953613,
104002,3.2991204261779785,
104102,3.2991204261779785,
104202,3.29384183883667,
104302,3.3096776008605957,
104402,3.3096776008605957,
104502,3.3149561882019043,
104602,3.304399013519287,
104702,3.2885632514953613,
104802,3.2885632514953613,
104902,3.2832846641540527,
105002,3.2885632514953613,
105102,3.29384183883667,
105202,3.29384183883667,
105302,3.29384183883667,
105402,3.29384183883667,
105502,3.29384183883667,
105602,3.2885632514953613,
105702,3.2885632514953613,
105802,3.304399013519287,
105902,3.2991204261779785,
106002,3.304399013519287,
106102,3.2991204261779785,
106202,3.2885632514953613,
106302,3.2885632514953613,
106402,3.2885632514953613,
106502,3.278006076812744,
106602,3.2832846641540527,
106702,3.2885632514953613,
106802,3.29384183883667,
106902,3.2991204261779785,
107002,3.2991204261779785,
107102,3.2991204261779785,
107202,3.29384183883667,
107302,3.2991204261779785,
107402,3.29384183883667,
107502,3.2832846641540527,
107602,3.278006076812744,
107702,3.2832846641540527,
107802,3.2885632514953613,
107902,3.2885632514953613,
108002,3.2885632514953613,
108102,3.2885632514953613,
108202,3.278006076812744,
108302,3.29384183883667,
108402,3.29384183883667,
108502,3.29384183883667,
108602,3.2991204261779785,
108702,3.2991204261779785,
108802,3.2991204261779785,
108902,3.2885632514953613,
109002,3.278006076812744,
109102,3.278006076812744,
109202,3.2885632514953613,
109302,3.2885632514953613,
109402,3.2885632514953613,
109502,3.2832846641540527,
109602,3.2885632514953613,
109702,3.2885632514953613,
109802,3.29384183883667,
110002,3.29384183883667,
110102,3.29384183883667,
110302,3.2885632514953613,
110402,3.2885632514953613,
110502,3.2832846641540527,
110702,3.2885632514953613,
110802,3.2832846641540527,
110902,3.2832846641540527,
111002,3.2832846641540527,
111102,3.278006076812744,
111202,3.267448902130127,
111302,3.2727274894714355,
111502,3.2885632514953613,
111702,3.2885632514953613,
111802,3.2885632514953613,
111902,3.278006076812744,
112002,3.2832846641540527,
112102,3.278006076812744,
112202,3.278006076812744,
112302,3.278006076812744,
112402,3.267448902130127,
112502,3.2727274894714355,
112602,3.2727274894714355,
112702,3.278006076812744,
112802,3.278006076812744,
112902,3.2832846641540527,
113002,3.2885632514953613,
113102,3.2885632514953613,
113202,3.278006076812744,
113302,3.267448902130127,
113402,3.2727274894714355,
113502,3.2727274894714355,
113602,3.2832846641540527,
113702,3.2727274894714355,
113802,3.2832846641540527,
113902,3.278006076812744,
114002,3.278006076812744,
114102,3.278006076812744,
114202,3.267448902130127,
114302,3.2832846641540527,
114402,3.2885632514953613,
114502,3.2832846641540527,
114602,3.2727274894714355,
114702,3.2727274894714355,
114802,3.278006076812744,
114902,3.278006076812744,
115002,3.278006076812744,
115102,3.278006076812744,
115202,3.278006076812744,
115302,3.2727274894714355,
115402,3.2727274894714355,
115502,3.278006076812744,
115602,3.278006076812744,
115702,3.2727274894714355,
115802,3.278006076812744,
115902,3.2727274894714355,
116002,3.278006076812744,
116102,3.2832846641540527,
116202,3.267448902130127,
116302,3.2727274894714355,
116402,3.2727274894714355,
116502,3.278006076812744,
116602,3.2832846641540527,
116702,3.2885632514953613,
116802,3.2885632514953613,
116902,3.2832846641540527,
117002,3.278006076812744,
117202,3.267448902130127,
117302,3.2568917274475098,
117402,3.2568917274475098,
117502,3.2621703147888184,
117602,3.2727274894714355,
117702,3.2832846641540527,
117802,3.2832846641540527,
118002,3.2885632514953613,
118202,3.2727274894714355,
118302,3.278006076812744,
118402,3.278006076812744,
118502,3.267448902130127,
118802,3.278006076812744,
118902,3.2727274894714355,
119002,3.2727274894714355,
119102,3.2832846641540527,
119202,3.278006076812744,
119302,3.278006076812744,
119402,3.2832846641540527,
119502,3.278006076812744,
119602,3.2727274894714355,
119702,3.267448902130127,
119802,3.2727274894714355,
119902,3.2727274894714355,
120002,3.267448902130127,
120102,3.2727274894714355,
120202,3.2832846641540527,
120402,3.2832846641540527,
120502,3.278006076812744,
120602,3.278006076812744,
120702,3.2727274894714355,
120902,3.267448902130127,
121002,3.2568917274475098,
121102,3.267448902130127,
121302,3.2885632514953613,
121402,3.2832846641540527,
121502,3.278006076812744,
121602,3.2727274894714355,
121902,3.2621703147888184,
122102,3.267448902130127,
122202,3.2727274894714355,
122702,3.267448902130127,
122802,3.267448902130127,
122902,3.267448902130127,
123002,3.278006076812744,
123102,3.278006076812744,
123302,3.278006076812744,
123802,3.267448902130127,
123902,3.2727274894714355,
124002,3.267448902130127,
124102,3.267448902130127,
124402,3.278006076812744,
124502,3.2832846641540527,
124602,3.278006076812744,
124702,3.2727274894714355,
124802,3.2727274894714355,
124902,3.267448902130127,
125102,3.2621703147888184,
125202,3.2621703147888184,
125302,3.2727274894714355,
125402,3.2727274894714355,
125502,3.278006076812744,
125602,3.2727274894714355,
125702,3.2621703147888184,
125802,3.267448902130127,
125902,3.267448902130127,
126002,3.267448902130127,
126102,3.267448902130127,
126202,3.2727274894714355,
126302,3.2727274894714355,
126402,3.278006076812744,
126502,3.2832846641540527,
126602,3.2832846641540527,
126702,3.2727274894714355,
126802,3.267448902130127,
126902,3.2621703147888184,
127002,3.2568917274475098,
127102,3.2568917274475098,
127202,3.2621703147888184,
127302,3.2727274894714355,
127402,3.2727274894714355,
127502,3.2727274894714355,
127602,3.278006076812744,
127702,3.2832846641540527,
127802,3.2832846641540527,
127902,3.2727274894714355,
128002,3.267448902130127,
128102,3.267448902130127,
128202,3.267448902130127,
128302,3.2621703147888184,
128402,3.2621703147888184,
128502,3.267448902130127,
128602,3.267448902130127,
128702,3.267448902130127,
128802,3.2727274894714355,
128902,3.267448902130127,
129002,3.267448902130127,
129102,3.2568917274475098,
129202,3.2621703147888184,
129302,3.267448902130127,
129402,3.278006076812744,
129502,3.278006076812744,
129602,3.278006076812744,
129702,3.2727274894714355,
129802,3.2727274894714355,
130002,3.2727274894714355,
130102,3.2727274894714355,
130202,3.2568917274475098,
130302,3.2568917274475098,
130402,3.2621703147888184,
130502,3.267448902130127,
130602,3.267448902130127,
130702,3.2727274894714355,
130802,3.2727274894714355,
130902,3.267448902130127,
131002,3.267448902130127,
131102,3.267448902130127,
131202,3.267448902130127,
131302,3.2621703147888184,
131402,3.2727274894714355,
131502,3.278006076812744,
131602,3.278006076812744,
131702,3.2727274894714355,
131802,3.267448902130127,
131902,3.2568917274475098,
132002,3.2621703147888184,
132102,3.267448902130127,
132202,3.2568917274475098,
132302,3.2621703147888184,
132402,3.267448902130127,
132602,3.2727274894714355,
132702,3.2727274894714355,
132802,3.267448902130127,
132902,3.2621703147888184,
133002,3.2621703147888184,
133102,3.267448902130127,
133202,3.2621703147888184,
133302,3.2621703147888184,
133402,3.2568917274475098,
133502,3.2621703147888184,
133602,3.2727274894714355,
133702,3.2727274894714355,
133802,3.267448902130127,
133902,3.267448902130127,
134002,3.267448902130127,
134102,3.2621703147888184,
134202,3.2621703147888184,
134302,3.2568917274475098,
134402,3.2568917274475098,
134502,3.2621703147888184,
134602,3.2621703147888184,
134702,3.2621703147888184,
134802,3.2621703147888184,
134902,3.2621703147888184,
135002,3.2621703147888184,
135102,3.2621703147888184,
135202,3.2621703147888184,
135302,3.267448902130127,
135402,3.2621703147888184,
135502,3.267448902130127,
135602,3.267448902130127,
135702,3.267448902130127,
135802,3.2621703147888184,
135902,3.2621703147888184,
136002,3.2621703147888184,
136102,3.267448902130127,
136202,3.2621703147888184,
136302,3.2621703147888184,
136402,3.2568917274475098,
136502,3.2568917274475098,
136602,3.2621703147888184,
136702,3.267448902130127,
136802,3.2727274894714355,
136902,3.2568917274475098,
137002,3.2568917274475098,
137102,3.2621703147888184,
137202,3.267448902130127,
137302,3.2568917274475098,
137402,3.2568917274475098,
137502,3.2568917274475098,
137602,3.251613140106201,
137702,3.251613140106201,
137802,3.251613140106201,
137902,3.2568917274475098,
138002,3.2621703147888184,
138102,3.267448902130127,
138202,3.2621703147888184,
138302,3.2621703147888184,
138402,3.251613140106201,
138502,3.2568917274475098,
138602,3.2568917274475098,
138702,3.2568917274475098,
138802,3.2621703147888184,
138902,3.2621703147888184,
139002,3.2621703147888184,
139102,3.2568917274475098,
139202,3.2463345527648926,
139302,3.251613140106201,
139402,3.251613140106201,
139502,3.251613140106201,
139602,3.251613140106201,
139702,3.2463345527648926,
139802,3.251613140106201,
139902,3.2568917274475098,
140002,3.2568917274475098,
140102,3.2621703147888184,
140202,3.2568917274475098,
140302,3.2621703147888184,
140402,3.2621703147888184,
140502,3.2621703147888184,
140602,3.2568917274475098,
140702,3.2463345527648926,
140802,3.251613140106201,
140902,3.251613140106201,
141002,3.2568917274475098,
141102,3.2621703147888184,
141202,3.2621703147888184,
141302,3.2568917274475098,
141402,3.2463345527648926,
141502,3.251613140106201,
141602,3.2568917274475098,
141702,3.2463345527648926,
141802,3.251613140106201,
141902,3.2568917274475098,
142002,3.2568917274475098,
142102,3.2568917274475098,
142202,3.251613140106201,
142302,3.251613140106201,
142402,3.251613140106201,
142502,3.251613140106201,
142602,3.241055965423584,
142702,3.2357773780822754,
142802,3.241055965423584,
142902,3.2463345527648926,
143002,3.251613140106201,
143102,3.251613140106201,
143202,3.251613140106201,
143302,3.2568917274475098,
143402,3.2568917274475098,
143502,3.2568917274475098,
143602,3.2568917274475098,
143702,3.2568917274475098,
143802,3.251613140106201,
143902,3.251613140106201,
144002,3.241055965423584,
144102,3.241055965423584,
144202,3.241055965423584,
144302,3.241055965423584,
144402,3.251613140106201,
144502,3.251613140106201,
144602,3.2463345527648926,
144702,3.2463345527648926,
144802,3.251613140106201,
144902,3.251613140106201,
145002,3.251613140106201,
145102,3.2568917274475098,
145202,3.251613140106201,
145302,3.251613140106201,
145402,3.251613140106201,
145502,3.251613140106201,
145602,3.251613140106201,
145702,3.2463345527648926,
145802,3.2463345527648926,
145902,3.2463345527648926,
146002,3.2463345527648926,
146102,3.251613140106201,
146202,3.251613140106201,
146302,3.2568917274475098,
146402,3.251613140106201,
146502,3.2463345527648926,
146602,3.2463345527648926,
146702,3.241055965423584,
146802,3.2463345527648926,
146902,3.2463345527648926,
147002,3.2463345527648926,
147102,3.241055965423584,
147202,3.241055965423584,
147302,3.2463345527648926,
147402,3.2357773780822754,
147502,3.2463345527648926,
147602,3.2463345527648926,
147702,3.214663028717041,
147802,3.2093844413757324,
147902,3.2093844413757324,
148002,3.2568917274475098,
148102,3.251613140106201,
148202,3.251613140106201,
148302,3.241055965423584,
148402,3.230498790740967,
148502,3.2357773780822754,
148602,3.2463345527648926,
148702,3.251613140106201,
148802,3.2568917274475098,
148902,3.2621703147888184,
149002,3.251613140106201,
149102,3.2357773780822754,
149202,3.241055965423584,
149302,3.2357773780822754,
149402,3.230498790740967,
149502,3.2357773780822754,
149602,3.2357773780822754,
149702,3.2463345527648926,
149802,3.2463345527648926,
149902,3.2463345527648926,
150002,3.241055965423584,
150102,3.241055965423584,
150202,3.241055965423584,
150302,3.241055965423584,
150402,3.241055965423584,
150502,3.241055965423584,
150602,3.2357773780822754,
150702,3.2357773780822754,
150802,3.241055965423584,
150902,3.2463345527648926,
151002,3.2463345527648926,
151102,3.2463345527648926,
151202,3.2357773780822754,
151302,3.2357773780822754,
151402,3.2463345527648926,
151502,3.241055965423584,
151602,3.2463345527648926,
151702,3.241055965423584,
151802,3.2463345527648926,
151902,3.2463345527648926,
152002,3.2357773780822754,
152402,3.241055965423584,
152502,3.241055965423584,
152602,3.230498790740967,
152702,3.225220203399658,
152802,3.241055965423584,
153002,3.2463345527648926,
153202,3.241055965423584,
153402,3.2463345527648926,
153502,3.241055965423584,
153602,3.2357773780822754,
153702,3.230498790740967,
154002,3.241055965423584,
154102,3.2463345527648926,
154202,3.2463345527648926,
154302,3.241055965423584,
154402,3.230498790740967,
154502,3.225220203399658,
154602,3.230498790740967,
154702,3.230498790740967,
154802,3.2357773780822754,
154902,3.2463345527648926,
155002,3.2357773780822754,
155102,3.2357773780822754,
155202,3.230498790740967,
155302,3.2357773780822754,
155402,3.241055965423584,
155502,3.241055965423584,
155602,3.2357773780822754,
155702,3.241055965423584,
155802,3.2357773780822754,
155902,3.2357773780822754,
156002,3.225220203399658,
156102,3.230498790740967,
156302,3.230498790740967,
156402,3.230498790740967,
156502,3.230498790740967,
156602,3.230498790740967,
156702,3.230498790740967,
156802,3.2357773780822754,
156902,3.2357773780822754,
157002,3.241055965423584,
157202,3.2357773780822754,
157302,3.2357773780822754,
157402,3.2357773780822754,
157502,3.241055965423584,
157602,3.230498790740967,
157702,3.2357773780822754,
157802,3.225220203399658,
157902,3.225220203399658,
158102,3.230498790740967,
158302,3.241055965423584,
158402,3.2357773780822754,
158502,3.241055965423584,
158602,3.241055965423584,
158802,3.230498790740967,
158902,3.230498790740967,
159002,3.2199416160583496,
159202,3.230498790740967,
159302,3.2357773780822754,
159502,3.2357773780822754,
159602,3.241055965423584,
159702,3.2357773780822754,
159802,3.230498790740967,
159902,3.230498790740967,
160002,3.2199416160583496,
160102,3.225220203399658,
160202,3.230498790740967,
160302,3.2357773780822754,
160502,3.2199416160583496,
160602,3.2199416160583496,
160702,3.2199416160583496,
160802,3.225220203399658,
161002,3.230498790740967,
161102,3.2199416160583496,
161202,3.214663028717041,
161302,3.225220203399658,
161402,3.230498790740967,
161502,3.225220203399658,
161702,3.230498790740967,
161802,3.230498790740967,
161902,3.230498790740967,
162002,3.230498790740967,
162102,3.214663028717041,
162202,3.214663028717041,
162302,3.2199416160583496,
162402,3.2199416160583496,
162502,3.2199416160583496,
162602,3.2199416160583496,
162702,3.2199416160583496,
163002,3.2357773780822754,
163102,3.2357773780822754,
163202,3.230498790740967,
163302,3.2199416160583496,
163602,3.214663028717041,
163702,3.225220203399658,
163802,3.225220203399658,
163902,3.214663028717041,
164002,3.2199416160583496,
164102,3.225220203399658,
164202,3.225220203399658,
164302,3.225220203399658,
164402,3.225220203399658,
164502,3.214663028717041,
164602,3.214663028717041,
164702,3.214663028717041,
164802,3.2093844413757324,
164902,3.2199416160583496,
165002,3.2199416160583496,
165102,3.2199416160583496,
165202,3.214663028717041,
165302,3.2199416160583496,
165402,3.2199416160583496,
165502,3.214663028717041,
165602,3.214663028717041,
165702,3.2093844413757324,
165802,3.2199416160583496,
165902,3.2199416160583496,
166002,3.225220203399658,
166102,3.2199416160583496,
166202,3.2093844413757324,
166302,3.214663028717041,
166402,3.214663028717041,
166502,3.2093844413757324,
166602,3.2199416160583496,
166702,3.214663028717041,
166802,3.214663028717041,
166902,3.214663028717041,
167002,3.214663028717041,
167102,3.214663028717041,
167202,3.2093844413757324,
167302,3.214663028717041,
167402,3.2199416160583496,
167502,3.2093844413757324,
167602,3.2093844413757324,
167702,3.2093844413757324,
167802,3.2093844413757324,
167902,3.214663028717041,
168002,3.2199416160583496,
168102,3.2199416160583496,
168202,3.2093844413757324,
168302,3.2041053771972656,
168402,3.2093844413757324,
168502,3.214663028717041,
168602,3.2093844413757324,
168702,3.214663028717041,
168802,3.214663028717041,
168902,3.214663028717041,
169002,3.2093844413757324,
169102,3.214663028717041,
169202,3.214663028717041,
169302,3.2041053771972656,
169402,3.1935482025146484,
169502,3.1829910278320312,
169602,3.198826789855957,
169702,3.2093844413757324,
169802,3.214663028717041,
169902,3.214663028717041,
170002,3.2199416160583496,
170102,3.214663028717041,
170202,3.2041053771972656,
170302,3.2041053771972656,
170402,3.2041053771972656,
170502,3.2041053771972656,
170602,3.198826789855957,
170702,3.198826789855957,
170802,3.2041053771972656,
170902,3.2041053771972656,
171002,3.2041053771972656,
171102,3.2041053771972656,
171202,3.2041053771972656,
171302,3.2093844413757324,
171402,3.2041053771972656,
171502,3.198826789855957,
171602,3.1935482025146484,
171702,3.198826789855957,
171802,3.198826789855957,
171902,3.198826789855957,
172002,3.2041053771972656,
172102,3.2041053771972656,
172202,3.2041053771972656,
172302,3.2093844413757324,
172402,3.2093844413757324,
172502,3.2041053771972656,
172602,3.2041053771972656,
172702,3.198826789855957,
172802,3.1935482025146484,
172902,3.198826789855957,
173002,3.198826789855957,
173102,3.1935482025146484,
173202,3.18826961517334,
173302,3.1935482025146484,
173402,3.198826789855957,
173502,3.18826961517334,
173602,3.198826789855957,
173702,3.2041053771972656,
173802,3.2093844413757324,
173902,3.2093844413757324,
174002,3.18826961517334,
174102,3.1829910278320312,
174202,3.1777124404907227,
174302,3.18826961517334,
174402,3.198826789855957,
174502,3.2041053771972656,
174602,3.2093844413757324,
174702,3.198826789855957,
174802,3.1935482025146484,
174902,3.1935482025146484,
175002,3.1829910278320312,
175102,3.172433853149414,
175202,3.1777124404907227,
175302,3.1935482025146484,
175402,3.1935482025146484,
175502,3.1935482025146484,
175602,3.1935482025146484,
175702,3.1935482025146484,
175802,3.2041053771972656,
175902,3.198826789855957,
176002,3.198826789855957,
176102,3.1935482025146484,
176202,3.1829910278320312,
176302,3.1777124404907227,
176402,3.1777124404907227,
176502,3.1829910278320312,
176602,3.18826961517334,
176702,3.18826961517334,
176802,3.1935482025146484,
176902,3.1829910278320312,
177002,3.18826961517334,
177102,3.18826961517334,
177202,3.18826961517334,
177302,3.18826961517334,
177402,3.1829910278320312,
177502,3.1829910278320312,
177602,3.1829910278320312,
177702,3.18826961517334,
177802,3.1935482025146484,
177902,3.1829910278320312,
178002,3.1829910278320312,
178102,3.1777124404907227,
178202,3.1777124404907227,
178302,3.1935482025146484,
178402,3.18826961517334,
178502,3.1829910278320312,
178602,3.1829910278320312,
178702,3.18826961517334,
178802,3.18826961517334,
178902,3.1935482025146484,
179002,3.18826961517334,
179102,3.1777124404907227,
179202,3.172433853149414,
179302,3.172433853149414,
179402,3.1777124404907227,
179502,3.1935482025146484,
179602,3.1935482025146484,
179702,3.18826961517334,
179802,3.18826961517334,
179902,3.18826961517334,
180002,3.1935482025146484,
180102,3.1829910278320312,
180202,3.172433853149414,
180302,3.172433853149414,
180402,3.172433853149414,
180502,3.172433853149414,
180602,3.1829910278320312,
180702,3.1829910278320312,
180802,3.1829910278320312,
180902,3.1777124404907227,
181002,3.172433853149414,
181102,3.1777124404907227,
181202,3.1777124404907227,
181302,3.1777124404907227,
181402,3.172433853149414,
181502,3.172433853149414,
181602,3.172433853149414,
181702,3.172433853149414,
181802,3.172433853149414,
181902,3.1777124404907227,
182002,3.172433853149414,
182102,3.1829910278320312,
182202,3.1829910278320312,
182302,3.172433853149414,
182402,3.1777124404907227,
182502,3.172433853149414,
182602,3.161876678466797,
182702,3.1671552658081055,
182802,3.172433853149414,
182902,3.1777124404907227,
183002,3.1777124404907227,
183102,3.172433853149414,
183202,3.161876678466797,
183302,3.161876678466797,
183402,3.1777124404907227,
183502,3.18826961517334,
183602,3.1777124404907227,
183702,3.1777124404907227,
183802,3.172433853149414,
183902,3.1565980911254883,
184002,3.1513195037841797,
184102,3.1565980911254883,
184202,3.1671552658081055,
184302,3.172433853149414,
184402,3.172433853149414,
184502,3.1777124404907227,
184602,3.172433853149414,
184702,3.172433853149414,
184802,3.1671552658081055,
184902,3.1671552658081055,
185002,3.172433853149414,
185102,3.161876678466797,
185202,3.1565980911254883,
185302,3.1565980911254883,
185402,3.1671552658081055,
185502,3.161876678466797,
185602,3.161876678466797,
185702,3.172433853149414,
185802,3.1671552658081055,
185902,3.172433853149414,
186002,3.1777124404907227,
186102,3.172433853149414,
186202,3.161876678466797,
186302,3.1671552658081055,
186402,3.161876678466797,
186502,3.1565980911254883,
186602,3.1407623291015625,
186702,3.146040916442871,
186802,3.161876678466797,
186902,3.1671552658081055,
187002,3.146040916442871,
187102,3.146040916442871,
187202,3.161876678466797,
187302,3.161876678466797,
187402,3.1565980911254883,
187502,3.1565980911254883,
187602,3.1565980911254883,
187702,3.1565980911254883,
187802,3.1513195037841797,
187902,3.161876678466797,
188002,3.1513195037841797,
188102,3.1513195037841797,
188202,3.1513195037841797,
188302,3.1513195037841797,
188402,3.146040916442871,
188502,3.146040916442871,
188602,3.1513195037841797,
188702,3.1513195037841797,
188802,3.1513195037841797,
188902,3.1513195037841797,
189002,3.1513195037841797,
189102,3.1565980911254883,
189202,3.1565980911254883,
189302,3.146040916442871,
189402,3.146040916442871,
189502,3.1407623291015625,
189602,3.146040916442871,
189702,3.1513195037841797,
189802,3.1513195037841797,
189902,3.146040916442871,
190002,3.146040916442871,
190102,3.146040916442871,
190202,3.146040916442871,
190302,3.146040916442871,
190402,3.1513195037841797,
190502,3.1513195037841797,
190602,3.1565980911254883,
190702,3.1513195037841797,
190802,3.146040916442871,
190902,3.135483741760254,
191002,3.1407623291015625,
191102,3.146040916442871,
191202,3.1513195037841797,
191302,3.146040916442871,
191402,3.146040916442871,
191502,3.146040916442871,
191602,3.1407623291015625,
191702,3.135483741760254,
191802,3.1407623291015625,
191902,3.146040916442871,
192002,3.1513195037841797,
192102,3.1565980911254883,
192202,3.1565980911254883,
192302,3.146040916442871,
192402,3.146040916442871,
192502,3.1407623291015625,
192602,3.1513195037841797,
192702,3.1565980911254883,
192802,3.1407623291015625,
192902,3.135483741760254,
193002,3.135483741760254,
193102,3.135483741760254,
193202,3.1302051544189453,
193302,3.135483741760254,
193402,3.146040916442871,
193502,3.146040916442871,
193602,3.1407623291015625,
193702,3.1407623291015625,
193802,3.1407623291015625,
193902,3.135483741760254,
194002,3.146040916442871,
194102,3.1407623291015625,
194202,3.1407623291015625,
194302,3.1407623291015625,
194402,3.1302051544189453,
194502,3.119647979736328,
194602,3.1143693923950195,
194702,3.119647979736328,
194802,3.135483741760254,
194902,3.1407623291015625,
195002,3.1407623291015625,
195102,3.135483741760254,
195202,3.1407623291015625,
195302,3.1302051544189453,
195402,3.1302051544189453,
195502,3.1249265670776367,
195602,3.1302051544189453,
195702,3.1302051544189453,
195802,3.1302051544189453,
195902,3.1302051544189453,
196002,3.1249265670776367,
196102,3.1302051544189453,
196202,3.1249265670776367,
196302,3.1249265670776367,
196402,3.1302051544189453,
196502,3.1302051544189453,
196602,3.1302051544189453,
196702,3.135483741760254,
196802,3.1302051544189453,
196902,3.1249265670776367,
197002,3.1143693923950195,
197102,3.119647979736328,
197202,3.1143693923950195,
197302,3.1143693923950195,
197402,3.1249265670776367,
197502,3.1302051544189453,
197602,3.119647979736328,
197702,3.119647979736328,
197802,3.119647979736328,
197902,3.1302051544189453,
198002,3.119647979736328,
198102,3.109090805053711,
198202,3.119647979736328,
198302,3.1249265670776367,
198402,3.1249265670776367,
198502,3.1249265670776367,
198602,3.119647979736328,
198702,3.119647979736328,
198802,3.1143693923950195,
198902,3.1143693923950195,
199002,3.1143693923950195,
199102,3.119647979736328,
199202,3.119647979736328,
199302,3.1143693923950195,
199402,3.109090805053711,
199502,3.109090805053711,
199602,3.1038122177124023,
199702,3.109090805053711,
199802,3.119647979736328,
