138091,-0.0067500281147658825,-0.0023042575921863317,0.9996974468231201,
138191,-0.008704904466867447,-0.007345868274569511,0.9982895851135254,
138291,-0.006233289837837219,-0.0020455466583371162,0.997471034526825,
138391,-0.005556563381105661,-0.002585352398455143,0.9965010285377502,
138491,-0.00724966824054718,-0.005552441813051701,0.9971725344657898,
138591,-0.008065382950007915,-0.004865986295044422,0.9967079162597656,
138691,-0.003653118386864662,-0.00432949373498559,0.9991103410720825,
138791,-0.0073134396225214005,-0.0024846638552844524,0.9976518750190735,
138891,-0.005957028362900019,-0.004621861036866903,0.9980962872505188,
138991,-0.007006913423538208,-0.0026194783858954906,0.9998400807380676,
139091,-0.006462794728577137,-0.002336417092010379,0.9994243383407593,
139191,-0.0060445829294621944,-0.0020030266605317593,0.9981436133384705,
139291,-0.004768460523337126,-0.0038412429857999086,0.9975516200065613,
139391,-0.006791382096707821,-0.005002992227673531,0.9967678189277649,
139491,-0.005358884111046791,-0.0037442464381456375,0.9971656799316406,
139591,-0.005609792657196522,-0.004488909151405096,0.9979103207588196,
139691,-0.008490596897900105,-0.0031201038509607315,0.9972468018531799,
139791,-0.005555527284741402,-0.0025806764606386423,0.9974692463874817,
139891,-0.005744872614741325,-0.0023748637177050114,0.9988384246826172,
139991,-0.0057994890958070755,-0.0027299432549625635,0.9976809620857239,
140091,-0.006171368528157473,-0.0031698201783001423,0.9984550476074219,
140191,-0.005064067896455526,-0.0025984945241361856,0.9992276430130005,
140291,-0.004990243352949619,-0.0034280107356607914,0.9960213899612427,
140391,-0.0017513073980808258,-0.0061286818236112595,1.005360722541809,
140491,-0.003942325245589018,-0.024728432297706604,1.013035774230957,
140591,-0.031963735818862915,0.005750976037234068,1.2048801183700562,
140691,0.024244552478194237,0.05495971813797951,1.1465269327163696,
140791,-0.02902122773230076,-0.00046425394248217344,1.1685523986816406,
140891,-0.020359134301543236,-0.03657308220863342,1.04606032371521,
140991,-0.011953121982514858,0.018013061955571175,1.0548492670059204,
141091,0.02549024298787117,0.05011419579386711,1.039640188217163,
141191,0.04749143868684769,0.07557053118944168,1.0185661315917969,
141291,-0.0018176966113969684,0.06742695719003677,1.0306742191314697,
141391,-0.007812543772161007,0.029980039224028587,1.0418325662612915,
141491,-0.0002718576870393008,0.007843144237995148,1.0167789459228516,
141591,0.002202019328251481,0.03072124905884266,0.9074933528900146,
141691,-0.01177768874913454,0.035088203847408295,0.9696420431137085,
141791,-0.0036114377435296774,-0.0003552789567038417,1.0059813261032104,
141891,-0.027143649756908417,0.013549618422985077,1.0590519905090332,
141991,-0.028973735868930817,-0.020590368658304214,1.0871587991714478,
142091,0.01291739847511053,0.028795093297958374,1.0857772827148438,
142191,0.008420347236096859,0.04170738533139229,1.0462156534194946,
142291,0.016384685412049294,0.04325062036514282,1.008480191230774,
142391,-0.011817165650427341,-0.0213804692029953,1.0615332126617432,
142491,-0.011093567125499249,0.041505444794893265,1.003426432609558,
142591,-0.010641200467944145,0.03866828233003616,1.033028244972229,
142691,0.02909799851477146,0.003812340786680579,0.9948886632919312,
142791,0.028829818591475487,0.02900261990725994,0.939451277256012,
142891,-0.005918887909501791,0.04735487699508667,0.9648966789245605,
142991,0.020828677341341972,0.09033819288015366,0.8954117894172668,
143091,0.00010177987860515714,-0.0037565724924206734,0.9807194471359253,
143191,0.005240720696747303,0.03589044138789177,0.9460422992706299,
143291,0.03968525677919388,0.07436656206846237,0.9505072236061096,
143391,0.007812419906258583,0.044595059007406235,1.014064073562622,
143491,0.0020028098952025175,0.0012364663416519761,0.9823192954063416,
143591,0.0024544037878513336,0.0037059427704662085,1.0162577629089355,
143691,-0.005053779110312462,-0.007591572590172291,0.9993181824684143,
143791,-0.012711354531347752,-0.019057728350162506,1.0238109827041626,
143891,-0.015991969034075737,-0.004693184047937393,0.9778469204902649,
143991,0.003110072575509548,-0.003137667663395405,0.9968997240066528,
144091,0.01432397123426199,0.030068516731262207,0.9832094311714172,
144191,0.0060184430330991745,0.04656447842717171,0.9967181086540222,
144291,-0.0073512704111635685,-0.01683642901480198,1.0378204584121704,
144391,-0.020344993099570274,0.02081967145204544,1.0108782052993774,
144491,-0.01915840432047844,0.03442375734448433,1.014634370803833,
144591,-0.01686534471809864,-0.025012439116835594,1.0284943580627441,
144691,0.007354553788900375,0.035959526896476746,1.0189870595932007,
144791,-0.017689919099211693,0.006967803463339806,1.0165607929229736,
144891,-0.023112600669264793,-0.0020391063299030066,1.0637456178665161,
144991,-0.004939382430166006,0.004160870797932148,1.0174190998077393,
145091,-0.0038635043893009424,0.004894936922937632,0.9939771890640259,
145191,0.02203521691262722,0.026701966300606728,1.0040102005004883,
145291,-0.0016874372959136963,0.03233775869011879,0.9738650918006897,
145391,0.014065681025385857,0.07238428294658661,0.9668960571289062,
145491,-0.016290513798594475,0.007791248150169849,0.9942272901535034,
145591,0.01148131676018238,0.03610938787460327,1.0050718784332275,
145691,0.02200738899409771,0.03886157646775246,0.9921985268592834,
145791,0.006863160524517298,0.012238421477377415,0.9992125630378723,
145891,-0.008776616305112839,0.02416270226240158,1.0068095922470093,
145991,0.01029397826641798,-0.012975512072443962,1.0072615146636963,
146091,-0.009425158612430096,0.04471191018819809,1.0233232975006104,
146191,-0.02012586034834385,0.021227389574050903,0.9953830242156982,
146291,0.006728316657245159,0.022323861718177795,0.9848921298980713,
146391,-0.022164177149534225,0.04212597757577896,0.9840221405029297,
146491,-0.030943533405661583,-0.035074908286333084,1.05044424533844,
146591,-0.00021922180894762278,0.019965874031186104,0.9709270000457764,
146691,-0.0014873602194711566,0.040738143026828766,0.9718097448348999,
146791,0.024570908397436142,0.04638782888650894,0.9484942555427551,
146891,0.004391944967210293,-0.0014956669183447957,1.030129313468933,
146991,0.010194307193160057,0.012543344870209694,1.023864984512329,
147091,-0.0024686232209205627,0.01234637014567852,1.0112113952636719,
147191,0.0013049045810475945,0.06322091072797775,1.0152801275253296,
147291,-0.017652951180934906,-0.035852156579494476,1.0224099159240723,
147391,-0.016730360686779022,0.002801991766318679,1.0148305892944336,
147491,0.029392991214990616,0.03470078855752945,1.0150392055511475,
147591,0.010830889455974102,0.009279975667595863,1.0218422412872314,
147691,-0.010270638391375542,0.022533630952239037,0.9894362688064575,
147791,-0.008143436163663864,-0.04281352832913399,1.0210777521133423,
147891,-0.023622915148735046,-0.02015412412583828,1.0353622436523438,
147991,0.009515363723039627,0.07642246037721634,0.9717760682106018,
148091,0.0030698596965521574,0.04381154850125313,0.9841013550758362,
148191,-0.009632524102926254,0.027059946209192276,1.0098224878311157,
148291,0.013650866225361824,0.05952763184905052,1.006643295288086,
148391,0.027716683223843575,0.037142373621463776,0.9987421631813049,
148491,-0.0050724525935947895,0.027257714420557022,1.0069098472595215,
148591,0.012115138582885265,0.018373195081949234,0.9831465482711792,
148691,-0.0008851216989569366,0.017052102833986282,1.0107529163360596,
148791,-0.016404518857598305,0.040092483162879944,0.9928333163261414,
148891,-0.005203080363571644,0.03797804191708565,1.0095198154449463,
148991,0.012436378747224808,0.039125457406044006,0.9489454030990601,
149091,0.03606044501066208,0.06468471139669418,0.9870753288269043,
149191,-0.0007916329195722938,0.019272426143288612,1.017609715461731,
149291,-0.014763192273676395,0.01530357263982296,0.9848975539207458,
149391,0.0334288515150547,0.022528789937496185,0.9396349787712097,
149491,0.005636702291667461,0.0651792660355568,0.979023814201355,
149591,-0.008699515834450722,0.027939045801758766,0.9843611121177673,
149691,0.008286980912089348,0.05278454348444939,1.0102614164352417,
149791,0.0283360555768013,0.05468408763408661,0.9794223308563232,
149891,-0.0044689602218568325,0.04923475533723831,0.9970670938491821,
149991,0.03694288432598114,0.03690362349152565,0.9596582055091858,
150091,-0.0076653254218399525,-0.017703266814351082,1.0166943073272705,
150191,-0.000921342521905899,0.05770886316895485,0.9776942133903503,
150291,-0.0025331396609544754,0.02318565547466278,0.9767585396766663,
150391,0.007785675581544638,0.03734174743294716,1.0293000936508179,
150491,-0.010184535756707191,0.025711383670568466,1.0228222608566284,
150591,-0.016097240149974823,0.00685404147952795,1.0349578857421875,
150691,0.012926221825182438,0.02632935717701912,0.9879809021949768,
150791,0.006512945983558893,0.063201904296875,0.9996365308761597,
150891,-0.006679351907223463,0.02683156356215477,0.9619477391242981,
150991,0.007736670784652233,0.013912762515246868,0.9989284873008728,
151091,-0.020321935415267944,0.016391929239034653,1.020748257637024,
151191,0.0012199983466416597,0.013516743667423725,0.9932796359062195,
151291,-0.009195777587592602,0.050852738320827484,0.9770195484161377,
151391,-0.02593790367245674,0.021278301253914833,0.9975880980491638,
151491,-0.02118280716240406,0.011314190924167633,1.0349892377853394,
151591,0.036609284579753876,0.04390324652194977,0.9843723177909851,
151691,0.011474899016320705,0.05395451933145523,0.983854353427887,
151791,0.004364866763353348,0.007847428321838379,1.01777982711792,
151891,0.021975597366690636,0.04343397542834282,0.9852511286735535,
151991,-0.028448712080717087,-0.005162368528544903,0.9969587326049805,
152091,0.0034567704424262047,0.018231505528092384,0.9970299005508423,
152191,0.0009965721983462572,0.02160278894007206,0.9747434854507446,
152291,0.014625203795731068,0.043153733015060425,0.9719861149787903,
152391,-0.017218954861164093,0.007081497926265001,1.0624418258666992,
152491,0.013391977176070213,0.0397324338555336,1.0331827402114868,
152591,0.0062833381816744804,0.009024896658957005,1.0116890668869019,
152691,0.006024123169481754,0.007645003031939268,0.9821934700012207,
152791,-0.0037972847931087017,0.027624601498246193,0.9470347166061401,
152891,0.011249694041907787,0.10359933972358704,0.9446336030960083,
152991,0.017906729131937027,0.039909619837999344,0.9930066466331482,
153091,0.0050612580962479115,0.028989501297473907,1.053336262702942,
153191,0.007222238928079605,0.009469486773014069,1.0160561800003052,
153291,-0.0029586702585220337,0.007425347343087196,1.0241435766220093,
153391,0.02543686144053936,0.03699605539441109,0.9753332138061523,
153491,0.0500379279255867,0.03930871561169624,0.9655023813247681,
153591,0.01768050156533718,0.02673889510333538,0.9608352780342102,
153691,0.010232623666524887,0.030720055103302002,1.004610300064087,
153791,-0.006597340572625399,0.06578695774078369,1.0264906883239746,
153891,-0.015557130798697472,0.022066356614232063,1.0263628959655762,
153991,0.00043048258521594107,0.017757529392838478,1.0272440910339355,
154091,0.01748082973062992,0.0532468818128109,0.9858564734458923,
154191,-0.005537386517971754,0.03998648002743721,1.0110286474227905,
154291,0.019931284710764885,0.021395135670900345,1.0163304805755615,
154391,0.004935854114592075,0.005934025160968304,1.0013442039489746,
154491,-0.008583156391978264,0.006129185203462839,1.0065100193023682,
154591,-0.0005018786177970469,0.0308407973498106,1.019333839416504,
154691,0.002288853982463479,0.01397979911416769,1.013352632522583,
154791,-0.013588770292699337,0.05765340477228165,1.0028177499771118,
154891,0.008918272331357002,0.03906949609518051,1.027332067489624,
154991,-0.012101682834327221,0.026774534955620766,1.0085896253585815,
155091,-8.377630001632497e-05,-0.012476286850869656,1.0021122694015503,
155191,0.006234153639525175,0.048555705696344376,0.9995455741882324,
155291,0.021677812561392784,0.04441678896546364,1.0191433429718018,
155391,0.012178532779216766,0.029555751010775566,0.9883950352668762,
155491,0.0022636190988123417,0.019187357276678085,1.0255258083343506,
155591,0.006822589784860611,0.03312256932258606,0.9870690703392029,
155691,0.011676750145852566,0.04097616672515869,1.0108983516693115,
155791,-0.003330315463244915,0.0070562404580414295,0.9648356437683105,
155891,0.021133137866854668,0.03302915766835213,0.9833942651748657,
155991,-0.004076268058270216,-0.010012270882725716,1.0146979093551636,
156091,0.02316226437687874,0.03581419587135315,0.9952133893966675,
156191,0.011960640549659729,-0.004799115005880594,1.0156232118606567,
156291,-0.06219653785228729,0.010343460366129875,1.0251909494400024,
156391,0.023165911436080933,0.03932241350412369,0.993896484375,
156491,0.03353976458311081,0.0245169959962368,0.9835240840911865,
156591,0.03630874305963516,0.037138987332582474,0.9641220569610596,
156691,-0.009450660087168217,0.013258625753223896,1.0065795183181763,
156791,-0.025599563494324684,0.025599638000130653,1.0134130716323853,
156891,0.01725899986922741,0.010069537907838821,1.0065604448318481,
156991,0.01706595905125141,0.0399174839258194,1.007925271987915,
157091,0.005636545829474926,0.05594522878527641,0.985747218132019,
157191,-0.00994858331978321,0.016352608799934387,1.0065841674804688,
157291,0.015654517337679863,0.0515054315328598,0.9733024835586548,
157391,0.01691383123397827,0.0438971109688282,0.9821624159812927,
157491,2.498448156984523e-05,0.028597712516784668,0.9936259984970093,
157591,0.015959391370415688,0.04069085046648979,1.0236151218414307,
157691,0.002760872943326831,0.07615600526332855,0.9711692929267883,
157791,0.0006276901694945991,0.037379682064056396,0.9705396294593811,
157891,-0.008860188536345959,0.004362625069916248,1.0063589811325073,
157991,0.0034999349154531956,0.015556700527668,1.0020326375961304,
158091,0.025743922218680382,0.07470075786113739,0.9582136869430542,
158191,-0.002446031430736184,0.028903745114803314,0.9937711954116821,
158291,-0.018733877688646317,0.08763754367828369,1.031708836555481,
158391,-0.0027400378603488207,0.039439525455236435,0.9918530583381653,
158491,-0.017035923898220062,-0.016676627099514008,1.0303187370300293,
158591,-0.018872994929552078,0.04395124688744545,0.9855318665504456,
158691,0.0016119161155074835,0.03039436601102352,0.9706116318702698,
158791,-0.016703542321920395,0.010662604123353958,0.9908403754234314,
158891,0.014756757766008377,0.04897257313132286,0.9951313138008118,
158991,0.005699605215340853,0.01682790368795395,0.9808855056762695,
159091,-0.04031863063573837,0.01401782687753439,1.0290453433990479,
159291,0.028561754152178764,0.03746744617819786,0.9882910251617432,
159391,-0.007036036346107721,0.023414485156536102,0.9683674573898315,
159491,0.024466492235660553,0.03304316848516464,0.9945618510246277,
159591,-0.03484984487295151,-0.04557698965072632,1.0314404964447021,
159691,0.02003421075642109,0.03232283890247345,0.9963504076004028,
159791,-0.0014721049228683114,0.02164454199373722,0.9949317574501038,
159891,-0.02521166205406189,0.019380195066332817,0.9996989965438843,
159991,-0.01824977435171604,-0.020132603123784065,0.991762101650238,
160091,-0.0165396761149168,0.0045596035197377205,1.003526210784912,
160191,0.0257399994879961,0.025875169783830643,0.9502321481704712,
160791,-0.0385892316699028,-0.0027275150641798973,1.0329203605651855,
160891,-0.00461189541965723,0.015914050862193108,1.00879967212677,
160991,-0.006963788066059351,0.021678389981389046,1.0175188779830933,
161091,-0.008143994025886059,0.0101484265178442,1.062103033065796,
161191,0.017849532887339592,0.09003647416830063,0.9475110173225403,
161291,0.02330566570162773,0.038011904805898666,0.9693817496299744,
161391,-0.00401464244350791,0.03238233923912048,1.0113877058029175,
161491,0.014708363451063633,0.02956329844892025,0.9820231199264526,
161591,0.015564094297587872,0.05795564875006676,0.9870306849479675,
161691,0.007196469232439995,0.06090312823653221,0.9862197637557983,
161791,0.009809580631554127,0.04751833900809288,0.9696794152259827,
161891,0.0025975366588681936,0.01805894635617733,0.9877612590789795,
161991,-0.008211865089833736,0.0498838908970356,1.0027656555175781,
162091,0.013530151918530464,0.024090737104415894,0.9654354453086853,
162191,0.004085162188857794,0.02474943920969963,0.9612021446228027,
162291,0.035280510783195496,0.08355992287397385,0.9498741030693054,
162391,-0.006547150667756796,0.007082700729370117,1.006220817565918,
162491,0.02054893597960472,0.010373922996222973,0.995358407497406,
162591,0.017720777541399002,0.005856799893081188,0.9873578548431396,
162691,-0.05014747753739357,-0.01788904331624508,1.0285942554473877,
162791,-0.009920641779899597,0.008901732973754406,0.9704359769821167,
162891,0.006025968585163355,0.008364428766071796,0.9970420598983765,
162991,0.013166980817914009,0.029887814074754715,0.9898480772972107,
163091,0.011643324978649616,0.04543319717049599,0.9975318312644958,
163191,0.007289344444870949,0.021386487409472466,1.0322163105010986,
163291,-0.011341853067278862,0.045042213052511215,1.0167866945266724,
163391,0.018050383776426315,0.046851567924022675,0.9972352385520935,
163491,0.009838989935815334,0.03560665249824524,1.0106520652770996,
163591,-0.018605787307024002,0.006465380545705557,1.0068933963775635,
163691,0.0002413580659776926,0.018215203657746315,1.0097262859344482,
163791,0.02137758582830429,0.03934242203831673,0.9798061847686768,
163891,-0.005837614648044109,0.029036076739430428,1.0193731784820557,
163991,0.004227353259921074,0.014005284756422043,0.9774115681648254,
164091,0.008849909529089928,0.042484767735004425,0.9741328954696655,
164191,0.03212534263730049,0.06294655054807663,0.9545377492904663,
164291,0.0055325888097286224,0.01909579522907734,0.9973751306533813,
164391,0.016841061413288116,0.019793691113591194,0.9959755539894104,
164491,0.0068101827055215836,0.024435630068182945,0.9998289942741394,
164591,0.004620793275535107,0.01529633067548275,0.9844019412994385,
164691,0.0019362196326255798,0.06462276726961136,0.9690955877304077,
164791,-0.005467540584504604,0.023996936157345772,0.9737737774848938,
164891,-0.001362719340249896,-0.0169244222342968,1.0007659196853638,
164991,-0.027405882254242897,-0.009904986247420311,1.0143989324569702,
165091,-0.0015963218174874783,0.010535878129303455,1.0076954364776611,
165191,0.004556318745017052,0.019911708310246468,0.9843724966049194,
165291,-0.009693746455013752,0.0042016333900392056,1.0083742141723633,
165391,0.005865867715328932,0.02418040670454502,0.9906624555587769,
165491,0.022719210013747215,0.02925974875688553,0.9638025760650635,
165591,0.004738353192806244,0.024141376838088036,1.0214682817459106,
165691,0.03150911256670952,0.1018485501408577,0.9949360489845276,
165791,0.012865416705608368,0.023793289437890053,0.9838774800300598,
165891,0.006432231515645981,0.03305341675877571,1.013887643814087,
165991,-0.0056951772421598434,0.027442658320069313,0.992251992225647,
166091,-0.004255818203091621,-0.026367144659161568,1.0115503072738647,
166191,0.0012577128363773227,0.016082070767879486,1.0178248882293701,
166291,0.024171005934476852,0.03039904125034809,0.9681535959243774,
166391,0.002655621850863099,0.023288197815418243,0.9630064964294434,
166491,-0.014779034070670605,-0.02045288123190403,1.0044869184494019,
166591,0.023052282631397247,0.027912190183997154,1.0129923820495605,
166691,-0.01137077622115612,-0.012179716490209103,1.0524747371673584,
166791,0.029987022280693054,0.03882945701479912,0.9737023711204529,
166891,-0.014505553059279919,0.015844853594899178,0.9589470624923706,
166991,0.007664674427360296,0.07526501268148422,0.960467517375946,
167091,0.0004028859257232398,0.01602497510612011,1.0011459589004517,
167191,0.02342093363404274,0.04767395928502083,0.9846929311752319,
167291,-0.00894402340054512,0.03190538287162781,0.9792051911354065,
167391,0.002137904055416584,0.03460906073451042,0.9678966403007507,
167491,0.0035498500801622868,0.019389277324080467,0.9916972517967224,
167591,0.017799735069274902,0.03727154806256294,1.0319857597351074,
167691,-0.023920513689517975,0.002826804993674159,1.0338101387023926,
167791,0.009045692160725594,0.027434783056378365,0.9517819881439209,
167891,0.01785661093890667,0.029243970289826393,0.9831086993217468,
167991,0.025844184681773186,0.0049463254399597645,0.9606257081031799,
168091,0.005229322239756584,0.02393457107245922,1.0016751289367676,
168191,-0.009952908381819725,0.03463318198919296,1.0307408571243286,
168291,0.010223452001810074,0.008200317621231079,0.9961690902709961,
168391,0.001431361772119999,0.09777331352233887,0.9889350533485413,
168491,0.011644016019999981,0.02267654612660408,0.9991806745529175,
168591,-0.0019526004325598478,0.012892884202301502,1.0040512084960938,
168691,0.01754067838191986,0.04732893034815788,0.9898812174797058,
168791,0.01354456041008234,0.05207304656505585,0.977227509021759,
168891,0.013910518027842045,-9.68142703641206e-05,0.997763991355896,
168991,-0.027633948251605034,0.046129025518894196,1.0095539093017578,
169091,-0.009164687246084213,0.023874789476394653,0.9756672382354736,
169191,-0.011860591359436512,-0.01254353392869234,1.0039424896240234,
169291,0.038082633167505264,0.06320701539516449,0.95926833152771,
169391,-0.0006303801783360541,0.008742953650653362,1.00336492061615,
169491,0.022666756063699722,0.046176765114068985,0.9299447536468506,
169591,-0.022260479629039764,-0.00853693950921297,1.0675092935562134,
169691,-0.004866302944719791,0.03659530729055405,1.0046969652175903,
169791,0.023229312151670456,0.060439687222242355,1.0161902904510498,
169891,-0.007725002244114876,0.005774613469839096,1.024202823638916,
169991,0.0038650010246783495,0.04230210557579994,0.9901858568191528,
170091,0.01830853335559368,0.07326235622167587,0.9548789262771606,
170191,-0.004943403415381908,0.03501944988965988,0.986058235168457,
170291,0.011509076692163944,0.034230951219797134,0.9922043085098267,
170391,-0.00782157201319933,0.0035730074159801006,0.9803006052970886,
170491,0.002351926639676094,-0.0035620571579784155,0.9724922180175781,
170591,0.013079329393804073,0.07653208076953888,0.9505230188369751,
170691,0.012209384702146053,0.02914750948548317,0.9720541834831238,
170791,-0.012971383519470692,-0.0007033488946035504,1.0211642980575562,
170891,0.033784668892621994,0.04435766115784645,0.9590948820114136,
170991,-0.0025145276449620724,-0.006871787831187248,0.9933611154556274,
171091,0.02608245611190796,0.0016037363093346357,1.045270323753357,
171191,0.009158361703157425,0.016245828941464424,0.9787240028381348,
171291,0.016120314598083496,0.030069194734096527,0.9959478378295898,
171391,-0.02650248073041439,0.0225074365735054,0.9972751140594482,
171491,-0.012039262801408768,0.02429654821753502,0.9902936220169067,
171591,0.0074359639547765255,0.03800935670733452,1.0039687156677246,
171691,-0.009145849384367466,0.0077475253492593765,1.0145409107208252,
171791,-0.0111524173989892,0.014625109732151031,0.9633413553237915,
171891,-0.019080178812146187,0.006202544551342726,1.0343983173370361,
171991,0.048126205801963806,0.08473387360572815,0.9954453110694885,
172091,0.008130102418363094,0.033526211977005005,0.9830381274223328,
172191,-0.007857602089643478,0.05053133890032768,0.9947546124458313,
172291,0.039080679416656494,0.06009651720523834,0.9684634208679199,
172391,0.008272591978311539,0.049232371151447296,1.0003446340560913,
172491,-0.006543983239680529,0.049949973821640015,0.9841815829277039,
172591,-0.01565827988088131,-0.01273300126194954,1.0157086849212646,
172691,0.04350792616605759,0.03161877021193504,1.006317377090454,
172791,0.0019095474854111671,0.038296375423669815,0.9801316857337952,
172891,0.0017338970210403204,-0.006266109179705381,0.9911327958106995,
172991,-0.032305292785167694,-0.03174353018403053,1.0352349281311035,
173091,0.010254784487187862,-0.002563424641266465,1.0174859762191772,
173191,0.022449946030974388,0.04260525479912758,0.9612328410148621,
173291,-0.00205128057859838,0.010163200087845325,1.047637939453125,
173391,-0.0029176317621022463,0.011562643572688103,1.003870964050293,
173491,-0.0020475354976952076,0.06436314433813095,1.0053083896636963,
173591,0.006660146173089743,0.046016838401556015,0.9992585182189941,
173691,0.028092339634895325,-0.008637277409434319,1.0156923532485962,
173791,0.015152751468122005,0.022733505815267563,0.9873324036598206,
173891,0.026518430560827255,0.01280871219933033,0.9946565628051758,
173991,-0.013633804395794868,0.025404203683137894,0.9990492463111877,
174091,0.009434699080884457,0.022768810391426086,0.985385000705719,
174191,0.005837415345013142,0.03560018539428711,0.9871283173561096,
174291,-0.0057174647226929665,0.005265883170068264,0.9819627404212952,
174391,-0.00034896680153906345,0.04131251201033592,1.0194451808929443,
174491,0.003439623396843672,0.047930650413036346,0.9818341732025146,
174591,0.01054675318300724,0.037021204829216,0.9647859930992126,
174691,0.009581634774804115,0.06797649711370468,0.958723247051239,
174791,-0.017927344888448715,0.06819655001163483,1.0209165811538696,
174891,-0.000642575731035322,0.021626148372888565,0.9761734008789062,
174991,0.017974603921175003,0.09804857522249222,0.9632030129432678,
175091,-0.0091453418135643,0.07057898491621017,0.9881736040115356,
175191,0.008200719952583313,0.02207252010703087,0.9909223914146423,
175291,0.0025891978293657303,0.02889489382505417,1.0020290613174438,
175391,0.003982153255492449,0.048496223986148834,0.9699876308441162,
175491,-0.009885265491902828,-0.0038358860183507204,1.0158754587173462,
175591,0.010917571373283863,-0.007561488542705774,1.0131194591522217,
175691,-0.03294865041971207,-0.009858205914497375,1.0132331848144531,
175791,0.019240643829107285,0.006406496744602919,1.0117433071136475,
175891,0.02132546715438366,0.031268078833818436,0.9703637361526489,
175991,-0.01714378595352173,0.006449046079069376,1.0449875593185425,
176091,0.03214435651898384,0.026703571900725365,0.976040244102478,
176191,0.011121935211122036,0.0558466836810112,0.9835606813430786,
176291,-0.017585571855306625,0.004677833989262581,1.0431675910949707,
176391,0.002046600915491581,0.08347276598215103,0.9859053492546082,
176491,-0.0015173288993537426,0.00018078503489959985,1.043076515197754,
176591,-0.005428427830338478,0.016359560191631317,1.0095759630203247,
176691,0.0039185830391943455,0.04858202487230301,0.9547242522239685,
176791,-0.029029767960309982,0.023218318819999695,0.9840539693832397,
176891,0.022015297785401344,0.02987639792263508,0.9768809080123901,
176991,-0.020515646785497665,0.002995055401697755,1.0565687417984009,
177091,-0.02240287885069847,0.015834765508770943,1.000475525856018,
177191,-0.0034186644479632378,0.050511233508586884,0.9737884402275085,
177291,-0.013607807457447052,0.003980967681854963,1.021860122680664,
177391,0.018144870176911354,0.011198821477591991,0.9879922866821289,
177491,-0.0022298539988696575,0.016633974388241768,1.0281436443328857,
177591,0.02161255106329918,0.025187155231833458,0.9985337257385254,
177691,-0.009141241200268269,0.008736065588891506,0.9752180576324463,
177791,0.021264629438519478,0.009801022708415985,0.9549251198768616,
177891,0.017118699848651886,0.029868334531784058,0.9439194798469543,
177991,-0.006130150984972715,0.05126979574561119,0.9355584383010864,
178091,0.007371417246758938,0.034350644797086716,1.0180637836456299,
178191,0.00588228739798069,0.022456403821706772,1.0235334634780884,
178291,0.004526347387582064,0.018331801518797874,0.981937825679779,
178391,0.030827414244413376,0.0756138414144516,0.9864343404769897,
178491,-0.0210715439170599,-0.00977076031267643,1.0159682035446167,
178591,0.00925492588430643,0.013333641923964024,0.9834703803062439,
178691,0.011391869746148586,0.04013039916753769,0.9954919219017029,
178791,0.010212658904492855,0.02471412532031536,1.0073989629745483,
178891,0.023339705541729927,0.04753076285123825,1.047756552696228,
178991,0.0026913322508335114,0.007794090546667576,0.9865590929985046,
179091,-0.001259628334082663,0.04737972468137741,0.9879021644592285,
179191,-0.029768414795398712,-0.0349113903939724,1.0554258823394775,
179291,-0.01348203606903553,0.0597219280898571,1.0279489755630493,
179391,-0.006250206846743822,0.020854786038398743,0.9550031423568726,
179491,0.005477681756019592,0.035708650946617126,0.9965165257453918,
179591,-0.001034890883602202,0.09834656119346619,0.9798415899276733,
179691,-0.009235412813723087,0.003803706495091319,1.0283329486846924,
179791,0.0342581570148468,0.07559823244810104,0.9929704666137695,
179891,-0.008301627822220325,-0.011442639864981174,1.0104666948318481,
179991,-0.005935980007052422,0.01067313365638256,0.9930002093315125,
180091,-0.0013654171489179134,0.02008582465350628,0.9858494400978088,
180191,-0.008034761063754559,0.03442607820034027,1.0057494640350342,
180291,0.006986554712057114,0.05022876709699631,1.0187934637069702,
180391,-0.007628657855093479,0.005729319527745247,1.0220208168029785,
180491,0.002550076926127076,-0.01422135904431343,1.005214810371399,
180591,-0.0051810843870043755,0.03920084238052368,1.007983684539795,
180691,0.026462286710739136,0.023606572300195694,0.9841089844703674,
180791,-0.004866651725023985,0.007616551127284765,1.0158185958862305,
180891,-0.004045322071760893,-0.018376491963863373,1.0011334419250488,
180991,0.0196345467120409,0.022591684013605118,0.989143431186676,
181091,0.002425901126116514,0.026116732507944107,0.966576874256134,
181191,0.0022010367829352617,0.03294498473405838,0.9830005764961243,
181291,0.03108127973973751,0.019629357382655144,1.0095821619033813,
181391,-0.004193400032818317,0.02753058262169361,1.0084198713302612,
181491,-0.0046734195202589035,0.005246755201369524,1.0134708881378174,
181591,0.004523689392954111,0.017446959391236305,1.0201307535171509,
181691,-0.019833935424685478,0.03635568171739578,1.044888973236084,
181791,-0.009643644094467163,0.007636526599526405,1.0083898305892944,
181891,0.005819370504468679,0.015063500963151455,0.9693794846534729,
181991,0.011117878369987011,0.028313230723142624,0.969138503074646,
182091,0.010803768411278725,0.007683898322284222,0.9980688691139221,
182191,-0.014887222088873386,-0.026203814893960953,1.005787968635559,
182291,0.01801624894142151,0.07199419289827347,0.9504051804542542,
182391,0.030075928196310997,0.024231750518083572,0.9521146416664124,
182491,0.001451247138902545,0.04511889070272446,0.9817920923233032,
182591,-0.0033917168620973825,0.032560233026742935,1.0011705160140991,
182691,0.008469692431390285,0.044617410749197006,0.9875175952911377,
182791,0.029075758531689644,0.0644524022936821,0.984633207321167,
182891,0.0022290011402219534,0.03205271437764168,1.0269464254379272,
182991,-0.0031053791753947735,0.00817786157131195,1.0053476095199585,
183091,-0.01710871234536171,-0.013655929826200008,1.0128871202468872,
183191,0.014251629821956158,0.034027472138404846,0.9820513129234314,
183291,-0.007726931944489479,0.021855037659406662,1.0129204988479614,
183391,-0.004552630241960287,0.028954386711120605,1.003114938735962,
183491,0.017634764313697815,0.0737580955028534,0.9827808737754822,
183591,-0.00136730563826859,0.04469660297036171,0.9798600077629089,
183691,0.009958446025848389,0.07770686596632004,0.9637013673782349,
183791,-0.007048357278108597,0.008051274344325066,1.018007516860962,
183891,-0.03014427423477173,0.004423863720148802,0.9948903322219849,
183991,0.016151484102010727,0.014550168998539448,0.9760672450065613,
184091,-0.017996467649936676,0.05246146395802498,1.0347859859466553,
184191,0.006268717348575592,0.05060747638344765,0.9555660486221313,
184291,0.042490314692258835,0.06855005025863647,0.9601048231124878,
184391,-0.009584949351847172,-0.006722492631524801,1.0113639831542969,
184491,0.026515670120716095,0.028631916269659996,1.0102967023849487,
184591,-0.0014565130695700645,0.04338822886347771,0.982164204120636,
184691,0.021053148433566093,0.03102116473019123,1.0459182262420654,
184791,0.013762641698122025,0.018510187044739723,0.9772841334342957,
184891,0.03357088193297386,0.0685710534453392,0.9805597066879272,
184991,0.03118581511080265,0.01951192505657673,0.9965091943740845,
185091,-0.01219334825873375,-0.020313840359449387,1.0424351692199707,
185191,0.0018350390018895268,-0.011637846939265728,1.0063800811767578,
185291,-0.003691993188112974,0.021744845435023308,1.0334855318069458,
185391,0.006265856791287661,0.05426647514104843,0.9816086292266846,
185491,0.006685967557132244,-0.008277765475213528,1.024981141090393,
185591,-0.00016589666483923793,0.04205745458602905,0.9899428486824036,
185691,0.03454034402966499,0.027988579124212265,0.9799330234527588,
185791,-0.005809702444821596,0.02537444233894348,1.01455557346344,
185891,-0.01013112161308527,0.02687389962375164,1.0121783018112183,
185991,-0.002122323727235198,0.0383075587451458,0.9944974184036255,
186091,-0.003533083014190197,0.016865592449903488,1.0273607969284058,
186191,0.002189834602177143,0.07596885412931442,0.931726336479187,
186291,-0.00026468856958672404,0.061434533447027206,0.9725599884986877,
186391,-0.0018122533801943064,0.031143827363848686,1.0238808393478394,
186491,0.006357584614306688,0.018525611609220505,1.0187418460845947,
186591,0.01605035737156868,0.05407986044883728,1.0560251474380493,
186691,-0.002699809381738305,0.020586112514138222,1.0077929496765137,
186791,0.00804061908274889,0.03856236860156059,0.9943022131919861,
186891,0.02431434579193592,0.050777796655893326,0.9804244041442871,
186991,0.01560852862894535,0.03821359947323799,1.0006588697433472,
187091,-0.008309224620461464,0.02379428595304489,1.0161628723144531,
187191,-0.004708238877356052,-0.00922064296901226,0.9994968175888062,
187291,-0.012704528868198395,0.013792323879897594,1.0059242248535156,
187391,0.01502241287380457,0.03805937245488167,0.9818711280822754,
187491,0.015529120340943336,0.02089253067970276,0.969412088394165,
187591,0.0035207292530685663,-0.0038368229288607836,1.0329395532608032,
187691,0.021535253152251244,0.04293002560734749,1.0148025751113892,
187791,0.041489019989967346,0.043583083897829056,0.9705532789230347,
187891,0.002013165969401598,0.018914060667157173,1.013303518295288,
187991,0.011631017550826073,0.015939125791192055,1.037771463394165,
188091,0.02752445638179779,0.036618735641241074,0.9902870655059814,
188291,-0.017363792285323143,0.014259249903261662,1.0027799606323242,
188491,0.014326635748147964,0.043111544102430344,1.0024421215057373,
188591,0.022015143185853958,0.0497867576777935,0.9707697033882141,
188691,0.004227462690323591,0.024954643100500107,1.0349059104919434,
188791,-0.015813790261745453,0.01570904441177845,1.0121082067489624,
188891,0.03539574518799782,0.051538288593292236,0.9534424543380737,
188991,0.01720784418284893,0.02794075384736061,0.9960941076278687,
189091,-0.0012446466134861112,0.07335676997900009,0.964857816696167,
189191,0.0004828585952054709,0.02489231340587139,1.0179475545883179,
189391,0.005412181839346886,0.05079406499862671,1.0061289072036743,
189491,0.013691119849681854,0.04458135738968849,0.9897288084030151,
189591,-0.021707585081458092,0.03221440687775612,1.006051778793335,
189791,-0.021788695827126503,-0.01471247710287571,1.0424703359603882,
189891,0.005171045660972595,0.034993335604667664,1.0046396255493164,
189991,-0.014580638147890568,0.03436564281582832,1.0054945945739746,
190091,-0.028218576684594154,-0.008605257607996464,1.0190201997756958,
190191,-0.002691666129976511,-0.016332698985934258,1.0312163829803467,
190291,-0.002438096096739173,0.03319067135453224,1.010002851486206,
190391,0.0034446059726178646,0.01620662212371826,1.0187784433364868,
190491,0.003513918025419116,0.028261953964829445,1.0215128660202026,
190591,-0.002775368979200721,0.015823382884263992,1.046815037727356,
190691,0.028943803161382675,0.008242596872150898,0.9887530207633972,
190791,0.006402785424143076,0.04168105497956276,0.9991978406906128,
190891,0.01708451472222805,0.059982750564813614,0.98678058385849,
190991,0.017716703936457634,0.08554723113775253,0.9977084398269653,
191091,0.009446397423744202,0.03414370119571686,0.9544065594673157,
191191,-0.0069489795714616776,0.04245294630527496,0.9891633987426758,
191391,0.025326436385512352,-0.007271942216902971,1.0144891738891602,
191491,-0.006799350026994944,0.05631928890943527,0.9729682803153992,
191591,0.02022671326994896,0.05808180570602417,0.9620344638824463,
191691,0.015578833408653736,0.0318070612847805,0.9999223947525024,
191791,0.01831331104040146,0.00671348487958312,1.0194165706634521,
191891,0.022961145266890526,0.016749298200011253,0.9881075024604797,
191991,-0.014679083600640297,0.03782745078206062,1.0043398141860962,
192091,0.008085682056844234,0.12309598177671432,0.9239718317985535,
192191,0.019215373322367668,0.056778326630592346,0.9820987582206726,
192291,0.0034023181069642305,0.05801927670836449,1.0201748609542847,
192391,-0.00397098483517766,0.02153722383081913,0.9817829132080078,
192491,-0.013214478269219398,0.03495795652270317,0.9842245578765869,
192591,0.004336799960583448,0.029551953077316284,1.0056781768798828,
192691,-0.00027996874996460974,0.0017390291905030608,0.9867478609085083,
192791,0.013476281426846981,0.05445840582251549,0.987827479839325,
192891,0.01009994838386774,0.0074513619765639305,0.9731694459915161,
192991,-0.008985703811049461,0.006624509580433369,0.9880703687667847,
193091,0.015359773300588131,0.03005673736333847,0.9815316796302795,
193191,-0.00458627101033926,0.06798188388347626,0.9486172795295715,
193291,0.00015166545927058905,0.02803706005215645,1.0008461475372314,
193391,-0.0006845431635156274,0.030945276841521263,1.0509204864501953,
193491,-0.027042385190725327,0.030357610434293747,1.0149593353271484,
193591,0.03545379266142845,0.03207514435052872,1.0446101427078247,
193691,0.01387191005051136,0.01651041768491268,1.008731484413147,
193791,-0.017413487657904625,0.03134124353528023,1.040959119796753,
193891,-0.012113657779991627,-0.012075867503881454,1.03882896900177,
193991,0.035426173359155655,0.015896044671535492,0.9834922552108765,
194091,0.02090807445347309,0.023690516129136086,0.9920790195465088,
194191,-0.005228226538747549,0.06427232176065445,0.9700194001197815,
194291,0.016953598707914352,0.03818130865693092,0.9635444283485413,
194391,0.019519617781043053,0.08536573499441147,0.9643721580505371,
194491,0.01898099109530449,0.010148918256163597,0.9951909184455872,
194591,-0.0034956687595695257,0.013504941947758198,1.0078325271606445,
194691,0.0008293850696645677,0.0501442514359951,1.0091218948364258,
194791,-0.003910121973603964,0.043466027826070786,0.9816088676452637,
194891,-0.01760016940534115,-0.003056572750210762,1.007922887802124,
194991,-0.017403097823262215,0.02007748931646347,1.0103819370269775,
195091,0.012241637334227562,0.017661090940237045,1.013806939125061,
195191,0.034526675939559937,0.04030171409249306,0.9856751561164856,
195291,-0.007148005999624729,0.02175588347017765,0.9930381774902344,
195491,0.0017308364622294903,-0.007708611432462931,0.9856864213943481,
195991,-0.017052635550498962,-0.04424561560153961,1.045426368713379,
196091,0.020123973488807678,0.028010960668325424,1.005961537361145,
196191,-0.014257160015404224,0.005960631649941206,1.035320520401001,
196291,0.01271629799157381,0.04674827307462692,0.9789270758628845,
196391,-0.014369133859872818,0.0322737842798233,1.0106050968170166,
196491,0.0056820278987288475,0.04983772709965706,0.9870998859405518,
196591,0.001493185991421342,0.01696111634373665,1.008191704750061,
196691,-0.015129114501178265,-0.026162192225456238,1.0266865491867065,
196791,-0.012034249491989613,0.07501152157783508,0.9584504961967468,
196891,-0.01576891727745533,-0.004842871800065041,1.0198054313659668,
196991,0.013232391327619553,0.05655014142394066,0.9892843961715698,
197091,0.01584467664361,0.008307507261633873,0.9827916026115417,
197491,0.007219828199595213,-0.006666926667094231,0.9600918889045715,
197591,0.011102470569312572,0.007992658764123917,0.9937694072723389,
197691,0.0063178627751767635,0.017559057101607323,1.0287694931030273,
197791,0.025579147040843964,0.01363474689424038,0.9981266260147095,
197891,-0.014763839542865753,-0.0020393759477883577,1.0139626264572144,
197991,-0.010127691552042961,0.03318627178668976,0.985532820224762,
198091,-0.028414485976099968,0.05278104171156883,1.008009910583496,
198191,0.006998922675848007,0.05563882738351822,1.0056002140045166,
198291,-0.0074042268097400665,0.032041702419519424,0.989071786403656,
198391,-0.009893115609884262,0.0017773672007024288,1.0087567567825317,
198491,-0.0030276477336883545,0.01469476893544197,0.9988034963607788,
198591,0.003314626170322299,0.050782687962055206,1.0478724241256714,
198691,-0.014623692259192467,0.014456911943852901,1.0088573694229126,
198791,-0.007391121704131365,0.010280454531311989,0.9997588396072388,
198891,0.026236429810523987,0.050434499979019165,0.9857631325721741,
198991,0.0029924395494163036,0.04522206261754036,1.0075452327728271,
199091,-0.0030684927478432655,0.005381351802498102,1.0238803625106812,
199191,-0.022939641028642654,-0.04705871641635895,1.0412999391555786,
199291,0.017358478158712387,0.040064793080091476,0.9745952486991882,
199391,0.014665904454886913,0.016841132193803787,0.9563117027282715,
199491,-0.0014099825639277697,0.02996804565191269,1.0020647048950195,
199591,-0.003011299530044198,0.0077970861457288265,0.9967969655990601,
199691,0.021631605923175812,0.015034714713692665,1.0220942497253418,
199791,-0.017374418675899506,-0.02215839922428131,1.0129338502883911,
199891,0.027280956506729126,0.044002924114465714,0.9671789407730103,
199991,-0.015029986388981342,0.008390508592128754,1.0507547855377197,
200091,-0.010784069076180458,0.05422833561897278,1.0077385902404785,
200191,-0.002001080894842744,0.0006200281204655766,1.0175930261611938,
200291,-0.014103996567428112,-0.04448164626955986,1.0073449611663818,
200391,-0.013137327507138252,0.04179004579782486,0.9720206260681152,
200691,0.03778218477964401,0.016356250271201134,1.015626311302185,
200791,-0.0005782551597803831,0.023447515442967415,0.9901305437088013,
200891,-0.006540806498378515,0.012020925059914589,1.039580225944519,
200991,0.07079382985830307,0.04058713838458061,0.9442352652549744,
201091,0.002413533627986908,0.028410503640770912,1.0394115447998047,
201191,-0.013360919430851936,0.007269819267094135,0.9727258086204529,
201291,0.01501072570681572,0.023678822442889214,0.9757714867591858,
201391,0.013833784498274326,0.08910366147756577,0.9821288585662842,
201491,-0.019594362005591393,-0.04023575782775879,1.033048152923584,
201591,-0.01748979650437832,0.010822483338415623,1.0011839866638184,
201691,-0.004479873925447464,0.020766964182257652,1.0396901369094849,
201991,0.001259063370525837,0.009887502528727055,1.0016998052597046,
202091,0.014489610679447651,0.02568841353058815,0.9808810353279114,
202191,-0.0005213309777900577,0.006406804081052542,0.9959810972213745,
202291,0.004261020105332136,0.012184031307697296,0.9899472594261169,
202391,0.008498972281813622,0.05882802978157997,0.9833923578262329,
202491,0.011743753217160702,0.010193230584263802,1.0146876573562622,
202591,-0.03082405962049961,-0.01026126742362976,0.9914047718048096,
202691,-0.0021513490937650204,0.031159622594714165,0.9782804846763611,
203391,-0.019023410975933075,0.023615989834070206,1.0159438848495483,
203491,-0.018437515944242477,0.022108448669314384,1.05745267868042,
203591,0.003237796714529395,0.02891961671411991,0.9909384846687317,
203691,-0.012825948186218739,-0.008226295933127403,1.008531093597412,
203791,0.007695990148931742,0.030785709619522095,1.018052577972412,
203891,0.008491442538797855,0.052799344062805176,0.9832058548927307,
203991,-0.008415605872869492,0.0310163963586092,0.9812791347503662,
204091,-0.021858900785446167,0.03386940062046051,1.000411033630371,
204191,-0.0026646144688129425,0.035275693982839584,0.9659873843193054,
204291,-0.0002974462986458093,0.02813829854130745,1.0644210577011108,
204391,0.0374755933880806,0.04298659786581993,0.9896486401557922,
204791,-0.0005641455645672977,0.018961193040013313,1.025185227394104,
204891,0.01674938015639782,0.03703438118100166,1.0028122663497925,
204991,-0.011883190833032131,0.018718983978033066,1.0007929801940918,
205091,-0.0032701436430215836,0.019161013886332512,1.0075836181640625,
205191,-0.008300983346998692,0.014775561168789864,1.0188363790512085,
